user_id,start_date,start_time,end_date,end_time,duration_min,distance_km,idle_time_min,start_lat,start_lon,end_lat,end_lon,avg_speed_kmh,avg_moving_speed_kmh,max_speed_kmh
579236,2023-12-10,11:06:51,2023-12-10,11:31:01,24.17,15.57,0.35,,,-1.257490,36.803090,38.65,39.22,59.0
579236,2023-12-10,12:11:25,2023-12-10,12:16:54,5.48,2.21,0.1,-1.257490,36.803090,-1.258252,36.818900,24.2,24.65,44.0
579236,2023-12-10,12:45:26,2023-12-10,12:50:34,5.13,2.52,0.47,-1.258252,36.818900,-1.264077,36.804105,29.47,32.45,53.0
579236,2023-12-10,12:53:10,2023-12-10,13:02:45,9.58,4.87,0.73,-1.264077,36.804105,-1.287638,36.777732,30.5,33.02,53.0
579236,2023-12-10,13:03:31,2023-12-10,13:05:09,1.63,0.37,0.33,-1.287638,36.777732,-1.288698,36.774793,13.62,17.08,21.0
579236,2023-12-10,13:11:22,2023-12-10,13:12:59,1.62,0.4,0.42,-1.288698,36.774793,-1.287623,36.777643,14.81,20.0,32.0
579236,2023-12-10,13:13:24,2023-12-10,13:23:48,10.4,5.42,0.17,-1.287623,36.777643,-1.258703,36.804875,31.27,31.79,51.0
579236,2023-12-10,13:23:49,2023-12-10,13:27:29,3.67,1.56,0.45,-1.258703,36.804875,-1.254752,36.816595,25.5,29.07,49.0
579236,2023-12-10,13:31:14,2023-12-10,13:33:07,1.88,0.45,0.4,-1.254752,36.816595,-1.256988,36.817658,14.36,18.24,25.0
579236,2023-12-10,13:35:45,2023-12-10,13:37:13,1.47,0.39,0.0,-1.256988,36.817658,-1.259557,36.818040,15.92,15.92,24.0
579236,2023-12-10,13:37:31,2023-12-10,13:39:45,2.23,0.62,0.42,-1.259557,36.818040,-1.264252,36.815175,16.68,20.55,25.0
579236,2023-12-10,13:45:07,2023-12-10,13:49:09,4.03,1.27,0.25,-1.264252,36.815175,-1.263637,36.805237,18.91,20.16,33.0
579236,2023-12-10,13:55:31,2023-12-10,13:59:17,3.77,1.2,0.32,-1.263637,36.805237,-1.259547,36.813012,19.1,20.87,29.0
579236,2023-12-10,14:08:09,2023-12-10,14:13:33,5.4,2.02,0.15,-1.259547,36.813012,-1.257553,36.802897,22.44,23.09,55.0
579236,2023-12-10,14:48:56,2023-12-10,14:51:20,2.4,0.7,0.38,-1.257553,36.802897,-1.257888,36.799440,17.5,20.79,37.0
579236,2023-12-10,14:56:18,2023-12-10,15:00:22,4.07,1.55,0.23,-1.257888,36.799440,-1.263113,36.809343,22.85,24.22,38.0
579236,2023-12-10,15:05:07,2023-12-10,15:08:14,3.12,1.28,0.0,-1.263113,36.809343,-1.256125,36.811258,24.62,24.62,39.0
579236,2023-12-10,15:08:26,2023-12-10,15:21:17,12.85,7.31,0.3,-1.256125,36.811258,-1.230057,36.804112,34.13,34.95,54.0
579236,2023-12-10,15:26:18,2023-12-10,15:37:37,11.32,5.89,0.42,-1.230057,36.804112,-1.257448,36.802867,31.22,32.42,48.0
579236,2023-12-10,18:58:11,2023-12-10,19:02:12,4.02,1.89,0.45,-1.257448,36.802867,-1.253728,36.817400,28.21,31.76,54.0
579236,2023-12-10,19:09:50,2023-12-10,19:18:16,8.43,3.77,0.6,-1.253728,36.817400,-1.257415,36.818403,26.83,28.89,52.0
579236,2023-12-10,19:22:07,2023-12-10,19:27:08,5.02,1.77,0.45,-1.257415,36.818403,-1.270995,36.812280,21.16,23.24,38.0
579236,2023-12-10,19:52:24,2023-12-10,20:05:48,13.4,9.68,0.77,-1.270995,36.812280,-1.233190,36.879710,43.34,45.99,68.0
579236,2023-12-10,20:13:15,2023-12-10,20:22:36,9.35,6.67,0.78,-1.233190,36.879710,-1.266477,36.834765,42.8,46.7,67.0
579236,2023-12-10,20:22:37,2023-12-10,20:34:22,11.75,7.6,0.43,-1.266477,36.834765,-1.283553,36.791495,38.81,40.28,65.0
579236,2023-12-10,20:41:58,2023-12-10,20:49:45,7.78,4.32,0.33,-1.283553,36.791495,-1.268697,36.805678,33.32,34.79,57.0
579236,2023-12-10,20:49:46,2023-12-10,20:52:11,2.42,1.01,0.3,-1.268697,36.805678,-1.270987,36.812267,25.04,28.58,44.0
579236,2023-12-10,21:27:33,2023-12-10,21:36:33,9.0,4.81,0.0,-1.270987,36.812267,-1.288510,36.796335,32.07,32.07,53.0
579236,2023-12-10,21:43:06,2023-12-10,21:54:16,11.17,5.96,0.43,-1.288510,36.796335,-1.263040,36.809428,32.01,33.3,56.0
579236,2023-12-10,21:57:32,2023-12-10,22:00:27,2.92,0.91,0.25,-1.263040,36.809428,-1.263897,36.802488,18.7,20.45,35.0
579236,2023-12-10,22:08:55,2023-12-10,22:13:58,5.05,2.43,0.45,-1.263897,36.802488,-1.257220,36.818103,28.87,31.7,55.0
579236,2023-12-10,22:15:42,2023-12-10,22:18:27,2.75,0.99,0.0,-1.257220,36.818103,-1.262028,36.814958,21.6,21.6,41.0
579236,2023-12-10,22:26:19,2023-12-10,22:46:28,20.15,13.9,0.03,-1.261973,36.815328,,,41.39,41.45,76.0
579236,2023-12-11,11:23:56,2023-12-11,11:44:54,20.97,14.13,0.42,,,-1.281667,36.815242,40.43,41.26,71.0
579236,2023-12-11,11:44:55,2023-12-11,11:47:03,2.13,0.61,0.28,-1.281667,36.815242,-1.284942,36.818312,17.18,19.78,40.0
579236,2023-12-11,14:13:32,2023-12-11,14:15:10,1.63,0.51,0.0,-1.284942,36.818312,-1.281025,36.817370,18.77,18.77,28.0
579236,2023-12-11,14:15:14,2023-12-11,14:16:23,1.15,0.3,0.0,-1.281025,36.817370,-1.281933,36.814893,15.65,15.65,18.0
579236,2023-12-11,14:16:24,2023-12-11,14:20:26,4.03,2.53,0.17,-1.281933,36.814893,-1.264452,36.801645,37.67,39.33,57.0
579236,2023-12-11,14:20:33,2023-12-11,14:23:20,2.78,1.08,0.0,-1.264452,36.801645,-1.257540,36.802652,23.31,23.31,47.0
579236,2023-12-11,16:28:23,2023-12-11,16:31:15,2.87,0.94,0.17,-1.257458,36.802862,-1.264795,36.802060,19.65,20.89,34.0
579236,2023-12-11,16:31:23,2023-12-11,16:36:24,5.02,2.19,0.25,-1.264795,36.802060,-1.269012,36.789570,26.18,27.55,44.0
579236,2023-12-11,16:43:18,2023-12-11,16:49:56,6.63,3.0,0.35,-1.269012,36.789570,-1.278597,36.776622,27.15,28.66,42.0
579236,2023-12-11,16:51:47,2023-12-11,16:58:41,6.9,2.64,0.4,-1.278597,36.776622,-1.291068,36.775233,22.96,24.37,41.0
579236,2023-12-11,17:14:46,2023-12-11,17:25:49,11.05,5.24,0.72,-1.291068,36.775233,-1.269118,36.788967,28.45,30.44,41.0
579236,2023-12-11,17:30:48,2023-12-11,17:32:14,1.43,0.38,0.47,-1.269118,36.788967,-1.269555,36.792315,15.94,23.75,38.0
579236,2023-12-11,17:32:15,2023-12-11,17:37:47,5.53,2.31,0.27,-1.269555,36.792315,-1.274658,36.792737,25.06,26.35,45.0
579236,2023-12-11,17:38:09,2023-12-11,17:39:46,1.62,0.49,0.17,-1.274658,36.792737,-1.274095,36.788642,18.15,20.28,36.0
579236,2023-12-11,17:41:04,2023-12-11,17:44:38,3.57,1.44,0.33,-1.274272,36.788455,-1.282412,36.784717,24.2,26.67,35.0
579236,2023-12-11,17:51:17,2023-12-11,17:57:44,6.45,2.35,0.43,-1.282412,36.784717,-1.293475,36.795433,21.86,23.42,43.0
579236,2023-12-11,17:59:21,2023-12-11,18:05:15,5.9,2.84,0.47,-1.293475,36.795433,-1.312092,36.806372,28.88,31.38,55.0
579236,2023-12-11,18:06:38,2023-12-11,18:12:17,5.65,2.89,0.17,-1.312092,36.806372,-1.320905,36.824128,30.69,31.64,50.0
579236,2023-12-11,18:12:18,2023-12-11,18:17:23,5.08,1.38,0.33,-1.320905,36.824128,-1.327030,36.829403,16.3,17.43,28.0
579236,2023-12-11,18:25:37,2023-12-11,18:32:31,6.9,3.75,0.45,-1.327580,36.829553,-1.304650,36.826393,32.61,34.88,58.0
579236,2023-12-11,18:33:58,2023-12-11,18:35:00,1.03,0.26,0.0,-1.304650,36.826393,-1.302518,36.825528,15.15,15.15,18.0
579236,2023-12-11,19:06:14,2023-12-11,19:07:33,1.32,0.25,0.37,-1.302215,36.825382,-1.304205,36.826332,11.36,15.79,20.0
579236,2023-12-11,19:09:06,2023-12-11,19:12:31,3.42,1.25,0.17,-1.304205,36.826332,-1.294298,36.821255,21.93,23.08,55.0
579236,2023-12-11,19:12:32,2023-12-11,19:21:25,8.88,4.51,0.1,-1.294298,36.821255,-1.263155,36.809355,30.47,30.82,56.0
579236,2023-12-11,19:25:50,2023-12-11,19:27:27,1.62,0.34,0.48,-1.263155,36.809355,-1.263320,36.806377,12.59,17.89,26.0
579236,2023-12-11,19:27:46,2023-12-11,19:29:58,2.2,0.65,0.18,-1.263320,36.806377,-1.264720,36.802195,17.73,19.31,30.0
579236,2023-12-11,19:29:59,2023-12-11,19:37:39,7.67,3.93,0.62,-1.264720,36.802195,-1.273792,36.778472,30.74,33.45,47.0
579236,2023-12-11,19:42:43,2023-12-11,19:50:25,7.7,3.98,0.03,-1.273792,36.778472,-1.264092,36.801535,31.01,31.13,45.0
579236,2023-12-11,19:56:26,2023-12-11,20:16:01,19.58,10.19,0.43,-1.266470,36.804040,-1.222770,36.805625,31.23,31.93,56.0
579236,2023-12-11,20:22:06,2023-12-11,20:23:33,1.45,0.29,0.38,-1.222770,36.805625,-1.223078,36.805382,12.0,16.26,20.0
579236,2023-12-11,20:24:21,2023-12-11,20:25:26,1.08,0.19,0.3,-1.223078,36.805382,-1.222007,36.804092,10.56,14.62,17.0
579236,2023-12-11,20:26:13,2023-12-11,20:50:10,23.95,15.39,0.8,-1.222007,36.804092,-1.300142,36.781772,38.56,39.89,65.0
579236,2023-12-11,20:52:43,2023-12-11,21:02:43,10.0,5.95,0.38,-1.300142,36.781772,-1.267213,36.798600,35.7,37.11,60.0
579236,2023-12-11,21:07:13,2023-12-11,21:08:55,1.7,0.54,0.0,-1.267213,36.798600,-1.264093,36.801717,19.06,19.06,26.0
579236,2023-12-11,21:08:56,2023-12-11,21:11:29,2.55,1.01,0.33,-1.264093,36.801717,-1.257507,36.803030,23.76,27.3,48.0
579236,2023-12-11,21:53:20,2023-12-11,21:59:52,6.53,3.22,0.42,-1.257507,36.803030,-1.279133,36.792948,29.59,31.62,47.0
579236,2023-12-11,22:04:28,2023-12-11,22:08:37,4.15,1.89,0.4,-1.279133,36.792948,-1.271810,36.805260,27.33,30.24,48.0
579236,2023-12-11,22:08:41,2023-12-11,22:17:21,8.67,4.24,0.13,-1.271810,36.805260,-1.285557,36.826565,29.34,29.79,48.0
579236,2023-12-11,22:17:31,2023-12-11,22:20:49,3.3,0.88,0.27,-1.285557,36.826565,-1.288613,36.828905,16.0,17.43,26.0
579236,2023-12-11,22:20:50,2023-12-11,22:36:45,15.92,8.22,0.0,-1.288613,36.828905,-1.290680,36.891198,30.98,30.98,45.0
579236,2023-12-11,22:36:46,2023-12-11,22:38:05,1.32,0.35,0.0,-1.290680,36.891198,-1.287822,36.891075,15.91,15.91,17.0
579236,2023-12-11,22:38:30,2023-12-11,22:42:57,4.45,1.21,0.0,-1.287822,36.891075,,,16.31,16.31,19.0
579236,2023-12-12,11:00:36,2023-12-12,11:03:27,2.85,0.85,0.0,,,-1.276140,36.886580,17.89,17.89,30.0
579236,2023-12-12,11:03:28,2023-12-12,11:22:21,18.88,12.0,0.45,-1.276140,36.886580,-1.271248,36.814852,38.14,39.07,47.0
579236,2023-12-12,11:22:44,2023-12-12,11:26:16,3.53,1.43,0.17,-1.271248,36.814852,-1.263140,36.809243,24.31,25.54,37.0
579236,2023-12-12,11:35:28,2023-12-12,11:38:26,2.97,1.01,0.0,-1.263140,36.809243,-1.264908,36.802765,20.4,20.4,28.0
579236,2023-12-12,11:52:06,2023-12-12,11:54:43,2.62,1.01,0.45,-1.264840,36.802908,-1.257497,36.803028,23.13,27.93,47.0
579236,2023-12-12,12:19:33,2023-12-12,12:26:10,6.62,3.84,0.58,-1.257497,36.803028,-1.251912,36.771643,34.8,38.15,68.0
579236,2023-12-12,12:28:49,2023-12-12,12:33:37,4.8,2.42,0.38,-1.251912,36.771643,-1.253455,36.791232,30.25,32.85,53.0
579236,2023-12-12,12:42:28,2023-12-12,12:47:22,4.9,2.43,0.28,-1.253455,36.791232,-1.251932,36.771577,29.76,31.56,68.0
579236,2023-12-12,12:49:28,2023-12-12,12:56:35,7.12,3.8,0.0,-1.251932,36.771577,-1.257327,36.802542,32.02,32.02,49.0
579236,2023-12-12,13:36:33,2023-12-12,13:41:37,5.07,2.14,0.38,-1.257595,36.802778,-1.257523,36.818518,25.33,27.38,49.0
579236,2023-12-12,13:50:54,2023-12-12,13:55:33,4.65,1.8,0.07,-1.257523,36.818518,-1.255072,36.824477,23.23,23.58,37.0
579236,2023-12-12,13:55:34,2023-12-12,13:59:53,4.32,2.32,0.47,-1.255072,36.824477,-1.251977,36.829362,32.22,36.16,57.0
579236,2023-12-12,14:02:48,2023-12-12,14:04:03,1.25,0.35,0.0,-1.251977,36.829362,-1.254362,36.830425,16.8,16.8,40.0
579236,2023-12-12,14:06:50,2023-12-12,14:17:11,10.35,5.98,0.42,-1.254362,36.830425,-1.257502,36.802988,34.67,36.13,58.0
579236,2023-12-12,14:36:23,2023-12-12,14:38:35,2.2,0.75,0.47,-1.257502,36.802988,-1.256042,36.805007,20.45,26.01,48.0
579236,2023-12-12,14:39:03,2023-12-12,14:41:21,2.3,0.66,0.38,-1.256042,36.805007,-1.257440,36.802777,17.22,20.63,39.0
579236,2023-12-12,14:58:05,2023-12-12,14:59:18,1.22,0.21,0.47,-1.257440,36.802777,-1.258490,36.802047,10.33,16.8,34.0
579236,2023-12-12,14:59:20,2023-12-12,15:02:15,2.92,1.0,0.23,-1.258490,36.802047,-1.265663,36.800795,20.55,22.3,39.0
579236,2023-12-12,15:09:48,2023-12-12,15:12:21,2.55,1.22,0.45,-1.265663,36.800795,-1.264588,36.790482,28.71,34.86,52.0
579236,2023-12-12,15:15:35,2023-12-12,15:17:06,1.52,0.47,0.17,-1.264588,36.790482,-1.263210,36.793070,18.55,20.89,46.0
579236,2023-12-12,15:19:20,2023-12-12,15:27:24,8.07,4.85,0.22,-1.263210,36.793070,-1.264582,36.760715,36.06,37.07,56.0
579236,2023-12-12,15:28:24,2023-12-12,15:30:26,2.03,0.48,0.35,-1.264582,36.760715,-1.263973,36.756792,14.19,17.14,35.0
579236,2023-12-12,15:30:53,2023-12-12,15:38:13,7.33,4.3,0.37,-1.263973,36.756792,-1.245727,36.775697,35.2,37.07,64.0
579236,2023-12-12,15:40:46,2023-12-12,15:42:31,1.75,0.49,0.35,-1.245727,36.775697,-1.244175,36.778645,16.8,21.0,31.0
579236,2023-12-12,15:47:22,2023-12-12,15:52:55,5.55,2.8,0.35,-1.244175,36.778645,-1.254045,36.792010,30.27,32.31,48.0
579236,2023-12-12,15:57:43,2023-12-12,16:03:33,5.83,2.86,0.43,-1.254045,36.792010,-1.244198,36.778640,29.43,31.78,53.0
579236,2023-12-12,16:07:08,2023-12-12,16:14:35,7.45,4.09,0.4,-1.244198,36.778640,-1.257473,36.802780,32.94,34.81,51.0
579236,2023-12-12,17:15:47,2023-12-12,17:18:26,2.65,0.97,0.28,-1.257473,36.802780,-1.257415,36.809662,21.96,24.56,56.0
579236,2023-12-12,17:25:09,2023-12-12,17:26:51,1.7,0.52,0.0,-1.257415,36.809662,-1.255742,36.806950,18.35,18.35,36.0
579236,2023-12-12,17:28:41,2023-12-12,17:31:06,2.42,1.15,0.0,-1.255742,36.806950,-1.264772,36.802142,28.51,28.51,55.0
579236,2023-12-12,17:31:07,2023-12-12,17:35:07,4.0,2.21,0.32,-1.264772,36.802142,-1.268983,36.789685,33.15,36.03,47.0
579236,2023-12-12,17:53:43,2023-12-12,17:55:05,1.37,0.31,0.37,-1.268983,36.789685,-1.269545,36.792365,13.58,18.6,34.0
579236,2023-12-12,18:02:43,2023-12-12,18:09:02,6.32,3.31,0.2,-1.269617,36.792472,-1.283132,36.785945,31.42,32.45,46.0
579236,2023-12-12,18:09:43,2023-12-12,18:13:58,4.25,1.81,0.4,-1.283132,36.785945,-1.292135,36.791835,25.55,28.21,46.0
579236,2023-12-12,18:17:03,2023-12-12,18:18:37,1.57,0.38,0.33,-1.292135,36.791835,-1.289458,36.790340,14.52,18.39,30.0
579236,2023-12-12,18:20:07,2023-12-12,18:24:08,4.02,1.68,0.47,-1.289458,36.790340,-1.279903,36.790027,25.07,28.39,53.0
579236,2023-12-12,18:24:30,2023-12-12,18:27:14,2.73,1.32,0.3,-1.279903,36.790027,-1.274710,36.799798,29.01,32.59,47.0
579236,2023-12-12,18:28:37,2023-12-12,18:31:56,3.32,1.39,0.45,-1.274710,36.799798,-1.274825,36.788203,25.12,29.06,43.0
579236,2023-12-12,18:36:51,2023-12-12,18:44:50,7.98,3.73,0.0,-1.274825,36.788203,-1.257562,36.802943,28.05,28.05,44.0
579236,2023-12-12,19:38:16,2023-12-12,19:44:29,6.22,2.74,0.45,-1.257562,36.802943,-1.262635,36.824320,26.43,28.49,42.0
579236,2023-12-12,19:48:59,2023-12-12,20:02:30,13.52,6.74,0.77,-1.262635,36.824320,-1.273772,36.778457,29.91,31.72,45.0
579236,2023-12-12,20:05:41,2023-12-12,20:07:53,2.2,0.64,0.0,-1.273772,36.778457,-1.268743,36.780508,17.45,17.45,27.0
579236,2023-12-12,20:07:59,2023-12-12,20:10:55,2.93,0.76,0.5,-1.268743,36.780508,-1.268555,36.786810,15.56,18.77,19.0
579236,2023-12-12,20:11:07,2023-12-12,20:12:47,1.67,0.35,0.5,-1.268555,36.786810,-1.269182,36.789847,12.57,17.95,17.0
579236,2023-12-12,20:16:40,2023-12-12,20:19:13,2.55,0.96,0.33,-1.269182,36.789847,-1.270253,36.798275,22.59,25.95,34.0
579236,2023-12-12,20:22:06,2023-12-12,20:29:59,7.88,3.66,0.38,-1.270253,36.798275,-1.283588,36.791512,27.87,29.28,37.0
579236,2023-12-12,20:40:17,2023-12-12,20:53:33,13.27,6.24,0.23,-1.283638,36.791900,-1.263162,36.809293,28.21,28.71,39.0
579236,2023-12-12,20:59:58,2023-12-12,21:01:14,1.27,0.25,0.5,-1.263162,36.809293,-1.263602,36.807093,11.81,19.48,25.0
579236,2023-12-12,21:02:09,2023-12-12,21:05:37,3.47,1.16,0.3,-1.263602,36.807093,-1.257612,36.802935,20.06,21.96,36.0
579236,2023-12-12,21:45:11,2023-12-12,21:50:23,5.2,2.45,0.35,-1.257612,36.802935,-1.253368,36.783933,28.27,30.31,48.0
579236,2023-12-12,21:52:31,2023-12-12,22:10:14,17.72,8.12,0.0,-1.253368,36.783933,-1.286055,36.834228,27.49,27.49,41.0
579236,2023-12-12,22:10:15,2023-12-12,22:22:24,12.15,7.06,0.0,-1.286055,36.834228,-1.290725,36.891213,34.86,34.86,51.0
579236,2023-12-12,22:22:25,2023-12-12,22:23:29,1.07,0.31,0.0,-1.290725,36.891213,-1.288287,36.891027,17.38,17.38,18.0
579236,2023-12-12,22:24:02,2023-12-12,22:26:22,2.33,0.57,0.17,-1.288287,36.891027,-1.285055,36.887478,14.68,15.83,19.0
579236,2023-12-12,22:33:35,2023-12-12,22:35:50,2.25,0.61,0.0,-1.285055,36.887478,,,16.27,16.27,18.0
579236,2023-12-13,08:37:07,2023-12-13,08:57:18,20.18,9.89,0.2,,,-1.304823,36.827685,29.41,29.7,61.0
579236,2023-12-13,09:36:20,2023-12-13,09:39:13,2.88,1.33,0.37,-1.305053,36.827735,-1.304863,36.827697,27.71,31.79,66.0
579236,2023-12-13,12:19:05,2023-12-13,12:21:12,2.12,0.56,0.0,-1.304863,36.827697,-1.301270,36.824655,15.85,15.85,44.0
579236,2023-12-13,12:21:43,2023-12-13,12:23:38,1.92,0.87,0.0,-1.301270,36.824655,-1.294348,36.821237,27.19,27.19,61.0
579236,2023-12-13,12:23:50,2023-12-13,12:25:40,1.83,0.64,0.3,-1.294348,36.821237,-1.289258,36.818548,20.98,25.1,44.0
579236,2023-12-13,12:25:41,2023-12-13,12:27:41,2.0,0.76,0.4,-1.289258,36.818548,-1.283183,36.815598,22.8,28.5,52.0
579236,2023-12-13,12:28:10,2023-12-13,12:33:05,4.92,2.73,0.07,-1.283183,36.815598,-1.264103,36.801482,33.29,33.77,62.0
579236,2023-12-13,12:33:19,2023-12-13,12:37:11,3.87,1.41,0.45,-1.264103,36.801482,-1.259013,36.807117,21.86,24.74,50.0
579236,2023-12-13,12:46:09,2023-12-13,12:49:42,3.55,1.37,0.22,-1.259013,36.807117,-1.263725,36.809413,23.15,24.68,51.0
579236,2023-12-13,12:55:34,2023-12-13,12:58:55,3.35,0.98,0.23,-1.263725,36.809413,-1.258825,36.807243,17.55,18.85,27.0
579236,2023-12-13,13:00:37,2023-12-13,13:03:32,2.92,1.17,0.37,-1.258825,36.807243,-1.257482,36.803003,24.04,27.53,53.0
579236,2023-12-13,15:49:41,2023-12-13,15:55:39,5.97,2.2,0.33,-1.257452,36.802877,-1.271400,36.798563,22.11,23.4,45.0
579236,2023-12-13,15:59:37,2023-12-13,16:03:11,3.57,1.23,0.0,-1.271400,36.798563,-1.264208,36.801515,20.67,20.67,37.0
579236,2023-12-13,16:03:17,2023-12-13,16:06:13,2.93,1.05,0.0,-1.264208,36.801515,-1.257570,36.802897,21.5,21.5,33.0
579236,2023-12-13,16:40:05,2023-12-13,16:45:15,5.17,2.05,0.35,-1.257463,36.802918,-1.247958,36.792117,23.79,25.52,40.0
579236,2023-12-13,16:46:23,2023-12-13,16:51:52,5.48,2.06,0.0,-1.247958,36.792117,-1.257388,36.802663,22.55,22.55,35.0
579236,2023-12-13,17:42:13,2023-12-13,17:47:42,5.48,2.38,0.17,-1.257543,36.802862,-1.254900,36.783453,26.06,26.89,52.0
579236,2023-12-13,17:50:48,2023-12-13,17:56:51,6.05,2.34,0.45,-1.254900,36.783453,-1.257478,36.802793,23.21,25.07,47.0
579236,2023-12-13,19:22:53,2023-12-13,19:26:23,3.5,1.05,0.38,-1.257478,36.802793,-1.265308,36.804235,18.0,20.19,34.0
579236,2023-12-13,19:27:43,2023-12-13,19:31:18,3.58,1.2,0.4,-1.265308,36.804235,-1.265297,36.813875,20.11,22.64,36.0
579236,2023-12-13,19:31:35,2023-12-13,19:34:34,2.98,0.85,0.35,-1.265297,36.813875,-1.267218,36.820110,17.11,19.39,33.0
579236,2023-12-13,19:38:45,2023-12-13,19:40:42,1.95,0.61,0.0,-1.267107,36.820165,-1.264155,36.816095,18.77,18.77,29.0
579236,2023-12-13,19:46:16,2023-12-13,19:52:00,5.73,2.34,0.08,-1.264155,36.816095,-1.259680,36.817567,24.5,24.85,36.0
579236,2023-12-13,19:56:28,2023-12-13,19:58:07,1.65,0.37,0.42,-1.258988,36.817118,-1.257365,36.818267,13.45,18.05,23.0
579236,2023-12-13,20:00:24,2023-12-13,20:04:02,3.63,1.12,0.5,-1.257365,36.818267,-1.264018,36.817092,18.51,21.47,29.0
579236,2023-12-13,20:10:23,2023-12-13,20:16:44,6.35,2.48,0.2,-1.264018,36.817092,-1.274393,36.822377,23.43,24.2,44.0
579236,2023-12-13,20:25:45,2023-12-13,20:29:57,4.2,2.04,0.37,-1.274393,36.822377,-1.259237,36.826682,29.14,31.96,50.0
579236,2023-12-13,20:36:54,2023-12-13,20:42:19,5.42,1.93,0.15,-1.259237,36.826682,-1.267733,36.818512,21.37,21.97,30.0
579236,2023-12-13,20:45:26,2023-12-13,20:48:26,3.0,1.18,0.27,-1.267733,36.818512,-1.263183,36.809278,23.6,25.93,38.0
579236,2023-12-13,20:53:03,2023-12-13,20:56:51,3.8,1.41,0.22,-1.263183,36.809278,-1.257528,36.802922,22.26,23.63,40.0
579236,2023-12-13,22:33:23,2023-12-13,22:56:04,22.68,15.48,0.0,-1.257528,36.802922,,,40.95,40.95,88.0
579236,2023-12-14,11:01:05,2023-12-14,11:05:30,4.42,1.31,0.5,,,-1.278652,36.883115,17.78,20.05,29.0
579236,2023-12-14,11:06:22,2023-12-14,11:27:52,21.5,13.47,0.17,-1.278652,36.883115,-1.262097,36.803262,37.59,37.89,67.0
579236,2023-12-14,11:27:53,2023-12-14,11:29:49,1.93,0.69,0.32,-1.262097,36.803262,-1.257543,36.802998,21.45,25.71,36.0
579236,2023-12-14,12:36:28,2023-12-14,12:41:20,4.87,2.07,0.0,-1.257543,36.802998,-1.253700,36.787273,25.5,25.5,38.0
579236,2023-12-14,12:43:12,2023-12-14,12:48:06,4.9,2.35,0.0,-1.253700,36.787273,-1.261570,36.803565,28.78,28.78,49.0
579236,2023-12-14,12:48:07,2023-12-14,12:49:40,1.55,0.45,0.0,-1.261570,36.803565,-1.265100,36.802765,17.42,17.42,23.0
579236,2023-12-14,12:59:38,2023-12-14,13:02:50,3.2,1.04,0.33,-1.265250,36.802945,-1.257500,36.802978,19.5,21.74,33.0
579236,2023-12-14,13:23:56,2023-12-14,13:27:46,3.83,1.21,0.38,-1.257500,36.802978,-1.256150,36.792877,18.96,21.04,34.0
579236,2023-12-14,13:29:09,2023-12-14,13:30:53,1.73,0.56,0.0,-1.256150,36.792877,-1.255532,36.797815,19.42,19.42,30.0
579236,2023-12-14,13:30:56,2023-12-14,13:34:40,3.73,1.38,0.2,-1.255532,36.797815,-1.264782,36.802120,22.2,23.46,39.0
579236,2023-12-14,13:34:49,2023-12-14,13:41:57,7.13,3.27,0.0,-1.264782,36.802120,-1.282000,36.785252,27.52,27.52,49.0
579236,2023-12-14,13:47:28,2023-12-14,13:57:55,10.45,4.3,0.37,-1.282000,36.785252,-1.257515,36.802882,24.69,25.6,43.0
579236,2023-12-14,15:11:05,2023-12-14,15:12:59,1.9,0.48,0.17,-1.257515,36.802882,-1.261267,36.803158,15.16,16.65,21.0
579236,2023-12-14,15:13:35,2023-12-14,15:15:13,1.63,0.51,0.0,-1.261267,36.803158,-1.264377,36.801573,18.77,18.77,28.0
579236,2023-12-14,15:15:14,2023-12-14,15:19:53,4.65,2.43,0.27,-1.264377,36.801573,-1.260015,36.781457,31.35,33.29,51.0
579236,2023-12-14,15:26:52,2023-12-14,15:28:30,1.63,0.48,0.0,-1.260015,36.781457,-1.260502,36.785040,17.67,17.67,23.0
579236,2023-12-14,15:28:32,2023-12-14,15:35:49,7.28,2.59,0.32,-1.260502,36.785040,-1.264407,36.802188,21.35,22.33,40.0
579236,2023-12-14,15:37:55,2023-12-14,15:40:41,2.77,0.97,0.33,-1.264407,36.802188,-1.257490,36.803035,21.01,23.85,47.0
579236,2023-12-14,16:38:11,2023-12-14,16:48:52,10.68,5.56,0.0,-1.257490,36.803035,-1.250082,36.756622,31.24,31.24,52.0
579236,2023-12-14,16:56:15,2023-12-14,16:57:37,1.37,0.27,0.4,-1.250082,36.756622,-1.249870,36.758932,11.82,16.7,21.0
579236,2023-12-14,16:58:53,2023-12-14,17:09:39,10.77,5.14,0.0,-1.249870,36.758932,-1.257362,36.802645,28.64,28.64,47.0
579236,2023-12-14,19:35:08,2023-12-14,19:39:28,4.33,1.39,0.45,-1.257457,36.802980,-1.259330,36.793358,19.26,21.49,42.0
579236,2023-12-14,19:46:57,2023-12-14,19:50:17,3.33,1.0,0.22,-1.259330,36.793358,-1.261490,36.801022,18.02,19.29,29.0
579236,2023-12-14,20:02:56,2023-12-14,20:04:07,1.18,0.3,0.0,-1.261490,36.801022,-1.263943,36.801767,15.25,15.25,22.0
579236,2023-12-14,20:04:17,2023-12-14,20:09:21,5.07,2.27,0.78,-1.263943,36.801767,-1.268958,36.789658,26.86,31.75,48.0
579236,2023-12-14,20:15:23,2023-12-14,20:22:59,7.6,3.3,0.28,-1.268958,36.789658,-1.257545,36.802900,26.05,27.05,43.0
579236,2023-12-14,20:25:22,2023-12-14,20:30:40,5.3,2.0,0.18,-1.257545,36.802900,-1.270958,36.812342,22.64,23.44,42.0
579236,2023-12-14,20:40:54,2023-12-14,20:43:59,3.08,1.17,0.42,-1.270958,36.812342,-1.263623,36.807895,22.79,26.39,40.0
579236,2023-12-14,20:44:00,2023-12-14,20:44:59,0.98,0.17,0.35,-1.263623,36.807895,-1.263117,36.809325,10.41,16.19,17.0
579236,2023-12-14,20:47:36,2023-12-14,20:54:13,6.62,3.76,0.0,-1.263117,36.809325,-1.291948,36.820242,34.08,34.08,56.0
579236,2023-12-14,20:54:49,2023-12-14,21:04:58,10.15,7.03,0.37,-1.292907,36.820693,-1.325578,36.840863,41.56,43.13,84.0
579236,2023-12-14,21:18:59,2023-12-14,21:32:08,13.15,8.57,0.35,-1.325868,36.840317,-1.271082,36.812307,39.1,40.17,63.0
579236,2023-12-14,21:42:06,2023-12-14,21:45:36,3.5,1.46,0.0,-1.271082,36.812307,-1.265473,36.803080,25.03,25.03,44.0
579236,2023-12-14,22:00:26,2023-12-14,22:19:45,19.32,14.87,0.0,-1.264998,36.802770,-1.276173,36.886582,46.18,46.18,66.0
579236,2023-12-14,22:19:59,2023-12-14,22:21:38,1.65,0.48,0.0,-1.276173,36.886582,,,17.45,17.45,26.0
579236,2023-12-15,10:48:21,2023-12-15,10:52:09,3.8,1.31,0.02,,,-1.277957,36.883152,20.68,20.79,47.0
579236,2023-12-15,11:09:29,2023-12-15,11:30:01,20.53,12.67,0.17,-1.277957,36.883152,-1.281317,36.814997,37.03,37.34,81.0
579236,2023-12-15,11:30:37,2023-12-15,11:33:08,2.52,0.63,0.42,-1.281317,36.814997,-1.284945,36.818272,15.0,18.0,33.0
579236,2023-12-15,12:08:07,2023-12-15,12:09:35,1.47,0.46,0.0,-1.284945,36.818272,-1.281577,36.817457,18.78,18.78,30.0
579236,2023-12-15,12:09:37,2023-12-15,12:17:55,8.3,3.95,0.32,-1.281577,36.817457,-1.257482,36.803023,28.55,29.7,66.0
579236,2023-12-15,13:16:33,2023-12-15,13:17:46,1.22,0.21,0.4,-1.257482,36.803023,-1.258888,36.802083,10.33,15.37,26.0
579236,2023-12-15,13:21:47,2023-12-15,13:24:02,2.25,0.64,0.12,-1.258888,36.802083,-1.264008,36.803037,17.07,18.03,50.0
579236,2023-12-15,13:30:56,2023-12-15,13:40:10,9.23,5.32,0.62,-1.264008,36.803037,-1.273797,36.778447,34.58,37.07,67.0
579236,2023-12-15,13:42:57,2023-12-15,13:51:38,8.68,4.34,0.38,-1.273797,36.778447,-1.245705,36.775667,30.0,31.37,61.0
579236,2023-12-15,13:51:53,2023-12-15,13:53:32,1.65,0.5,0.25,-1.245705,36.775667,-1.244200,36.778680,18.18,21.43,32.0
579236,2023-12-15,13:53:35,2023-12-15,14:00:54,7.32,4.03,0.13,-1.244200,36.778680,-1.257110,36.802333,33.03,33.63,52.0
579236,2023-12-15,14:14:47,2023-12-15,14:18:14,3.45,0.96,0.17,-1.257552,36.802898,-1.264892,36.802153,16.7,17.56,40.0
579236,2023-12-15,14:18:15,2023-12-15,14:28:02,9.78,4.4,0.45,-1.264892,36.802153,-1.293447,36.787438,26.99,28.3,47.0
579236,2023-12-15,14:35:18,2023-12-15,14:37:55,2.62,0.95,0.38,-1.292088,36.785787,-1.285062,36.787947,21.76,25.45,40.0
579236,2023-12-15,14:38:02,2023-12-15,14:47:24,9.37,3.83,0.08,-1.285062,36.787947,-1.262732,36.803048,24.53,24.74,47.0
579236,2023-12-15,14:48:38,2023-12-15,14:51:13,2.58,0.71,0.23,-1.262732,36.803048,-1.263147,36.809257,16.51,18.13,29.0
579236,2023-12-15,14:57:29,2023-12-15,15:01:46,4.28,1.29,0.0,-1.263147,36.809257,-1.255855,36.811480,18.08,18.08,31.0
579236,2023-12-15,15:01:53,2023-12-15,15:04:21,2.47,0.64,0.47,-1.255855,36.811480,-1.254743,36.816590,15.55,19.2,29.0
579236,2023-12-15,15:06:02,2023-12-15,15:11:15,5.22,2.19,0.77,-1.254743,36.816590,-1.263937,36.804068,25.17,29.53,54.0
579236,2023-12-15,15:18:11,2023-12-15,15:19:23,1.2,0.3,0.0,-1.263937,36.804068,-1.262095,36.803168,15.0,15.0,22.0
579236,2023-12-15,15:19:24,2023-12-15,15:21:21,1.95,0.69,0.35,-1.262095,36.803168,-1.257470,36.803048,21.23,25.87,41.0
579236,2023-12-15,15:58:41,2023-12-15,16:05:51,7.17,3.06,0.12,-1.257470,36.803048,-1.259568,36.825062,25.61,26.04,47.0
579236,2023-12-15,16:32:13,2023-12-15,16:35:35,3.37,1.08,0.0,-1.259568,36.825062,-1.259798,36.817867,19.23,19.23,32.0
579236,2023-12-15,16:35:36,2023-12-15,16:40:51,5.25,1.9,0.25,-1.259798,36.817867,-1.262672,36.804665,21.71,22.8,36.0
579236,2023-12-15,16:40:57,2023-12-15,16:45:06,4.15,1.79,0.43,-1.262672,36.804665,-1.265502,36.791387,25.88,28.87,57.0
579236,2023-12-15,16:45:14,2023-12-15,16:52:54,7.67,4.06,0.4,-1.265502,36.791387,-1.270938,36.773730,31.76,33.51,55.0
579236,2023-12-15,16:54:06,2023-12-15,17:05:18,11.2,5.45,0.0,-1.270938,36.773730,-1.257308,36.802513,29.2,29.2,60.0
579236,2023-12-15,19:23:54,2023-12-15,19:27:14,3.33,0.9,0.0,-1.257405,36.802845,-1.264138,36.804372,16.22,16.22,34.0
579236,2023-12-15,19:27:25,2023-12-15,19:30:16,2.85,1.03,0.42,-1.264138,36.804372,-1.270700,36.810460,21.68,25.43,46.0
579236,2023-12-15,19:37:55,2023-12-15,19:42:02,4.12,1.45,0.0,-1.270700,36.810460,-1.261965,36.803202,21.12,21.12,43.0
579236,2023-12-15,19:42:03,2023-12-15,19:43:40,1.62,0.7,0.3,-1.261965,36.803202,-1.257492,36.802865,25.93,31.82,51.0
579236,2023-12-15,19:50:48,2023-12-15,19:56:37,5.82,3.58,0.42,-1.256913,36.802215,-1.245692,36.775673,36.91,39.78,53.0
579236,2023-12-15,19:57:03,2023-12-15,19:58:48,1.75,0.49,0.42,-1.245692,36.775673,-1.244170,36.778698,16.8,22.11,34.0
579236,2023-12-15,20:01:41,2023-12-15,20:08:46,7.08,4.05,0.07,-1.244170,36.778698,-1.257312,36.802592,34.32,34.66,54.0
579236,2023-12-15,20:36:03,2023-12-15,20:40:19,4.27,1.93,0.0,-1.257377,36.802917,-1.249595,36.789340,27.12,27.12,41.0
579236,2023-12-15,20:43:29,2023-12-15,20:47:42,4.22,1.9,0.0,-1.249595,36.789340,-1.257110,36.802290,27.01,27.01,43.0
579236,2023-12-15,21:39:58,2023-12-15,21:54:50,14.87,9.19,0.4,-1.257470,36.802788,-1.238753,36.855072,37.08,38.11,61.0
579236,2023-12-15,21:54:51,2023-12-15,21:57:36,2.75,0.94,0.4,-1.238753,36.855072,-1.235782,36.861213,20.51,24.0,39.0
579236,2023-12-15,21:59:24,2023-12-15,22:01:22,1.97,0.44,0.48,-1.235782,36.861213,-1.238337,36.858985,13.4,17.72,19.0
579236,2023-12-15,22:02:43,2023-12-15,22:04:14,1.52,0.38,0.15,-1.238337,36.858985,-1.235892,36.861193,15.0,16.64,30.0
579236,2023-12-15,22:04:39,2023-12-15,22:07:01,2.37,0.84,0.0,-1.235892,36.861193,-1.233928,36.868008,21.27,21.27,35.0
579236,2023-12-15,22:07:02,2023-12-15,22:08:00,0.97,0.2,0.33,-1.233928,36.868008,-1.233927,36.869850,12.37,18.75,25.0
579236,2023-12-15,22:08:01,2023-12-15,22:18:19,10.3,6.76,0.17,-1.233927,36.869850,-1.278125,36.883942,39.38,40.04,68.0
579236,2023-12-15,22:18:28,2023-12-15,22:20:05,1.62,0.43,0.0,-1.278125,36.883942,-1.275947,36.886757,15.93,15.93,27.0
579236,2023-12-15,22:20:32,2023-12-15,22:22:15,1.72,0.53,0.0,-1.275947,36.886757,,,18.49,18.49,37.0
579236,2023-12-16,10:56:42,2023-12-16,10:59:36,2.9,0.84,0.0,,,-1.276047,36.886757,17.38,17.38,21.0
579236,2023-12-16,10:59:37,2023-12-16,11:01:17,1.67,0.53,0.1,-1.276047,36.886757,-1.277943,36.883192,19.04,20.25,28.0
579236,2023-12-16,11:05:28,2023-12-16,11:28:11,22.72,14.08,0.25,-1.277943,36.883192,-1.257573,36.802982,37.18,37.6,68.0
579236,2023-12-16,12:15:46,2023-12-16,12:27:54,12.13,6.92,0.0,-1.257573,36.802982,-1.237335,36.811632,34.23,34.23,57.0
579236,2023-12-16,12:36:35,2023-12-16,12:38:03,1.47,0.39,0.0,-1.237335,36.811632,-1.237378,36.811818,15.92,15.92,19.0
579236,2023-12-16,12:38:21,2023-12-16,12:52:52,14.52,7.76,0.33,-1.237378,36.811818,-1.272170,36.804500,32.07,32.81,57.0
579236,2023-12-16,12:52:53,2023-12-16,13:01:06,8.22,4.31,0.45,-1.272170,36.804500,-1.291153,36.775182,31.46,33.28,54.0
579236,2023-12-16,13:11:01,2023-12-16,13:17:19,6.3,2.34,0.53,-1.291153,36.775182,-1.290353,36.755193,22.29,24.33,37.0
579236,2023-12-16,13:25:31,2023-12-16,13:32:40,7.15,3.29,0.45,-1.290353,36.755193,-1.271537,36.775052,27.61,29.46,43.0
579236,2023-12-16,13:32:41,2023-12-16,13:37:30,4.82,2.89,0.0,-1.271537,36.775052,-1.248477,36.777087,35.98,35.98,59.0
579236,2023-12-16,13:37:57,2023-12-16,13:40:45,2.8,1.35,0.38,-1.248477,36.777087,-1.250840,36.766222,28.93,33.47,48.0
579236,2023-12-16,13:41:11,2023-12-16,13:42:19,1.13,0.19,0.5,-1.250840,36.766222,-1.252532,36.766323,10.09,18.1,24.0
579236,2023-12-16,13:46:24,2023-12-16,14:02:31,16.12,7.57,0.45,-1.252532,36.766323,-1.274910,36.792383,28.18,28.99,55.0
579236,2023-12-16,14:11:21,2023-12-16,14:19:04,7.72,3.35,0.3,-1.274910,36.792383,-1.257617,36.802907,26.04,27.09,47.0
579236,2023-12-16,15:00:07,2023-12-16,15:01:31,1.4,0.3,0.37,-1.257447,36.802793,-1.255002,36.802233,12.86,17.48,24.0
579236,2023-12-16,15:19:45,2023-12-16,15:20:56,1.18,0.3,0.0,-1.255002,36.802233,-1.257338,36.802575,15.25,15.25,24.0
579236,2023-12-16,15:29:28,2023-12-16,15:32:39,3.18,1.12,0.43,-1.257522,36.802830,-1.251230,36.798337,21.13,24.44,41.0
579236,2023-12-16,15:44:03,2023-12-16,15:49:54,5.85,3.02,0.32,-1.251185,36.797922,-1.245727,36.775688,30.97,32.77,54.0
579236,2023-12-16,15:50:24,2023-12-16,15:52:05,1.68,0.49,0.28,-1.245727,36.775688,-1.244212,36.778663,17.5,21.0,29.0
579236,2023-12-16,15:55:19,2023-12-16,16:10:03,14.73,7.17,0.58,-1.244212,36.778663,-1.274878,36.792422,29.21,30.4,45.0
579236,2023-12-16,16:11:29,2023-12-16,16:15:59,4.5,2.31,0.0,-1.274878,36.792422,-1.264213,36.801667,30.8,30.8,48.0
579236,2023-12-16,16:16:00,2023-12-16,16:18:47,2.78,1.03,0.18,-1.264213,36.801667,-1.257585,36.802853,22.23,23.77,43.0
579236,2023-12-16,16:57:46,2023-12-16,16:58:54,1.13,0.29,0.03,-1.257523,36.802860,-1.258735,36.805098,15.4,15.82,22.0
579236,2023-12-16,16:59:09,2023-12-16,17:19:15,20.1,9.95,0.77,-1.258735,36.805098,-1.224118,36.826442,29.7,30.88,49.0
579236,2023-12-16,17:21:23,2023-12-16,17:38:09,16.77,9.23,0.0,-1.224118,36.826442,-1.256450,36.810982,33.02,33.02,51.0
579236,2023-12-16,17:38:10,2023-12-16,17:41:34,3.4,1.22,0.28,-1.256450,36.810982,-1.263207,36.809308,21.53,23.46,31.0
579236,2023-12-16,17:47:03,2023-12-16,17:51:20,4.28,1.41,0.23,-1.263207,36.809308,-1.257625,36.802925,19.77,20.89,35.0
579236,2023-12-16,18:23:22,2023-12-16,18:26:58,3.6,1.22,0.35,-1.257625,36.802925,-1.251222,36.797938,20.33,22.52,38.0
579236,2023-12-16,18:31:58,2023-12-16,18:35:16,3.3,1.15,0.0,-1.251222,36.797938,-1.257277,36.802495,20.91,20.91,33.0
579236,2023-12-16,19:14:49,2023-12-16,19:18:43,3.9,1.27,0.0,-1.257410,36.802898,-1.259108,36.794468,19.54,19.54,34.0
579236,2023-12-16,19:24:30,2023-12-16,19:26:36,2.1,0.62,0.03,-1.259108,36.794468,-1.258668,36.790223,17.71,17.97,34.0
579236,2023-12-16,19:32:18,2023-12-16,19:37:28,5.17,2.02,0.33,-1.258668,36.790223,-1.257458,36.802863,23.44,25.04,38.0
579236,2023-12-16,20:43:46,2023-12-16,20:45:52,2.1,0.76,0.18,-1.257458,36.802863,-1.255730,36.806992,21.71,23.75,51.0
579236,2023-12-16,20:51:40,2023-12-16,21:00:11,8.52,4.12,0.47,-1.255730,36.806992,-1.238493,36.778707,29.01,30.71,48.0
579236,2023-12-16,21:06:15,2023-12-16,21:14:51,8.6,3.91,0.42,-1.238493,36.778707,-1.257478,36.802795,27.28,28.68,44.0
579236,2023-12-16,21:52:40,2023-12-16,21:55:03,2.38,0.96,0.33,-1.257478,36.802795,-1.252723,36.796608,24.2,28.1,43.0
579236,2023-12-16,21:55:04,2023-12-16,21:56:28,1.4,0.42,0.42,-1.252723,36.796608,-1.251355,36.793152,18.0,25.71,35.0
579236,2023-12-16,21:58:09,2023-12-16,22:01:56,3.78,1.53,0.4,-1.251355,36.793152,-1.258973,36.802032,24.29,27.16,33.0
579236,2023-12-16,22:05:25,2023-12-16,22:11:04,5.65,2.1,0.63,-1.258973,36.802032,-1.267268,36.817872,22.3,25.1,36.0
579236,2023-12-16,22:11:09,2023-12-16,22:23:25,12.27,10.88,0.17,-1.267268,36.817872,-1.269122,36.880857,53.2,53.95,67.0
579236,2023-12-16,22:23:42,2023-12-16,22:25:48,2.1,0.96,0.17,-1.269122,36.880857,-1.277583,36.882600,27.43,29.84,55.0
579236,2023-12-16,22:26:45,2023-12-16,22:28:39,1.9,0.45,0.23,-1.277583,36.882600,-1.275863,36.886230,14.21,16.17,22.0
579236,2023-12-16,22:30:53,2023-12-16,22:32:51,1.97,0.51,0.2,-1.275863,36.886230,-1.278450,36.889718,15.53,17.29,26.0
579236,2023-12-16,22:33:10,2023-12-16,22:34:12,1.03,0.25,0.0,-1.278450,36.889718,,,14.56,14.56,17.0
579236,2023-12-17,12:17:36,2023-12-17,12:44:13,26.62,15.53,0.33,,,-1.257458,36.802977,35.0,35.44,56.0
579236,2023-12-17,13:05:25,2023-12-17,13:09:34,4.15,2.29,0.43,-1.257458,36.802977,-1.250003,36.784895,33.11,36.94,52.0
579236,2023-12-17,13:09:35,2023-12-17,13:18:33,8.97,4.87,0.45,-1.250003,36.784895,-1.275355,36.794410,32.58,34.3,67.0
579236,2023-12-17,13:19:30,2023-12-17,13:25:02,5.53,2.97,0.27,-1.275355,36.794410,-1.257540,36.802900,32.22,33.88,58.0
579236,2023-12-17,13:33:33,2023-12-17,13:38:30,4.95,2.05,0.4,-1.257540,36.802900,-1.258625,36.790188,24.85,27.03,39.0
579236,2023-12-17,13:43:27,2023-12-17,13:47:16,3.82,1.53,0.45,-1.258625,36.790188,-1.262023,36.802997,24.03,27.24,42.0
579236,2023-12-17,13:47:51,2023-12-17,13:50:05,2.23,0.75,0.15,-1.262023,36.802997,-1.263163,36.809273,20.18,21.63,30.0
579236,2023-12-17,13:53:31,2023-12-17,13:56:42,3.18,1.01,0.48,-1.263163,36.809273,-1.259778,36.802132,19.06,22.44,32.0
579236,2023-12-17,14:06:01,2023-12-17,14:12:22,6.35,3.02,0.0,-1.259778,36.802132,-1.268135,36.789133,28.54,28.54,46.0
579236,2023-12-17,14:20:03,2023-12-17,14:22:08,2.08,0.77,0.5,-1.268107,36.788683,-1.269845,36.795207,22.21,29.24,43.0
579236,2023-12-17,14:22:09,2023-12-17,14:27:35,5.43,2.65,0.3,-1.269845,36.795207,-1.257558,36.803010,29.28,30.99,43.0
579236,2023-12-17,15:44:15,2023-12-17,15:48:30,4.25,1.76,0.42,-1.257558,36.803010,-1.258428,36.793155,24.85,27.57,37.0
579236,2023-12-17,15:52:40,2023-12-17,15:53:55,1.25,0.24,0.37,-1.258428,36.793155,-1.259995,36.791952,11.52,16.36,18.0
579236,2023-12-17,15:56:08,2023-12-17,16:00:56,4.8,1.88,0.27,-1.259995,36.791952,-1.258190,36.803738,23.5,24.9,43.0
579236,2023-12-17,17:20:51,2023-12-17,17:21:39,0.8,0.12,0.33,-1.257537,36.802908,-1.257347,36.802135,9.0,15.32,18.0
579236,2023-12-17,17:21:40,2023-12-17,17:27:00,5.33,2.0,0.43,-1.257347,36.802135,-1.270645,36.810447,22.51,24.49,36.0
579236,2023-12-17,17:29:05,2023-12-17,17:34:57,5.87,2.19,0.33,-1.270645,36.810447,-1.257573,36.802925,22.39,23.72,41.0
579236,2023-12-17,18:07:02,2023-12-17,18:10:10,3.13,1.65,0.42,-1.257573,36.802925,-1.247128,36.796045,31.63,36.53,61.0
579236,2023-12-17,18:11:57,2023-12-17,18:14:53,2.93,1.25,0.43,-1.247128,36.796045,-1.240818,36.787188,25.6,30.0,47.0
579236,2023-12-17,18:30:25,2023-12-17,18:33:55,3.5,1.49,0.0,-1.240818,36.787188,-1.238658,36.792432,25.54,25.54,46.0
579236,2023-12-17,18:37:53,2023-12-17,18:40:00,2.12,0.77,0.33,-1.238658,36.792432,-1.243640,36.792448,21.79,25.81,44.0
579236,2023-12-17,18:40:01,2023-12-17,18:44:31,4.5,2.21,0.43,-1.243640,36.792448,-1.257492,36.802912,29.47,32.58,52.0
579236,2023-12-17,18:49:50,2023-12-17,18:53:39,3.82,1.3,0.43,-1.257492,36.802912,-1.264657,36.806973,20.42,23.01,37.0
579236,2023-12-17,18:55:35,2023-12-17,18:57:54,2.32,0.97,0.45,-1.264657,36.806973,-1.271010,36.812338,25.09,31.12,53.0
579236,2023-12-17,19:11:15,2023-12-17,19:14:03,2.8,1.0,0.63,-1.271010,36.812338,-1.264665,36.806970,21.43,27.65,37.0
579236,2023-12-17,19:14:26,2023-12-17,19:18:53,4.45,1.86,0.43,-1.264665,36.806970,-1.262498,36.819998,25.08,27.76,43.0
579236,2023-12-17,19:24:53,2023-12-17,19:27:38,2.75,0.96,0.13,-1.262498,36.819998,-1.257905,36.815083,20.95,21.98,47.0
579236,2023-12-17,19:31:00,2023-12-17,19:34:08,3.13,1.2,0.47,-1.257905,36.815083,-1.255748,36.806965,23.0,27.07,45.0
579236,2023-12-17,19:38:19,2023-12-17,19:47:33,9.23,5.68,0.73,-1.255748,36.806965,-1.233048,36.767173,36.92,40.09,67.0
579236,2023-12-17,19:48:50,2023-12-17,19:49:52,1.03,0.22,0.0,-1.233048,36.767173,-1.231503,36.767848,12.82,12.82,25.0
579236,2023-12-17,19:51:43,2023-12-17,20:01:25,9.7,5.8,0.18,-1.231503,36.767848,-1.255705,36.806995,35.88,36.55,61.0
579236,2023-12-17,20:02:39,2023-12-17,20:05:40,3.02,1.15,0.45,-1.255705,36.806995,-1.254707,36.816633,22.85,26.85,52.0
579236,2023-12-17,20:06:45,2023-12-17,20:12:49,6.07,2.52,0.32,-1.254707,36.816633,-1.270897,36.812237,24.91,26.3,46.0
579236,2023-12-17,20:22:21,2023-12-17,20:29:02,6.68,3.18,0.28,-1.270897,36.812237,-1.263727,36.792518,28.56,29.81,56.0
579236,2023-12-17,20:35:41,2023-12-17,20:41:38,5.95,3.06,0.3,-1.263727,36.792518,-1.270850,36.812372,30.86,32.5,53.0
579236,2023-12-17,21:34:41,2023-12-17,21:38:06,3.42,1.0,0.2,-1.270850,36.812372,-1.263190,36.809325,17.54,18.63,24.0
579236,2023-12-17,21:50:26,2023-12-17,21:54:09,3.72,1.44,0.17,-1.263190,36.809325,-1.257650,36.802910,23.23,24.34,35.0
579236,2023-12-17,21:54:48,2023-12-17,21:57:37,2.82,0.93,0.12,-1.257650,36.802910,-1.264893,36.802635,19.79,20.67,34.0
579236,2023-12-17,22:10:14,2023-12-17,22:29:31,19.28,15.0,0.0,-1.264893,36.802635,-1.276023,36.887333,46.68,46.68,67.0
579236,2023-12-17,22:29:44,2023-12-17,22:32:18,2.57,0.69,0.0,-1.276023,36.887333,,,16.11,16.11,27.0
579236,2023-12-18,10:01:20,2023-12-18,10:16:08,14.8,8.64,0.17,,,-1.333978,36.885098,35.03,35.43,67.0
579236,2023-12-18,10:16:09,2023-12-18,10:21:09,5.0,2.77,0.2,-1.333978,36.885098,-1.332227,36.866980,33.24,34.62,56.0
579236,2023-12-18,10:43:27,2023-12-18,10:53:20,9.88,6.21,0.12,-1.332227,36.866980,-1.302023,36.824913,37.71,38.18,61.0
579236,2023-12-18,10:54:05,2023-12-18,10:56:53,2.8,1.01,0.0,-1.302023,36.824913,-1.293868,36.820930,21.64,21.64,59.0
579236,2023-12-18,10:56:54,2023-12-18,10:57:50,0.93,0.15,0.48,-1.293868,36.820930,-1.292795,36.820135,9.68,20.0,16.0
579236,2023-12-18,10:57:54,2023-12-18,11:04:26,6.53,4.33,0.0,-1.292795,36.820135,-1.261678,36.803285,39.79,39.79,68.0
579236,2023-12-18,11:04:27,2023-12-18,11:06:12,1.75,0.66,0.22,-1.261678,36.803285,-1.257562,36.802948,22.63,25.88,44.0
579236,2023-12-18,12:04:06,2023-12-18,12:16:16,12.17,5.37,0.75,-1.257562,36.802948,-1.293532,36.787578,26.47,28.21,49.0
579236,2023-12-18,12:21:57,2023-12-18,12:28:25,6.47,2.59,0.0,-1.292082,36.787245,-1.296572,36.802487,24.02,24.02,43.0
579236,2023-12-18,12:32:29,2023-12-18,12:38:56,6.45,2.5,0.37,-1.296572,36.802487,-1.298813,36.788185,23.26,24.67,35.0
579236,2023-12-18,12:50:28,2023-12-18,12:56:32,6.07,3.6,0.35,-1.298813,36.788185,-1.294048,36.761378,35.58,37.76,67.0
579236,2023-12-18,13:01:22,2023-12-18,13:11:24,10.03,5.48,0.33,-1.294048,36.761378,-1.295452,36.801547,32.78,33.9,55.0
579236,2023-12-18,16:42:04,2023-12-18,16:56:03,13.98,6.49,0.3,-1.296223,36.802117,-1.257550,36.802967,27.85,28.46,47.0
579236,2023-12-18,17:42:43,2023-12-18,17:46:31,3.8,1.46,0.32,-1.257550,36.802967,-1.257545,36.803018,23.05,25.17,49.0
579236,2023-12-18,19:22:05,2023-12-18,19:24:33,2.47,0.78,0.0,-1.257545,36.803018,-1.257808,36.799213,18.95,18.95,26.0
579236,2023-12-18,19:28:40,2023-12-18,19:30:54,2.23,0.65,0.17,-1.257287,36.799648,-1.257008,36.802278,17.49,18.93,25.0
579236,2023-12-18,19:49:23,2023-12-18,19:50:57,1.57,0.47,0.17,-1.257430,36.802937,-1.260325,36.803043,17.96,20.14,32.0
579236,2023-12-18,19:53:23,2023-12-18,19:58:25,5.03,2.13,0.42,-1.260325,36.803043,-1.257368,36.818257,25.41,27.72,43.0
579236,2023-12-18,20:00:18,2023-12-18,20:06:32,6.23,2.24,0.38,-1.257368,36.818257,-1.263098,36.809347,21.57,22.97,31.0
579236,2023-12-18,20:09:45,2023-12-18,20:21:14,11.48,5.45,0.53,-1.263098,36.809347,-1.287560,36.777775,28.48,29.86,49.0
579236,2023-12-18,20:21:53,2023-12-18,20:23:01,1.13,0.22,0.3,-1.287560,36.777775,-1.286415,36.776720,11.68,15.9,22.0
579236,2023-12-18,20:23:02,2023-12-18,20:24:02,1.0,0.25,0.18,-1.286415,36.776720,-1.286933,36.774878,15.0,18.29,27.0
579236,2023-12-18,20:33:35,2023-12-18,20:35:44,2.15,0.6,0.17,-1.286933,36.774878,-1.288712,36.777950,16.74,18.18,27.0
579236,2023-12-18,20:35:47,2023-12-18,20:37:32,1.75,0.5,0.33,-1.288712,36.777950,-1.290468,36.774682,17.14,21.13,32.0
579236,2023-12-18,20:37:51,2023-12-18,21:08:47,30.93,21.69,0.37,-1.290468,36.774682,-1.308287,36.909442,42.08,42.59,70.0
579236,2023-12-18,21:40:56,2023-12-18,21:44:12,3.27,0.95,0.23,-1.308287,36.909442,-1.313333,36.915255,17.43,18.75,27.0
579236,2023-12-18,22:01:56,2023-12-18,22:09:49,7.88,3.92,0.0,-1.313333,36.915255,-1.295042,36.909625,29.85,29.85,54.0
579236,2023-12-18,22:10:38,2023-12-18,22:14:27,3.82,1.4,0.17,-1.295042,36.909625,-1.286248,36.904197,21.99,23.01,48.0
579236,2023-12-18,22:15:35,2023-12-18,22:17:04,1.48,0.45,0.0,-1.286248,36.904197,-1.282658,36.902408,18.24,18.24,29.0
579236,2023-12-18,22:17:06,2023-12-18,22:22:50,5.73,1.86,0.0,-1.282658,36.902408,,,19.48,19.48,29.0
579236,2023-12-19,10:22:38,2023-12-19,10:23:42,1.07,0.29,0.0,,,-1.281388,36.890238,16.26,16.26,17.0
579236,2023-12-19,10:23:43,2023-12-19,10:25:41,1.97,0.51,0.17,-1.281388,36.890238,-1.283800,36.887175,15.53,17.0,25.0
579236,2023-12-19,10:25:48,2023-12-19,10:37:16,11.47,5.75,0.0,-1.283800,36.887175,-1.300027,36.855487,30.08,30.08,48.0
579236,2023-12-19,10:37:25,2023-12-19,10:45:38,8.22,3.84,0.43,-1.300027,36.855487,-1.325688,36.870792,28.03,29.58,50.0
579236,2023-12-19,10:46:41,2023-12-19,10:49:12,2.52,0.86,0.0,-1.325688,36.870792,-1.325735,36.863045,20.48,20.48,34.0
579236,2023-12-19,10:49:16,2023-12-19,10:51:04,1.8,0.45,0.35,-1.325735,36.863045,-1.322878,36.865702,15.0,18.62,26.0
579236,2023-12-19,11:23:07,2023-12-19,11:24:49,1.7,0.38,0.35,-1.323243,36.865998,-1.325113,36.863290,13.41,16.89,20.0
579236,2023-12-19,11:26:26,2023-12-19,11:29:36,3.17,1.32,0.0,-1.325113,36.863290,-1.329843,36.870730,24.98,24.98,38.0
579236,2023-12-19,11:29:37,2023-12-19,11:37:46,8.15,6.12,0.32,-1.329843,36.870730,-1.305475,36.826597,45.06,46.9,66.0
579236,2023-12-19,11:37:55,2023-12-19,11:47:05,9.17,6.12,0.5,-1.305475,36.826597,-1.299735,36.788237,40.04,42.35,65.0
579236,2023-12-19,11:47:06,2023-12-19,11:50:17,3.18,1.81,0.33,-1.299735,36.788237,-1.297988,36.774353,34.15,38.11,64.0
579236,2023-12-19,11:50:18,2023-12-19,11:52:55,2.62,0.84,0.17,-1.297988,36.774353,-1.291103,36.775260,19.24,20.57,26.0
579236,2023-12-19,11:59:44,2023-12-19,12:03:23,3.65,1.36,0.32,-1.291137,36.775340,-1.289588,36.763537,22.36,24.5,47.0
579236,2023-12-19,12:03:29,2023-12-19,12:05:16,1.78,0.42,0.4,-1.289588,36.763537,-1.286015,36.764383,14.16,18.26,22.0
579236,2023-12-19,12:08:01,2023-12-19,12:08:58,0.95,0.16,0.23,-1.286015,36.764383,-1.285763,36.762972,10.11,13.33,17.0
579236,2023-12-19,12:15:37,2023-12-19,12:19:38,4.02,1.69,0.17,-1.285763,36.762972,-1.299168,36.759687,25.22,26.34,42.0
579236,2023-12-19,12:22:47,2023-12-19,12:30:43,7.93,6.49,0.17,-1.299168,36.759687,-1.322498,36.708268,49.1,50.18,62.0
579236,2023-12-19,12:39:34,2023-12-19,12:48:14,8.67,5.77,0.27,-1.322498,36.708268,-1.320640,36.663763,39.93,41.21,62.0
579236,2023-12-19,12:51:42,2023-12-19,12:57:12,5.5,3.23,0.3,-1.320640,36.663763,-1.329195,36.687330,35.24,37.27,57.0
579236,2023-12-19,13:01:05,2023-12-19,13:07:50,6.75,4.19,0.0,-1.329195,36.687330,-1.334168,36.717112,37.24,37.24,57.0
579236,2023-12-19,13:07:57,2023-12-19,13:10:27,2.5,0.83,0.42,-1.334168,36.717112,-1.336972,36.711985,19.92,23.94,53.0
579236,2023-12-19,13:10:38,2023-12-19,13:13:32,2.9,0.83,0.42,-1.336972,36.711985,-1.337020,36.710493,17.17,20.08,34.0
579236,2023-12-19,13:13:57,2023-12-19,13:17:10,3.22,1.13,0.58,-1.337020,36.710493,-1.334723,36.702765,21.06,25.68,39.0
579236,2023-12-19,13:17:46,2023-12-19,13:19:31,1.75,0.45,0.37,-1.334723,36.702765,-1.333427,36.699407,15.43,19.57,32.0
579236,2023-12-19,13:21:41,2023-12-19,13:48:59,27.3,18.48,0.45,-1.333427,36.699407,-1.258152,36.788805,40.62,41.3,68.0
579236,2023-12-19,14:00:05,2023-12-19,14:02:21,2.27,0.76,0.2,-1.258152,36.788805,-1.254780,36.783668,20.09,22.03,43.0
579236,2023-12-19,14:02:58,2023-12-19,14:07:23,4.42,2.05,0.35,-1.254780,36.783668,-1.245735,36.775648,27.83,30.22,55.0
579236,2023-12-19,14:07:50,2023-12-19,14:09:37,1.78,0.5,0.47,-1.245735,36.775648,-1.244225,36.778672,16.85,22.9,30.0
579236,2023-12-19,14:14:31,2023-12-19,14:17:06,2.58,0.8,0.17,-1.244225,36.778672,-1.242030,36.774445,18.6,19.92,29.0
579236,2023-12-19,14:17:07,2023-12-19,14:24:17,7.17,3.5,0.43,-1.242030,36.774445,-1.236393,36.748883,29.29,31.16,51.0
579236,2023-12-19,14:24:32,2023-12-19,14:36:01,11.48,6.99,0.35,-1.236393,36.748883,-1.257485,36.802838,36.53,37.68,59.0
579236,2023-12-19,14:59:47,2023-12-19,15:00:59,1.2,0.32,0.38,-1.257485,36.802838,-1.254965,36.802180,16.0,23.41,38.0
579236,2023-12-19,15:24:26,2023-12-19,15:28:57,4.52,1.51,0.3,-1.254965,36.802180,-1.263163,36.809287,20.04,21.47,39.0
579236,2023-12-19,15:32:48,2023-12-19,15:57:51,25.05,22.93,0.4,-1.263163,36.809287,-1.173330,36.951308,54.92,55.81,91.0
579236,2023-12-19,16:00:35,2023-12-19,16:02:47,2.2,0.71,0.42,-1.173330,36.951308,-1.177157,36.953743,19.36,23.93,38.0
579236,2023-12-19,16:04:37,2023-12-19,16:06:22,1.75,0.44,0.23,-1.177157,36.953743,-1.180647,36.951857,15.09,17.37,26.0
579236,2023-12-19,16:13:23,2023-12-19,16:16:01,2.63,0.71,0.63,-1.180647,36.951857,-1.174962,36.954797,16.2,21.3,27.0
579236,2023-12-19,16:16:28,2023-12-19,16:39:02,22.57,21.96,0.27,-1.174962,36.954797,-1.262348,36.803422,58.38,59.09,91.0
579236,2023-12-19,16:39:03,2023-12-19,16:40:59,1.93,0.71,0.37,-1.262348,36.803422,-1.257600,36.802913,22.07,27.31,44.0
579236,2023-12-19,17:23:30,2023-12-19,17:26:38,3.13,0.93,0.6,-1.257600,36.802913,-1.259355,36.806775,17.83,22.06,35.0
579236,2023-12-19,17:30:56,2023-12-19,17:40:31,9.58,4.3,0.02,-1.259355,36.806775,-1.245287,36.775620,26.93,26.99,43.0
579236,2023-12-19,17:40:33,2023-12-19,17:42:11,1.63,0.44,0.35,-1.245287,36.775620,-1.244232,36.778643,16.2,20.63,26.0
579236,2023-12-19,17:50:23,2023-12-19,18:00:30,10.12,5.05,0.38,-1.244232,36.778643,-1.254968,36.809395,29.94,31.11,46.0
579236,2023-12-19,18:00:46,2023-12-19,18:02:08,1.37,0.36,0.37,-1.254968,36.809395,-1.254263,36.812507,15.77,21.6,34.0
579236,2023-12-19,18:40:55,2023-12-19,18:47:38,6.72,3.2,0.45,-1.254263,36.812507,-1.255665,36.787345,28.57,30.62,46.0
579236,2023-12-19,18:53:29,2023-12-19,18:58:49,5.33,1.86,0.0,-1.255665,36.787345,-1.257362,36.802657,20.94,20.94,27.0
579236,2023-12-19,20:37:03,2023-12-19,20:40:25,3.37,1.36,0.33,-1.257578,36.802933,-1.255145,36.812768,24.21,26.84,35.0
579236,2023-12-19,20:45:10,2023-12-19,20:48:40,3.5,1.38,0.45,-1.255145,36.812768,-1.261310,36.803707,23.66,27.15,35.0
579236,2023-12-19,20:49:43,2023-12-19,20:55:02,5.32,1.96,0.43,-1.261310,36.803707,-1.263130,36.809330,22.11,24.05,36.0
579236,2023-12-19,20:57:09,2023-12-19,21:00:47,3.63,1.41,0.43,-1.263130,36.809330,-1.257582,36.802967,23.31,26.44,37.0
579236,2023-12-19,21:08:40,2023-12-19,21:16:14,7.57,4.2,0.58,-1.257582,36.802967,-1.243993,36.769867,33.29,36.05,52.0
579236,2023-12-19,21:21:10,2023-12-19,21:23:08,1.97,0.77,0.42,-1.243993,36.769867,-1.245663,36.775705,23.45,29.81,46.0
579236,2023-12-19,21:23:21,2023-12-19,21:25:06,1.75,0.49,0.45,-1.245663,36.775705,-1.244145,36.778700,16.8,22.62,28.0
579236,2023-12-19,21:25:30,2023-12-19,21:35:38,10.13,5.21,0.48,-1.244145,36.778700,-1.261972,36.789420,30.86,32.39,58.0
579236,2023-12-19,21:46:38,2023-12-19,21:48:41,2.05,0.66,0.47,-1.261972,36.789420,-1.264643,36.791523,19.32,25.06,35.0
579236,2023-12-19,21:48:56,2023-12-19,21:50:12,1.27,0.25,0.42,-1.264643,36.791523,-1.264497,36.789327,11.81,17.65,33.0
579236,2023-12-19,21:55:49,2023-12-19,22:02:55,7.1,3.3,0.42,-1.264497,36.789327,-1.266325,36.810823,27.89,29.64,52.0
579236,2023-12-19,22:07:25,2023-12-19,22:31:07,23.7,11.64,0.0,-1.266325,36.810823,-1.288073,36.891077,29.47,29.47,42.0
579236,2023-12-19,22:31:23,2023-12-19,22:33:53,2.5,0.66,0.08,-1.288073,36.891077,-1.284245,36.887262,15.84,16.36,19.0
579236,2023-12-19,22:33:57,2023-12-19,22:36:36,2.65,0.69,0.0,-1.284245,36.887262,,,15.62,15.62,20.0
579236,2023-12-20,10:31:05,2023-12-20,10:32:30,1.42,0.39,0.0,,,-1.278490,36.889702,16.48,16.48,16.0
579236,2023-12-20,10:32:31,2023-12-20,10:35:18,2.78,1.1,0.65,-1.278490,36.889702,-1.278343,36.882163,23.74,30.99,52.0
579236,2023-12-20,10:37:12,2023-12-20,10:52:43,15.52,11.84,0.52,-1.258282,36.878675,-1.257493,36.802965,45.77,47.36,89.0
579236,2023-12-20,11:29:53,2023-12-20,11:39:10,9.28,4.88,0.45,-1.257493,36.802965,-1.273818,36.778455,31.55,33.16,52.0
579236,2023-12-20,11:41:36,2023-12-20,11:49:38,8.03,4.15,0.47,-1.273872,36.778778,-1.291097,36.775292,31.01,32.94,53.0
579236,2023-12-20,12:01:55,2023-12-20,12:08:03,6.13,3.01,0.15,-1.291195,36.775197,-1.276723,36.784862,29.46,30.2,48.0
579236,2023-12-20,12:15:01,2023-12-20,12:19:48,4.78,2.08,0.38,-1.278055,36.783870,-1.281160,36.794460,26.11,28.36,43.0
579236,2023-12-20,12:23:34,2023-12-20,12:29:24,5.83,2.02,0.33,-1.281160,36.794460,-1.273762,36.803465,20.79,22.04,34.0
579236,2023-12-20,12:37:00,2023-12-20,12:40:29,3.48,1.48,0.0,-1.273762,36.803465,-1.264553,36.801595,25.52,25.52,49.0
579236,2023-12-20,12:40:36,2023-12-20,12:41:55,1.32,0.27,0.47,-1.264553,36.801595,-1.262793,36.802967,12.27,19.06,31.0
579236,2023-12-20,12:41:56,2023-12-20,12:43:48,1.87,0.4,0.63,-1.262793,36.802967,-1.262830,36.805130,12.83,19.35,26.0
579236,2023-12-20,12:48:00,2023-12-20,12:54:40,6.67,2.3,0.27,-1.262830,36.805130,-1.277355,36.814043,20.69,21.56,36.0
579236,2023-12-20,12:55:10,2023-12-20,12:57:45,2.58,0.82,0.0,-1.277355,36.814043,-1.284248,36.816307,19.07,19.07,46.0
579236,2023-12-20,12:58:10,2023-12-20,13:00:40,2.5,0.91,0.33,-1.284248,36.816307,-1.291542,36.820003,21.84,25.16,53.0
579236,2023-12-20,13:00:41,2023-12-20,13:03:36,2.92,1.61,0.0,-1.291542,36.820003,-1.304435,36.826445,33.08,33.08,64.0
579236,2023-12-20,13:03:50,2023-12-20,13:12:40,8.83,7.84,0.3,-1.305235,36.826693,-1.329617,36.886175,53.27,55.15,77.0
579236,2023-12-20,13:13:19,2023-12-20,13:17:01,3.7,1.9,0.3,-1.329617,36.886175,-1.329840,36.885020,30.81,33.53,52.0
579236,2023-12-20,13:17:09,2023-12-20,13:25:19,8.17,5.83,0.0,-1.329840,36.885020,-1.325292,36.848928,42.82,42.82,73.0
579236,2023-12-20,13:31:35,2023-12-20,13:32:57,1.37,0.28,0.48,-1.325292,36.848928,-1.322960,36.848518,12.26,18.88,23.0
579236,2023-12-20,13:33:04,2023-12-20,13:41:12,8.13,4.9,0.43,-1.322960,36.848518,-1.306862,36.818520,36.16,38.18,74.0
579236,2023-12-20,13:44:06,2023-12-20,13:45:58,1.87,0.44,0.38,-1.306862,36.818520,-1.307507,36.814832,14.12,17.72,25.0
579236,2023-12-20,13:49:29,2023-12-20,14:02:42,13.22,6.93,0.65,-1.307507,36.814832,-1.289212,36.783058,31.45,33.08,60.0
579236,2023-12-20,14:26:17,2023-12-20,14:38:16,11.98,6.48,0.17,-1.289212,36.783058,-1.248597,36.776998,32.45,32.92,64.0
579236,2023-12-20,14:38:18,2023-12-20,14:45:23,7.08,4.22,0.37,-1.248597,36.776998,-1.236648,36.749227,35.76,37.73,57.0
579236,2023-12-20,14:47:32,2023-12-20,15:00:04,12.53,6.98,0.5,-1.236648,36.749227,-1.257477,36.802845,33.42,34.81,54.0
579236,2023-12-20,15:07:27,2023-12-20,15:08:32,1.08,0.19,0.48,-1.257477,36.802845,-1.258903,36.802050,10.56,19.0,36.0
579236,2023-12-20,15:09:52,2023-12-20,15:11:16,1.4,0.37,0.18,-1.258903,36.802050,-1.260967,36.803737,15.86,18.2,28.0
579236,2023-12-20,15:34:07,2023-12-20,15:50:19,16.2,9.01,0.28,-1.260967,36.803737,-1.299098,36.759713,33.37,33.96,66.0
579236,2023-12-20,15:54:19,2023-12-20,16:08:10,13.85,9.7,0.07,-1.299098,36.759713,-1.337265,36.695030,42.02,42.24,68.0
579236,2023-12-20,16:08:23,2023-12-20,16:09:40,1.28,0.25,0.4,-1.337265,36.695030,-1.339337,36.695587,11.72,17.05,22.0
579236,2023-12-20,16:56:37,2023-12-20,16:57:50,1.22,0.33,0.0,-1.339337,36.695587,-1.336695,36.694277,16.23,16.23,19.0
579236,2023-12-20,17:02:35,2023-12-20,17:06:12,3.62,1.02,0.35,-1.336397,36.694172,-1.327672,36.691432,16.91,18.72,22.0
579236,2023-12-20,17:06:13,2023-12-20,17:25:12,18.98,12.45,0.73,-1.327672,36.691432,-1.270982,36.773755,39.36,40.93,67.0
579236,2023-12-20,17:26:57,2023-12-20,17:31:44,4.78,2.39,0.27,-1.270982,36.773755,-1.258698,36.781153,30.0,31.8,55.0
579236,2023-12-20,17:35:55,2023-12-20,17:43:23,7.47,3.03,0.0,-1.258698,36.781153,-1.257078,36.802347,24.34,24.34,57.0
579236,2023-12-20,19:24:02,2023-12-20,19:30:09,6.12,2.74,0.47,-1.257453,36.802755,-1.262463,36.824025,26.86,29.1,41.0
579236,2023-12-20,19:35:25,2023-12-20,19:42:43,7.3,3.32,0.32,-1.262463,36.824025,-1.257477,36.802983,27.29,28.54,47.0
579236,2023-12-20,20:21:02,2023-12-20,20:23:08,2.1,0.71,0.13,-1.257477,36.802983,-1.262417,36.804017,20.29,21.62,38.0
579236,2023-12-20,20:26:40,2023-12-20,20:31:34,4.9,2.49,0.5,-1.262417,36.804017,-1.264517,36.784278,30.49,33.95,51.0
579236,2023-12-20,20:42:47,2023-12-20,20:44:25,1.63,0.34,0.38,-1.264517,36.784278,-1.261830,36.784313,12.52,16.32,20.0
579236,2023-12-20,20:47:03,2023-12-20,20:54:03,7.0,3.37,0.08,-1.261830,36.784313,-1.257522,36.803142,28.89,29.22,52.0
579236,2023-12-20,21:52:14,2023-12-20,21:53:27,1.22,0.23,0.45,-1.257522,36.803142,-1.258905,36.802028,11.31,17.92,30.0
579236,2023-12-20,21:53:28,2023-12-20,21:59:22,5.9,3.26,0.42,-1.258905,36.802028,-1.279627,36.791505,33.15,35.69,50.0
579236,2023-12-20,22:01:10,2023-12-20,22:12:26,11.27,5.4,0.18,-1.279627,36.791505,-1.282923,36.823748,28.75,29.22,44.0
579236,2023-12-20,22:23:30,2023-12-20,22:24:58,1.47,0.37,0.33,-1.282675,36.823945,-1.284983,36.826228,15.1,19.47,28.0
579236,2023-12-20,22:25:00,2023-12-20,22:26:32,1.53,0.44,0.0,-1.284983,36.826228,-1.288438,36.827980,17.25,17.25,38.0
579236,2023-12-20,22:26:47,2023-12-20,22:40:42,13.92,8.22,0.0,-1.288438,36.827980,-1.288298,36.890945,35.43,35.43,57.0
579236,2023-12-20,22:41:08,2023-12-20,22:45:59,4.85,1.4,0.0,-1.288298,36.890945,,,17.32,17.32,20.0
579236,2023-12-21,10:41:19,2023-12-21,10:43:01,1.7,0.46,0.0,,,-1.278577,36.889283,16.24,16.24,19.0
579236,2023-12-21,10:43:02,2023-12-21,10:45:47,2.75,0.95,0.13,-1.278577,36.889283,-1.277937,36.883148,20.73,21.76,36.0
579236,2023-12-21,10:48:41,2023-12-21,11:02:12,13.52,10.5,0.45,-1.277937,36.883148,-1.274553,36.824487,46.6,48.2,68.0
579236,2023-12-21,11:07:02,2023-12-21,11:09:56,2.9,0.82,0.0,-1.274553,36.824487,-1.281343,36.823277,16.97,16.97,23.0
579236,2023-12-21,11:15:15,2023-12-21,11:16:59,1.73,0.42,0.22,-1.281343,36.823277,-1.279960,36.824897,14.57,16.69,23.0
579236,2023-12-21,11:17:44,2023-12-21,11:19:59,2.25,0.61,0.47,-1.279960,36.824897,-1.278208,36.820478,16.27,20.56,33.0
579236,2023-12-21,11:20:58,2023-12-21,11:28:44,7.77,3.59,0.28,-1.278208,36.820478,-1.257532,36.802857,27.72,28.76,65.0
579236,2023-12-21,11:33:18,2023-12-21,11:35:43,2.42,0.72,0.22,-1.257532,36.802857,-1.263168,36.803440,17.85,19.64,36.0
579236,2023-12-21,11:48:25,2023-12-21,11:55:00,6.58,2.57,0.42,-1.263168,36.803440,-1.277348,36.791658,23.43,25.03,57.0
579236,2023-12-21,16:38:06,2023-12-21,16:44:56,6.83,3.21,0.0,-1.277093,36.791728,-1.280253,36.769720,28.2,28.2,49.0
579236,2023-12-21,16:53:12,2023-12-21,16:58:32,5.33,1.82,0.38,-1.280222,36.769882,-1.273933,36.778412,20.49,22.06,33.0
579236,2023-12-21,17:00:25,2023-12-21,17:07:02,6.62,3.44,0.28,-1.273933,36.778412,-1.248720,36.776790,31.18,32.56,58.0
579236,2023-12-21,17:08:35,2023-12-21,17:11:07,2.53,0.93,0.4,-1.248720,36.776790,-1.245753,36.775687,22.06,26.2,53.0
579236,2023-12-21,17:11:15,2023-12-21,17:12:56,1.68,0.48,0.23,-1.245753,36.775687,-1.244190,36.778658,17.14,19.86,29.0
579236,2023-12-21,17:15:23,2023-12-21,17:23:28,8.08,4.02,0.17,-1.244190,36.778658,-1.257100,36.802367,29.85,30.49,49.0
579236,2023-12-21,18:09:44,2023-12-21,18:13:36,3.87,1.35,0.45,-1.257100,36.802367,-1.255792,36.806993,20.93,23.68,46.0
579236,2023-12-21,18:15:02,2023-12-21,18:19:48,4.77,1.9,0.42,-1.255792,36.806993,-1.247188,36.796092,23.9,26.21,43.0
579236,2023-12-21,18:29:35,2023-12-21,18:44:01,14.43,8.24,0.27,-1.247188,36.796092,-1.206613,36.777688,34.26,34.92,57.0
579236,2023-12-21,18:49:36,2023-12-21,18:51:34,1.97,0.63,0.45,-1.206613,36.777688,-1.208925,36.773940,19.19,24.87,37.0
579236,2023-12-21,18:51:53,2023-12-21,19:10:03,18.17,10.01,0.42,-1.208925,36.773940,-1.263980,36.804093,33.05,33.84,66.0
579236,2023-12-21,19:19:28,2023-12-21,19:22:01,2.55,0.93,0.22,-1.263980,36.804093,-1.257483,36.802895,21.88,23.95,54.0
579236,2023-12-21,20:32:01,2023-12-21,20:35:46,3.75,1.65,0.38,-1.257483,36.802895,-1.247137,36.796090,26.4,29.38,45.0
579236,2023-12-21,20:41:01,2023-12-21,20:46:57,5.93,2.23,0.0,-1.247137,36.796090,-1.243535,36.780853,22.56,22.56,31.0
579236,2023-12-21,20:49:36,2023-12-21,20:55:43,6.12,2.09,0.0,-1.243535,36.780853,-1.248190,36.796827,20.49,20.49,28.0
579236,2023-12-21,20:55:44,2023-12-21,20:59:32,3.8,1.46,0.0,-1.248190,36.796827,-1.256980,36.802268,23.05,23.05,32.0
579236,2023-12-21,21:25:32,2023-12-21,21:36:29,10.95,5.33,0.03,-1.257485,36.802793,-1.287963,36.793743,29.21,29.29,46.0
579236,2023-12-21,21:44:41,2023-12-21,21:56:45,12.07,6.86,0.43,-1.288020,36.793033,-1.263108,36.809297,34.1,35.36,62.0
579236,2023-12-21,21:59:10,2023-12-21,22:02:40,3.5,1.43,0.2,-1.263108,36.809297,-1.257457,36.802863,24.51,26.0,50.0
579236,2023-12-21,22:16:36,2023-12-21,22:24:51,8.25,4.23,0.0,-1.257457,36.802863,-1.281842,36.822947,30.76,30.76,59.0
579236,2023-12-21,22:35:01,2023-12-21,22:36:18,1.28,0.27,0.05,-1.281842,36.822947,-1.282838,36.824883,12.66,13.17,19.0
579236,2023-12-21,22:37:28,2023-12-21,22:58:18,20.83,10.12,0.17,-1.282838,36.824883,,,29.15,29.39,61.0
629227,2023-12-13,16:52:15,2023-12-13,16:53:55,1.67,0.5,0.0,,,-1.279578,36.769498,17.96,17.96,39.0
629227,2023-12-13,16:53:56,2023-12-13,16:56:28,2.53,1.04,0.05,-1.279578,36.769498,-1.271948,36.774862,24.66,25.16,33.0
629227,2023-12-13,16:56:29,2023-12-13,16:58:08,1.65,0.62,0.0,-1.271948,36.774862,-1.266767,36.773948,22.55,22.55,48.0
629227,2023-12-13,16:58:35,2023-12-13,17:02:15,3.67,1.06,0.0,-1.266767,36.773948,-1.259658,36.774890,17.33,17.33,30.0
629227,2023-12-13,17:02:17,2023-12-13,17:07:06,4.82,3.09,0.03,-1.259658,36.774890,-1.264325,36.747898,38.46,38.71,73.0
629227,2023-12-13,17:07:07,2023-12-13,17:08:39,1.53,0.78,0.2,-1.264325,36.747898,-1.264883,36.741045,30.59,35.19,54.0
629227,2023-12-13,17:12:25,2023-12-13,17:27:44,15.32,10.35,0.0,-1.264883,36.741045,-1.243222,36.664692,40.54,40.54,79.0
629227,2023-12-13,17:28:07,2023-12-13,17:29:27,1.33,0.31,0.17,-1.243222,36.664692,-1.245365,36.662952,13.98,16.03,21.0
629227,2023-12-13,18:45:17,2023-12-13,18:49:24,4.12,1.34,0.0,-1.245365,36.662952,-1.234890,36.668303,19.51,19.51,46.0
629227,2023-12-13,18:52:26,2023-12-13,19:07:32,15.1,15.87,0.42,-1.234890,36.668303,-1.206287,36.781013,63.06,64.86,107.0
629227,2023-12-13,20:14:48,2023-12-13,20:16:50,2.03,0.51,0.43,-1.206267,36.784142,-1.208665,36.788045,15.07,19.13,29.0
629227,2023-12-13,20:42:53,2023-12-13,20:51:10,8.28,5.3,0.25,-1.208665,36.788045,-1.174562,36.758705,38.41,39.6,50.0
629227,2023-12-13,20:51:19,2023-12-13,20:53:49,2.5,1.03,0.0,-1.174562,36.758705,-1.180142,36.763753,24.72,24.72,44.0
629227,2023-12-13,20:56:49,2023-12-13,20:59:07,2.3,1.0,0.02,-1.180142,36.763753,-1.174533,36.758767,26.09,26.32,44.0
629227,2023-12-13,21:02:46,2023-12-13,21:04:33,1.78,0.49,0.03,-1.174533,36.758767,-1.174835,36.754812,16.52,16.8,31.0
629227,2023-12-13,21:06:27,2023-12-13,21:08:09,1.7,0.45,0.4,-1.174835,36.754812,-1.174538,36.758752,15.88,20.77,33.0
629227,2023-12-13,21:08:24,2023-12-13,21:10:56,2.53,0.86,0.08,-1.174538,36.758752,-1.178008,36.755790,20.4,21.06,30.0
629227,2023-12-13,21:15:53,2023-12-13,21:17:24,1.52,0.47,0.18,-1.178008,36.755790,-1.174733,36.754823,18.55,21.04,39.0
629227,2023-12-13,21:19:19,2023-12-13,21:21:37,2.3,0.63,0.42,-1.174733,36.754823,-1.177433,36.749887,16.43,20.11,27.0
629227,2023-12-13,21:21:58,2023-12-13,21:24:24,2.43,1.06,0.32,-1.177433,36.749887,-1.174525,36.758762,26.17,30.14,48.0
629227,2023-12-13,21:43:06,2023-12-13,21:44:16,1.17,0.22,0.3,-1.174510,36.758775,-1.174873,36.756857,11.28,15.17,30.0
629227,2023-12-13,21:44:33,2023-12-13,21:45:45,1.2,0.22,0.38,-1.174873,36.756857,-1.174508,36.758770,11.0,16.1,30.0
629227,2023-12-13,21:47:06,2023-12-13,21:48:35,1.48,0.32,0.52,-1.174508,36.758770,-1.175027,36.755910,12.97,20.0,29.0
629227,2023-12-13,21:48:36,2023-12-13,21:49:56,1.33,0.32,0.4,-1.175027,36.755910,-1.174495,36.758753,14.44,20.65,27.0
629227,2023-12-13,21:50:11,2023-12-13,21:52:42,2.52,0.87,0.45,-1.174495,36.758753,-1.174502,36.758790,20.71,25.22,45.0
629227,2023-12-13,21:55:09,2023-12-13,21:59:01,3.87,1.46,0.0,-1.174502,36.758790,-1.178200,36.747222,22.64,22.64,40.0
629227,2023-12-13,21:59:25,2023-12-13,22:00:31,1.1,0.26,0.0,-1.178200,36.747222,-1.177635,36.745625,14.18,14.18,19.0
629227,2023-12-13,22:03:13,2023-12-13,22:06:54,3.68,1.68,0.45,-1.177635,36.745625,-1.174925,36.759292,27.39,31.21,52.0
629227,2023-12-13,22:32:08,2023-12-13,22:34:56,2.8,1.22,0.0,-1.174925,36.759292,,,26.14,26.14,44.0
629227,2023-12-14,07:49:52,2023-12-14,07:52:30,2.63,0.82,0.42,,,-1.175212,36.754783,18.71,22.26,31.0
629227,2023-12-14,07:52:31,2023-12-14,07:53:58,1.45,0.45,0.38,-1.175212,36.754783,-1.174552,36.758730,18.62,25.23,37.0
629227,2023-12-14,08:11:23,2023-12-14,08:13:36,2.22,0.73,0.42,-1.174552,36.758730,-1.168943,36.755897,19.73,24.33,33.0
629227,2023-12-14,08:16:00,2023-12-14,08:17:36,1.6,0.57,0.25,-1.169917,36.757153,-1.174542,36.758770,21.37,25.33,36.0
629227,2023-12-14,08:27:07,2023-12-14,08:30:29,3.37,1.06,0.45,-1.174542,36.758770,-1.177565,36.749908,18.87,21.78,39.0
629227,2023-12-14,08:30:52,2023-12-14,08:31:58,1.1,0.19,0.47,-1.177565,36.749908,-1.176512,36.751287,10.36,18.1,21.0
629227,2023-12-14,08:31:59,2023-12-14,08:34:15,2.27,0.88,0.28,-1.176512,36.751287,-1.174492,36.758812,23.26,26.53,37.0
629227,2023-12-14,08:39:46,2023-12-14,08:41:07,1.35,0.28,0.43,-1.174492,36.758812,-1.174515,36.758805,12.44,18.26,27.0
629227,2023-12-14,08:42:48,2023-12-14,08:44:51,2.05,0.57,0.0,-1.174515,36.758805,-1.175457,36.753728,16.68,16.68,33.0
629227,2023-12-14,08:45:01,2023-12-14,08:48:57,3.93,1.59,0.35,-1.175457,36.753728,-1.174542,36.758795,24.27,26.65,43.0
629227,2023-12-14,09:13:39,2023-12-14,09:22:24,8.75,5.29,0.42,-1.174575,36.758817,-1.208787,36.788005,36.27,38.1,56.0
629227,2023-12-14,09:27:07,2023-12-14,09:37:23,10.27,4.73,0.53,-1.208787,36.788005,-1.238117,36.810030,27.63,29.14,54.0
629227,2023-12-14,09:37:39,2023-12-14,09:50:43,13.07,6.49,0.25,-1.238117,36.810030,-1.264607,36.810990,29.79,30.37,56.0
629227,2023-12-14,16:31:29,2023-12-14,16:37:50,6.35,2.48,0.1,-1.264905,36.810882,-1.260033,36.826437,23.43,23.81,45.0
629227,2023-12-14,16:37:51,2023-12-14,16:54:00,16.15,8.76,0.42,-1.260033,36.826437,-1.208773,36.787998,32.54,33.41,54.0
629227,2023-12-14,17:08:17,2023-12-14,17:09:21,1.07,0.27,0.0,-1.208773,36.787998,-1.207153,36.786238,15.14,15.14,20.0
629227,2023-12-14,17:09:22,2023-12-14,17:17:34,8.2,5.03,0.4,-1.207153,36.786238,-1.174528,36.758795,36.8,38.69,46.0
629227,2023-12-14,17:17:40,2023-12-14,17:20:48,3.13,1.02,0.48,-1.174528,36.758795,-1.177345,36.750252,19.55,23.09,31.0
629227,2023-12-14,17:22:16,2023-12-14,17:25:03,2.78,1.02,0.47,-1.177345,36.750252,-1.174545,36.758825,22.01,26.49,44.0
629227,2023-12-14,17:27:22,2023-12-14,17:30:12,2.83,0.81,0.0,-1.174545,36.758825,-1.175122,36.761703,17.17,17.17,25.0
629227,2023-12-14,17:35:00,2023-12-14,17:37:29,2.48,0.69,0.0,-1.175568,36.760995,-1.173668,36.758485,16.69,16.69,23.0
629227,2023-12-14,17:45:33,2023-12-14,17:48:38,3.08,0.8,0.25,-1.173858,36.758523,-1.175563,36.760983,15.58,16.96,21.0
629227,2023-12-14,17:59:41,2023-12-14,18:03:48,4.12,1.25,0.0,-1.175563,36.760983,-1.175952,36.756512,18.2,18.2,27.0
629227,2023-12-14,18:05:50,2023-12-14,18:07:08,1.3,0.32,0.0,-1.175952,36.756512,-1.174605,36.758698,14.77,14.77,27.0
629227,2023-12-14,18:08:45,2023-12-14,18:09:58,1.22,0.36,0.0,-1.174605,36.758698,-1.175775,36.756457,17.7,17.7,32.0
629227,2023-12-14,18:15:11,2023-12-14,18:16:23,1.2,0.22,0.47,-1.176107,36.756565,-1.175262,36.754843,11.0,18.08,27.0
629227,2023-12-14,18:16:47,2023-12-14,18:18:09,1.37,0.34,0.0,-1.175262,36.754843,-1.172267,36.754878,14.89,14.89,21.0
629227,2023-12-14,18:27:16,2023-12-14,18:30:07,2.85,0.74,0.42,-1.171968,36.755805,-1.174543,36.758688,15.58,18.27,38.0
629227,2023-12-14,18:55:37,2023-12-14,19:00:47,5.17,2.11,0.28,-1.174543,36.758688,-1.185527,36.749012,24.49,25.89,39.0
629227,2023-12-14,19:01:31,2023-12-14,19:05:31,4.0,1.39,0.47,-1.185527,36.749012,-1.180752,36.750262,20.85,23.63,44.0
629227,2023-12-14,19:07:39,2023-12-14,19:11:18,3.65,1.48,0.43,-1.180752,36.750262,-1.174512,36.758805,24.33,27.58,45.0
629227,2023-12-14,19:12:42,2023-12-14,19:15:22,2.67,0.88,0.0,-1.174512,36.758805,-1.178138,36.755842,19.78,19.78,32.0
629227,2023-12-14,19:21:36,2023-12-14,19:24:43,3.12,0.83,0.63,-1.178138,36.755842,-1.177488,36.749902,15.96,20.0,32.0
629227,2023-12-14,19:29:12,2023-12-14,19:29:51,0.65,0.15,0.0,-1.176340,36.748705,-1.177098,36.749665,13.85,13.85,21.0
629227,2023-12-14,19:29:56,2023-12-14,19:32:37,2.68,1.07,0.0,-1.177098,36.749665,-1.174542,36.758800,23.96,23.96,48.0
629227,2023-12-14,20:06:34,2023-12-14,20:10:43,4.15,1.57,0.62,-1.174542,36.758800,-1.174487,36.758858,22.7,26.69,55.0
629227,2023-12-14,20:11:45,2023-12-14,20:15:22,3.62,1.11,0.17,-1.174487,36.758858,-1.177147,36.749653,18.4,19.3,36.0
629227,2023-12-14,20:18:04,2023-12-14,20:20:26,2.37,1.07,0.32,-1.177147,36.749653,-1.174555,36.758808,27.09,31.32,52.0
629227,2023-12-14,20:20:39,2023-12-14,20:21:50,1.18,0.16,0.67,-1.174555,36.758808,-1.175753,36.759565,8.14,18.82,45.0
629227,2023-12-14,20:21:51,2023-12-14,20:30:23,8.53,5.13,0.38,-1.175753,36.759565,-1.208707,36.788052,36.08,37.77,55.0
629227,2023-12-14,20:50:27,2023-12-14,21:01:25,10.97,5.34,0.15,-1.208707,36.788052,-1.174555,36.758750,29.21,29.61,43.0
629227,2023-12-14,21:40:03,2023-12-14,21:41:31,1.47,0.43,0.45,-1.174555,36.758750,-1.175238,36.754918,17.55,25.29,36.0
629227,2023-12-14,21:43:59,2023-12-14,21:46:06,2.12,0.72,0.0,-1.175238,36.754918,,,20.38,20.38,34.0
629227,2023-12-15,09:01:12,2023-12-15,09:04:28,3.27,1.24,0.35,,,-1.174497,36.758670,22.75,25.48,45.0
629227,2023-12-15,09:05:02,2023-12-15,09:28:13,23.18,13.95,0.0,-1.174497,36.758670,-1.258910,36.826912,36.11,36.11,58.0
629227,2023-12-15,09:28:18,2023-12-15,09:29:49,1.52,0.4,0.0,-1.258910,36.826912,-1.262195,36.825415,15.79,15.79,22.0
629227,2023-12-15,09:30:03,2023-12-15,09:32:11,2.13,0.67,0.45,-1.262195,36.825415,-1.267310,36.822353,18.87,23.93,32.0
629227,2023-12-15,09:32:40,2023-12-15,09:37:31,4.85,1.6,0.37,-1.267310,36.822353,-1.264577,36.810988,19.79,21.43,33.0
629227,2023-12-15,12:13:57,2023-12-15,12:15:32,1.58,0.39,0.48,-1.264577,36.810988,-1.267748,36.812082,14.81,21.27,27.0
629227,2023-12-15,12:15:33,2023-12-15,12:19:32,3.98,1.22,0.17,-1.267748,36.812082,-1.261838,36.816715,18.39,19.21,32.0
629227,2023-12-15,12:20:06,2023-12-15,12:21:20,1.23,0.26,0.25,-1.261838,36.816715,-1.259828,36.817853,12.68,15.92,21.0
629227,2023-12-15,12:25:13,2023-12-15,12:26:25,1.2,0.21,0.4,-1.259828,36.817853,-1.258218,36.818867,10.5,15.75,23.0
629227,2023-12-15,12:26:26,2023-12-15,12:29:39,3.22,1.12,0.0,-1.258218,36.818867,-1.256328,36.810992,20.87,20.87,39.0
629227,2023-12-15,12:29:43,2023-12-15,12:32:14,2.52,0.8,0.0,-1.256328,36.810992,-1.259077,36.814243,19.05,19.05,27.0
629227,2023-12-15,12:33:38,2023-12-15,12:38:33,4.92,1.57,0.2,-1.259077,36.814243,-1.264608,36.810805,19.15,19.96,40.0
629227,2023-12-15,16:03:48,2023-12-15,16:17:18,13.5,6.7,0.33,-1.264608,36.810805,-1.237192,36.808375,29.78,30.52,55.0
629227,2023-12-15,16:17:40,2023-12-15,16:19:00,1.33,0.27,0.08,-1.237192,36.808375,-1.236065,36.806217,12.18,12.96,17.0
629227,2023-12-15,16:19:01,2023-12-15,16:27:50,8.82,4.26,0.77,-1.236065,36.806217,-1.208745,36.787958,28.98,31.75,53.0
629227,2023-12-15,17:04:24,2023-12-15,17:13:40,9.27,5.27,0.18,-1.208745,36.787958,-1.174527,36.758900,34.11,34.79,53.0
629227,2023-12-15,17:19:04,2023-12-15,17:22:40,3.6,1.23,0.43,-1.174527,36.758900,-1.174528,36.758812,20.5,23.28,39.0
629227,2023-12-15,18:15:26,2023-12-15,18:18:38,3.2,1.14,0.17,-1.174528,36.758812,-1.176872,36.749457,21.37,22.57,40.0
629227,2023-12-15,18:26:41,2023-12-15,18:29:52,3.18,1.23,0.35,-1.176295,36.748372,-1.174533,36.758795,23.21,26.08,47.0
629227,2023-12-15,18:44:15,2023-12-15,18:47:15,3.0,1.08,0.43,-1.174533,36.758795,-1.167005,36.753372,21.6,25.21,33.0
629227,2023-12-15,18:47:16,2023-12-15,18:49:50,2.57,1.11,0.47,-1.167005,36.753372,-1.174542,36.758823,25.91,31.71,49.0
629227,2023-12-15,19:08:16,2023-12-15,19:10:13,1.95,0.48,0.5,-1.174542,36.758823,-1.175268,36.754613,14.77,19.86,24.0
629227,2023-12-15,19:13:58,2023-12-15,19:16:05,2.12,0.66,0.0,-1.175268,36.754613,-1.176938,36.749495,18.68,18.68,30.0
629227,2023-12-15,19:20:43,2023-12-15,19:22:55,2.2,0.7,0.25,-1.175638,36.749175,-1.175247,36.754592,19.09,21.54,37.0
629227,2023-12-15,19:23:10,2023-12-15,19:26:04,2.9,0.8,0.0,-1.175247,36.754592,-1.180210,36.755670,16.55,16.55,25.0
629227,2023-12-15,19:36:00,2023-12-15,19:38:02,2.03,0.56,0.0,-1.180210,36.755670,-1.182508,36.756048,16.55,16.55,19.0
629227,2023-12-15,19:43:21,2023-12-15,19:47:45,4.4,1.26,0.5,-1.182508,36.756048,-1.172923,36.758428,17.18,19.38,29.0
629227,2023-12-15,19:48:27,2023-12-15,19:49:34,1.12,0.21,0.23,-1.172923,36.758428,-1.174515,36.758778,11.25,14.16,24.0
629227,2023-12-15,20:33:20,2023-12-15,20:37:06,3.77,1.12,0.0,-1.174513,36.758785,-1.177038,36.749607,17.82,17.82,26.0
629227,2023-12-15,20:41:07,2023-12-15,20:44:19,3.2,1.08,0.28,-1.177038,36.749607,-1.174547,36.758780,20.25,22.19,33.0
629227,2023-12-15,21:02:21,2023-12-15,21:04:04,1.72,0.42,0.47,-1.174547,36.758780,-1.175215,36.755050,14.65,20.16,26.0
629227,2023-12-15,21:06:08,2023-12-15,21:08:47,2.65,0.79,0.43,-1.175215,36.755050,-1.176310,36.749208,17.89,21.35,36.0
629227,2023-12-15,21:09:41,2023-12-15,21:13:14,3.55,1.14,0.48,-1.176310,36.749208,-1.174510,36.758783,19.27,22.28,32.0
629227,2023-12-15,21:13:15,2023-12-15,21:16:12,2.95,0.86,0.0,-1.174510,36.758783,-1.178013,36.755745,17.49,17.49,25.0
629227,2023-12-15,21:27:10,2023-12-15,21:29:53,2.72,0.82,0.32,-1.178013,36.755745,-1.174503,36.758770,18.09,20.5,31.0
629227,2023-12-15,22:00:03,2023-12-15,22:01:43,1.67,0.68,0.48,-1.174503,36.758770,-1.179100,36.761742,24.43,34.29,53.0
629227,2023-12-15,22:04:29,2023-12-15,22:06:34,2.08,0.7,0.42,-1.178987,36.761772,-1.173870,36.758928,20.19,25.3,41.0
629227,2023-12-15,22:30:46,2023-12-15,22:39:54,9.13,5.29,0.4,-1.174500,36.758732,-1.208685,36.787997,34.76,36.36,56.0
629227,2023-12-15,22:45:01,2023-12-15,22:53:58,8.95,5.3,0.42,-1.208685,36.787997,-1.174480,36.758777,35.53,37.28,52.0
629227,2023-12-15,22:54:56,2023-12-15,22:56:23,1.45,0.3,0.42,-1.174480,36.758777,-1.172408,36.759615,12.41,17.48,29.0
629227,2023-12-15,22:58:22,2023-12-15,22:59:45,1.38,0.32,0.17,-1.172408,36.759615,-1.174490,36.758748,13.91,15.87,23.0
629227,2023-12-15,23:03:40,2023-12-15,23:06:16,2.6,0.91,0.4,-1.174490,36.758748,-1.176712,36.751012,21.0,24.82,34.0
629227,2023-12-15,23:06:17,2023-12-15,23:07:14,0.95,0.26,0.0,-1.176712,36.751012,,,16.42,16.42,17.0
629227,2023-12-16,09:22:34,2023-12-16,09:24:59,2.42,0.84,0.45,,,-1.175133,36.754773,20.83,25.58,38.0
629227,2023-12-16,09:25:00,2023-12-16,09:26:37,1.62,0.6,0.3,-1.175133,36.754773,-1.175548,36.759333,22.22,27.27,47.0
629227,2023-12-16,09:29:19,2023-12-16,09:38:18,8.98,5.06,0.23,-1.175548,36.759333,-1.165955,36.792648,33.81,34.7,51.0
629227,2023-12-16,09:44:24,2023-12-16,09:52:31,8.12,5.07,0.45,-1.165955,36.792648,-1.175613,36.759337,37.46,39.66,53.0
629227,2023-12-16,09:54:57,2023-12-16,09:58:46,3.82,1.98,0.02,-1.175220,36.759215,-1.164570,36.747337,31.1,31.26,54.0
629227,2023-12-16,09:59:47,2023-12-16,10:00:56,1.15,0.29,0.0,-1.164570,36.747337,-1.165208,36.745680,15.13,15.13,17.0
629227,2023-12-16,10:06:25,2023-12-16,10:11:01,4.6,2.12,0.42,-1.165208,36.745680,-1.174960,36.759278,27.65,30.43,50.0
629227,2023-12-16,10:20:12,2023-12-16,10:23:10,2.97,1.17,0.07,-1.174960,36.759278,-1.177115,36.749607,23.64,24.21,40.0
629227,2023-12-16,13:23:34,2023-12-16,13:26:51,3.28,1.25,0.38,-1.176293,36.748368,-1.174570,36.758768,22.87,25.86,52.0
629227,2023-12-16,13:42:39,2023-12-16,13:45:47,3.13,0.98,0.47,-1.174570,36.758768,-1.178568,36.753885,18.79,22.11,31.0
629227,2023-12-16,13:45:48,2023-12-16,13:47:21,1.55,0.48,0.23,-1.178568,36.753885,-1.175320,36.754310,18.58,21.82,39.0
629227,2023-12-16,13:47:22,2023-12-16,13:48:50,1.47,0.51,0.45,-1.175320,36.754310,-1.174533,36.758792,20.82,30.0,45.0
629227,2023-12-16,14:27:50,2023-12-16,14:28:39,0.82,0.21,0.0,-1.174665,36.758102,-1.175045,36.756292,15.37,15.37,29.0
629227,2023-12-16,14:30:42,2023-12-16,14:33:53,3.18,1.11,0.17,-1.175230,36.755052,-1.174537,36.758805,20.94,22.13,37.0
629227,2023-12-16,14:35:49,2023-12-16,14:45:37,9.8,4.78,0.45,-1.174537,36.758805,-1.151077,36.726858,29.27,30.67,47.0
629227,2023-12-16,14:48:56,2023-12-16,15:09:14,20.3,10.94,0.4,-1.151077,36.726858,-1.114490,36.704193,32.33,32.98,51.0
629227,2023-12-16,15:14:18,2023-12-16,15:37:32,23.23,15.59,0.4,-1.114490,36.704193,-1.208803,36.787953,40.27,40.97,59.0
629227,2023-12-16,15:46:43,2023-12-16,15:48:10,1.45,0.29,0.0,-1.208803,36.787953,-1.207203,36.785935,12.0,12.0,23.0
629227,2023-12-16,15:48:11,2023-12-16,15:55:49,7.63,4.3,0.38,-1.207203,36.785935,-1.180327,36.761512,33.81,35.59,48.0
629227,2023-12-16,15:58:59,2023-12-16,16:00:53,1.9,0.73,0.38,-1.180335,36.761498,-1.174573,36.758717,23.05,28.82,49.0
629227,2023-12-16,16:06:48,2023-12-16,16:09:03,2.25,0.69,0.38,-1.174573,36.758717,-1.174560,36.758752,18.4,22.14,38.0
629227,2023-12-16,16:26:24,2023-12-16,16:35:16,8.87,5.28,0.45,-1.174832,36.758587,-1.208813,36.787963,35.72,37.62,58.0
629227,2023-12-16,16:37:42,2023-12-16,16:55:50,18.13,10.63,0.17,-1.208813,36.787963,-1.270227,36.836710,35.18,35.51,58.0
629227,2023-12-16,16:55:51,2023-12-16,16:58:55,3.07,1.82,0.37,-1.270227,36.836710,-1.280023,36.843318,35.57,40.44,53.0
629227,2023-12-16,16:58:56,2023-12-16,16:59:44,0.8,0.2,0.17,-1.280023,36.843318,-1.280015,36.845123,15.0,19.05,20.0
629227,2023-12-16,17:00:05,2023-12-16,17:01:07,1.03,0.16,0.4,-1.280015,36.845123,-1.280510,36.846397,9.32,15.24,17.0
629227,2023-12-16,17:21:21,2023-12-16,17:24:53,3.53,1.63,0.37,-1.280510,36.846397,-1.279658,36.833247,27.71,30.95,52.0
629227,2023-12-16,17:24:59,2023-12-16,17:28:39,3.67,1.26,0.02,-1.279658,36.833247,-1.278953,36.824493,20.6,20.71,43.0
629227,2023-12-16,17:29:08,2023-12-16,17:30:32,1.4,0.28,0.48,-1.278953,36.824493,-1.279150,36.821985,12.0,18.26,27.0
629227,2023-12-16,17:30:33,2023-12-16,17:42:34,12.02,6.69,0.63,-1.279150,36.821985,-1.238530,36.810535,33.39,35.24,52.0
629227,2023-12-16,17:43:13,2023-12-16,18:02:35,19.37,10.73,0.17,-1.238530,36.810535,-1.175565,36.753298,33.24,33.53,53.0
629227,2023-12-16,18:02:36,2023-12-16,18:04:44,2.13,0.46,0.5,-1.175565,36.753298,-1.174263,36.751427,12.96,16.93,20.0
629227,2023-12-16,18:05:59,2023-12-16,18:08:52,2.88,1.03,0.57,-1.174263,36.751427,-1.174553,36.758775,21.46,26.75,55.0
629227,2023-12-16,18:37:38,2023-12-16,18:39:26,1.8,0.43,0.48,-1.174593,36.758727,-1.175265,36.754915,14.33,19.55,28.0
629227,2023-12-16,18:50:50,2023-12-16,18:52:59,2.15,0.67,0.0,-1.175265,36.754915,-1.177148,36.749657,18.7,18.7,35.0
629227,2023-12-16,19:00:55,2023-12-16,19:04:07,3.2,1.19,0.17,-1.176358,36.748557,-1.174547,36.758765,22.31,23.56,41.0
629227,2023-12-16,19:28:29,2023-12-16,19:30:32,2.05,0.64,0.0,-1.174547,36.758765,-1.175577,36.753110,18.73,18.73,27.0
629227,2023-12-16,19:30:33,2023-12-16,19:36:35,6.03,2.86,0.45,-1.175577,36.753110,-1.192007,36.743857,28.46,30.75,40.0
629227,2023-12-16,19:37:48,2023-12-16,19:47:25,9.62,4.67,0.0,-1.192007,36.743857,-1.206575,36.782517,29.13,29.13,54.0
629227,2023-12-16,19:49:24,2023-12-16,19:52:04,2.67,0.67,0.33,-1.206575,36.782517,-1.208698,36.788043,15.06,17.18,20.0
629227,2023-12-16,20:09:44,2023-12-16,20:11:00,1.27,0.28,0.17,-1.208698,36.788043,-1.207207,36.786030,13.23,15.27,20.0
629227,2023-12-16,20:11:01,2023-12-16,20:21:15,10.23,5.03,0.3,-1.207207,36.786030,-1.174540,36.758740,29.5,30.39,51.0
629227,2023-12-16,20:32:06,2023-12-16,20:34:57,2.85,0.86,0.0,-1.174540,36.758740,-1.178020,36.755755,18.11,18.11,27.0
629227,2023-12-16,21:17:49,2023-12-16,21:20:07,2.3,0.88,0.2,-1.178020,36.755755,-1.174472,36.758825,22.96,25.14,50.0
629227,2023-12-16,22:34:01,2023-12-16,22:37:27,3.43,1.53,0.47,-1.174507,36.758767,-1.185673,36.766197,26.76,31.01,44.0
629227,2023-12-16,22:38:25,2023-12-16,22:39:36,1.18,0.26,0.47,-1.185673,36.766197,-1.184523,36.764172,13.22,21.97,38.0
629227,2023-12-16,22:39:48,2023-12-16,22:41:17,1.48,0.43,0.37,-1.184523,36.764172,-1.181153,36.762405,17.43,23.24,35.0
629227,2023-12-16,22:49:25,2023-12-16,22:50:52,1.45,0.46,0.45,-1.181153,36.762405,-1.184738,36.764360,19.03,27.6,44.0
629227,2023-12-16,22:54:35,2023-12-16,22:57:19,2.73,1.32,0.48,-1.184738,36.764360,-1.174423,36.758798,29.01,35.2,52.0
629227,2023-12-16,22:57:46,2023-12-16,23:06:29,8.72,4.82,0.15,-1.174423,36.758798,,,33.17,33.75,57.0
629227,2023-12-17,00:41:57,2023-12-17,00:43:41,1.73,0.49,0.43,,,-1.208718,36.788033,16.99,22.62,38.0
629227,2023-12-17,00:45:25,2023-12-17,01:05:32,20.12,12.12,0.35,-1.208718,36.788033,-1.209127,36.882100,36.14,36.78,55.0
629227,2023-12-17,01:07:12,2023-12-17,01:09:16,2.07,0.64,0.17,-1.209127,36.882100,-1.211128,36.887498,18.55,20.21,30.0
629227,2023-12-17,01:09:17,2023-12-17,01:10:44,1.45,0.51,0.28,-1.211128,36.887498,-1.212733,36.891558,21.1,26.15,29.0
629227,2023-12-17,05:07:35,2023-12-17,05:10:24,2.82,0.93,0.0,-1.212733,36.891558,-1.209820,36.883755,19.79,19.79,33.0
629227,2023-12-17,05:11:39,2023-12-17,05:31:07,19.47,11.74,0.0,-1.209820,36.883755,-1.205133,36.786563,36.18,36.18,53.0
629227,2023-12-17,05:31:29,2023-12-17,05:33:18,1.82,0.54,0.42,-1.205133,36.786563,-1.208665,36.788057,17.8,23.14,35.0
629227,2023-12-17,05:41:42,2023-12-17,05:54:38,12.93,6.6,0.0,-1.208665,36.788057,-1.176300,36.748313,30.63,30.63,51.0
629227,2023-12-17,12:08:01,2023-12-17,12:09:38,1.62,0.4,0.47,-1.176375,36.748177,-1.178607,36.748195,14.81,20.87,30.0
629227,2023-12-17,12:11:18,2023-12-17,12:12:32,1.23,0.31,0.0,-1.178607,36.748195,-1.176860,36.749380,15.12,15.12,25.0
629227,2023-12-17,12:58:54,2023-12-17,13:12:43,13.82,6.54,0.38,-1.176328,36.748355,-1.208758,36.787997,28.39,29.2,49.0
629227,2023-12-17,13:27:24,2023-12-17,13:37:56,10.53,5.3,0.33,-1.208758,36.787997,-1.174522,36.758813,30.2,31.18,41.0
629227,2023-12-17,13:55:26,2023-12-17,13:58:34,3.13,1.14,0.0,-1.174522,36.758813,-1.176960,36.749508,21.85,21.85,33.0
629227,2023-12-17,15:12:15,2023-12-17,15:15:55,3.67,1.21,0.17,-1.176307,36.748388,-1.174080,36.757965,19.78,20.74,30.0
629227,2023-12-17,15:53:58,2023-12-17,15:57:24,3.43,1.33,0.0,-1.173640,36.757833,-1.176883,36.749463,23.27,23.27,41.0
629227,2023-12-17,19:55:25,2023-12-17,19:57:56,2.52,0.66,0.0,-1.176323,36.748405,-1.179757,36.752868,15.71,15.71,21.0
629227,2023-12-17,19:59:17,2023-12-17,20:02:46,3.48,1.01,0.0,-1.179757,36.752868,-1.178375,36.759125,17.41,17.41,23.0
629227,2023-12-17,20:03:00,2023-12-17,20:04:25,1.42,0.44,0.47,-1.178375,36.759125,-1.175117,36.759223,18.59,27.79,47.0
629227,2023-12-17,20:12:59,2023-12-17,20:15:23,2.4,0.5,0.8,-1.175117,36.759223,-1.172598,36.758305,12.5,18.75,33.0
629227,2023-12-17,20:18:26,2023-12-17,20:20:05,1.65,0.43,0.33,-1.172598,36.758305,-1.173633,36.754757,15.64,19.55,34.0
629227,2023-12-17,20:20:09,2023-12-17,20:21:14,1.08,0.24,0.17,-1.173633,36.754757,-1.172933,36.752920,13.33,15.82,20.0
629227,2023-12-17,20:25:07,2023-12-17,20:27:35,2.47,0.8,0.23,-1.172933,36.752920,-1.178022,36.755710,19.43,21.43,40.0
629227,2023-12-17,20:27:43,2023-12-17,20:30:20,2.62,0.98,0.48,-1.178022,36.755710,-1.173382,36.757675,22.44,27.48,55.0
629227,2023-12-17,20:42:31,2023-12-17,20:45:21,2.83,1.01,0.17,-1.173382,36.757675,-1.174812,36.762147,21.41,22.78,40.0
629227,2023-12-17,20:46:11,2023-12-17,20:49:13,3.03,0.76,0.37,-1.174812,36.762147,-1.174863,36.759248,15.05,17.14,26.0
629227,2023-12-17,21:35:16,2023-12-17,21:38:12,2.93,1.19,0.0,-1.174863,36.759248,,,24.37,24.37,37.0
629227,2023-12-18,08:00:55,2023-12-18,08:04:18,3.38,1.28,0.33,,,-1.174487,36.758757,22.72,25.18,39.0
629227,2023-12-18,09:09:34,2023-12-18,09:18:53,9.32,5.3,0.43,-1.174487,36.758757,-1.208758,36.787958,34.12,35.77,55.0
629227,2023-12-18,09:22:11,2023-12-18,09:43:44,21.55,11.2,0.75,-1.208758,36.787958,-1.264622,36.810872,31.18,32.31,56.0
629227,2023-12-18,16:10:24,2023-12-18,16:15:42,5.3,1.68,0.0,-1.264582,36.810787,-1.266207,36.823295,19.02,19.02,33.0
629227,2023-12-18,16:15:43,2023-12-18,16:32:55,17.2,9.54,0.45,-1.266207,36.823295,-1.208787,36.787962,33.28,34.17,53.0
629227,2023-12-18,16:37:53,2023-12-18,16:38:55,1.03,0.23,0.0,-1.208787,36.787962,-1.207648,36.786243,13.4,13.4,23.0
629227,2023-12-18,16:58:04,2023-12-18,17:04:27,6.38,2.83,0.45,-1.207682,36.785997,-1.188758,36.771888,26.61,28.63,45.0
629227,2023-12-18,17:06:45,2023-12-18,17:07:56,1.18,0.29,0.0,-1.188758,36.771888,-1.190573,36.769993,14.75,14.75,18.0
629227,2023-12-18,17:11:19,2023-12-18,17:19:41,8.37,3.45,0.5,-1.190573,36.769993,-1.178202,36.755835,24.73,26.3,42.0
629227,2023-12-18,17:28:21,2023-12-18,17:29:49,1.47,0.36,0.17,-1.178202,36.755835,-1.175445,36.754165,14.69,16.62,20.0
629227,2023-12-18,17:29:50,2023-12-18,17:31:24,1.57,0.52,0.27,-1.175445,36.754165,-1.174645,36.758717,19.87,24.0,35.0
629227,2023-12-18,17:39:32,2023-12-18,17:42:17,2.75,0.88,0.0,-1.173907,36.758573,-1.178050,36.755788,19.2,19.2,43.0
629227,2023-12-18,18:02:01,2023-12-18,18:04:40,2.65,0.88,0.0,-1.178050,36.755788,-1.177107,36.749587,19.92,19.92,33.0
629227,2023-12-18,18:15:23,2023-12-18,18:18:06,2.72,0.92,0.02,-1.176347,36.748310,-1.174085,36.755215,20.29,20.44,45.0
629227,2023-12-18,18:24:51,2023-12-18,18:29:54,5.05,2.48,0.07,-1.174267,36.755757,-1.160665,36.750917,29.47,29.88,48.0
629227,2023-12-18,18:33:38,2023-12-18,18:38:27,4.82,2.14,0.43,-1.160665,36.750917,-1.175057,36.759325,26.64,29.25,43.0
629227,2023-12-18,18:49:58,2023-12-18,18:53:39,3.68,1.17,0.12,-1.175057,36.759325,-1.177823,36.750167,19.08,19.72,27.0
629227,2023-12-18,18:55:03,2023-12-18,18:57:31,2.47,0.84,0.22,-1.177823,36.750167,-1.177800,36.755592,20.4,22.4,31.0
629227,2023-12-18,19:12:19,2023-12-18,19:17:51,5.53,1.56,0.38,-1.177860,36.755658,-1.177790,36.755578,16.93,18.17,33.0
629227,2023-12-18,19:17:52,2023-12-18,19:19:32,1.67,0.49,0.0,-1.177790,36.755578,-1.174680,36.755278,17.6,17.6,38.0
629227,2023-12-18,19:21:45,2023-12-18,19:23:35,1.83,0.46,0.15,-1.174680,36.755278,-1.176370,36.751593,15.08,16.43,22.0
629227,2023-12-18,19:23:47,2023-12-18,19:25:17,1.5,0.37,0.0,-1.176370,36.751593,-1.178408,36.749732,14.8,14.8,20.0
629227,2023-12-18,19:28:38,2023-12-18,19:31:16,2.63,1.15,0.22,-1.178408,36.749732,-1.174538,36.758732,26.24,28.63,43.0
629227,2023-12-18,19:35:32,2023-12-18,19:42:43,7.18,3.51,0.43,-1.174538,36.758732,-1.192010,36.743858,29.33,31.2,54.0
629227,2023-12-18,19:42:47,2023-12-18,19:49:42,6.92,3.53,0.45,-1.192010,36.743858,-1.174547,36.758782,30.61,32.74,55.0
629227,2023-12-18,19:51:38,2023-12-18,19:53:42,2.07,0.63,0.0,-1.174547,36.758782,-1.175550,36.753257,18.26,18.26,28.0
629227,2023-12-18,20:00:07,2023-12-18,20:01:54,1.78,0.63,0.28,-1.175550,36.753257,-1.174538,36.758790,21.24,25.2,39.0
629227,2023-12-18,20:23:08,2023-12-18,20:26:51,3.72,1.12,0.0,-1.174507,36.758803,-1.176987,36.749595,18.06,18.06,34.0
629227,2023-12-18,20:30:59,2023-12-18,20:33:34,2.58,1.07,0.23,-1.176987,36.749595,-1.174530,36.758757,24.88,27.32,40.0
629227,2023-12-18,20:42:33,2023-12-18,20:44:40,2.12,0.68,0.47,-1.174530,36.758757,-1.179075,36.761762,19.25,24.73,40.0
629227,2023-12-18,20:46:55,2023-12-18,20:48:52,1.95,0.65,0.22,-1.179075,36.761762,-1.174532,36.758752,20.0,22.54,43.0
629227,2023-12-18,21:38:15,2023-12-18,21:42:06,3.85,1.46,0.0,-1.174532,36.758752,-1.178185,36.747088,22.75,22.75,38.0
629227,2023-12-18,21:44:50,2023-12-18,21:49:20,4.5,1.92,0.42,-1.178185,36.747088,-1.174533,36.758813,25.6,28.24,53.0
629227,2023-12-18,21:59:17,2023-12-18,22:07:00,7.72,5.28,0.4,-1.174533,36.758813,-1.208715,36.788032,41.04,43.28,55.0
629227,2023-12-18,22:10:25,2023-12-18,22:21:31,11.1,5.55,0.45,-1.208715,36.788032,-1.174460,36.758802,30.0,31.27,47.0
629227,2023-12-18,22:57:18,2023-12-18,22:59:54,2.6,1.16,0.0,-1.174460,36.758802,,,26.77,26.77,45.0
629227,2023-12-19,08:03:37,2023-12-19,08:06:41,3.07,1.28,0.22,,,-1.174705,36.758695,25.02,26.95,45.0
629227,2023-12-19,08:31:00,2023-12-19,08:34:59,3.98,1.47,0.0,-1.174560,36.758750,-1.174620,36.758960,22.16,22.16,33.0
629227,2023-12-19,08:40:31,2023-12-19,08:43:06,2.58,0.94,0.33,-1.174447,36.758737,-1.178347,36.754108,21.86,25.07,39.0
629227,2023-12-19,08:43:55,2023-12-19,08:45:25,1.5,0.35,0.48,-1.178347,36.754108,-1.176393,36.751753,14.0,20.59,25.0
629227,2023-12-19,08:45:26,2023-12-19,08:46:53,1.45,0.34,0.5,-1.176393,36.751753,-1.178693,36.753705,14.07,21.47,22.0
629227,2023-12-19,08:46:57,2023-12-19,08:49:33,2.6,0.65,0.67,-1.178693,36.753705,-1.178232,36.753260,15.0,20.21,30.0
629227,2023-12-19,08:49:34,2023-12-19,08:50:43,1.15,0.27,0.5,-1.178232,36.753260,-1.176402,36.751708,14.09,24.92,31.0
629227,2023-12-19,08:51:14,2023-12-19,08:54:12,2.97,0.69,0.8,-1.176402,36.751708,-1.178692,36.753700,13.94,19.08,32.0
629227,2023-12-19,08:54:19,2023-12-19,08:58:55,4.6,1.46,0.55,-1.178692,36.753700,-1.174537,36.758725,19.04,21.63,33.0
629227,2023-12-19,08:59:03,2023-12-19,09:02:07,3.07,1.08,0.45,-1.174537,36.758725,-1.178125,36.753193,21.11,24.73,49.0
629227,2023-12-19,09:03:04,2023-12-19,09:05:44,2.67,1.07,0.47,-1.178125,36.753193,-1.174568,36.758685,24.04,29.18,53.0
629227,2023-12-19,09:06:09,2023-12-19,09:11:32,5.38,3.32,0.47,-1.174568,36.758685,-1.194628,36.779475,37.03,40.57,55.0
629227,2023-12-19,09:11:33,2023-12-19,09:15:22,3.82,1.97,0.55,-1.194628,36.779475,-1.208742,36.788022,30.94,36.15,57.0
629227,2023-12-19,09:18:20,2023-12-19,09:27:41,9.35,4.68,0.47,-1.208742,36.788022,-1.237787,36.809738,30.03,31.62,54.0
629227,2023-12-19,09:29:46,2023-12-19,09:37:37,7.85,4.32,0.0,-1.237787,36.809738,-1.261805,36.825642,33.02,33.02,54.0
629227,2023-12-19,09:37:47,2023-12-19,09:47:44,9.95,3.2,0.17,-1.261805,36.825642,-1.264567,36.810858,19.3,19.63,35.0
629227,2023-12-19,16:15:54,2023-12-19,16:40:38,24.73,11.48,0.0,-1.264560,36.810907,-1.207152,36.786208,27.85,27.85,51.0
629227,2023-12-19,16:40:39,2023-12-19,16:50:04,9.42,5.03,0.35,-1.207152,36.786208,-1.174593,36.758750,32.04,33.27,47.0
629227,2023-12-19,17:15:05,2023-12-19,17:16:25,1.33,0.35,0.0,-1.174538,36.758863,-1.175155,36.755792,15.79,15.79,29.0
629227,2023-12-19,17:17:38,2023-12-19,17:19:03,1.42,0.34,0.4,-1.175155,36.755792,-1.174552,36.758797,14.37,20.0,24.0
629227,2023-12-19,17:19:14,2023-12-19,17:20:21,1.12,0.2,0.35,-1.174552,36.758797,-1.175703,36.759620,10.71,15.58,22.0
629227,2023-12-19,17:26:37,2023-12-19,17:28:12,1.58,0.41,0.0,-1.174617,36.758818,-1.174363,36.755765,15.57,15.57,23.0
629227,2023-12-19,17:31:08,2023-12-19,17:33:27,2.32,0.61,0.35,-1.174042,36.755388,-1.174567,36.758800,15.78,18.58,29.0
629227,2023-12-19,17:34:00,2023-12-19,17:35:11,1.18,0.21,0.4,-1.174567,36.758800,-1.174943,36.756938,10.68,16.15,32.0
629227,2023-12-19,17:35:12,2023-12-19,17:38:19,3.12,0.94,0.0,-1.174943,36.756938,-1.176918,36.749445,18.08,18.08,26.0
629227,2023-12-19,17:48:07,2023-12-19,17:52:03,3.93,1.19,0.0,-1.176402,36.748670,-1.174617,36.758747,18.17,18.17,25.0
629227,2023-12-19,17:59:38,2023-12-19,18:03:02,3.4,1.12,0.0,-1.174617,36.758747,-1.177088,36.749577,19.76,19.76,35.0
629227,2023-12-19,18:04:54,2023-12-19,18:07:37,2.72,1.08,0.07,-1.177088,36.749577,-1.174612,36.758747,23.82,24.45,37.0
629227,2023-12-19,19:13:35,2023-12-19,19:17:25,3.83,1.44,0.0,-1.174612,36.758747,-1.178302,36.747250,22.56,22.56,36.0
629227,2023-12-19,19:20:36,2023-12-19,19:22:58,2.37,0.69,0.0,-1.178302,36.747250,-1.178252,36.747032,17.47,17.47,24.0
629227,2023-12-19,19:23:17,2023-12-19,19:24:57,1.67,0.54,0.0,-1.178252,36.747032,-1.177508,36.751090,19.4,19.4,30.0
629227,2023-12-19,19:25:06,2023-12-19,19:26:13,1.12,0.28,0.0,-1.177508,36.751090,-1.179448,36.752648,15.0,15.0,20.0
629227,2023-12-19,19:31:12,2023-12-19,19:33:24,2.2,0.69,0.0,-1.179448,36.752648,-1.174628,36.753033,18.82,18.82,25.0
629227,2023-12-19,19:34:58,2023-12-19,19:36:23,1.42,0.37,0.0,-1.174628,36.753033,-1.174503,36.752998,15.63,15.63,20.0
629227,2023-12-19,19:36:31,2023-12-19,19:38:31,2.0,0.68,0.25,-1.174503,36.752998,-1.174563,36.758687,20.4,23.31,44.0
629227,2023-12-19,19:39:18,2023-12-19,19:41:23,2.08,0.62,0.0,-1.174563,36.758687,-1.175507,36.753213,17.88,17.88,26.0
629227,2023-12-19,19:41:24,2023-12-19,19:45:33,4.15,1.49,0.68,-1.175507,36.753213,-1.174563,36.758760,21.54,25.76,39.0
629227,2023-12-19,19:56:09,2023-12-19,19:59:31,3.37,1.12,0.0,-1.174563,36.758760,-1.177040,36.749578,19.94,19.94,36.0
629227,2023-12-19,20:01:00,2023-12-19,20:03:59,2.98,1.08,0.47,-1.177040,36.749578,-1.174538,36.758803,21.74,25.82,43.0
629227,2023-12-19,20:04:00,2023-12-19,20:11:20,7.33,3.53,0.45,-1.174538,36.758803,-1.192032,36.743890,28.89,30.78,51.0
629227,2023-12-19,20:11:21,2023-12-19,20:20:02,8.68,5.35,0.37,-1.192032,36.743890,-1.208710,36.788040,36.98,38.63,55.0
629227,2023-12-19,20:34:54,2023-12-19,20:47:50,12.93,5.08,0.25,-1.207565,36.786103,-1.174532,36.758750,23.57,24.04,32.0
629227,2023-12-19,20:55:01,2023-12-19,20:58:09,3.13,1.09,0.0,-1.174532,36.758750,-1.179335,36.753413,20.89,20.89,34.0
629227,2023-12-19,21:01:55,2023-12-19,21:04:19,2.4,1.08,0.43,-1.179335,36.753413,-1.174512,36.758770,27.0,32.89,48.0
629227,2023-12-19,21:13:53,2023-12-19,21:16:40,2.78,0.86,0.0,-1.174512,36.758770,-1.177985,36.755763,18.56,18.56,24.0
629227,2023-12-19,21:31:27,2023-12-19,21:33:32,2.08,0.85,0.38,-1.177785,36.755565,-1.174505,36.758815,24.52,30.0,48.0
629227,2023-12-19,23:40:31,2023-12-19,23:43:55,3.4,1.31,0.23,-1.174518,36.758767,,,23.12,24.79,44.0
629227,2023-12-20,08:35:41,2023-12-20,08:39:41,4.0,1.2,0.33,,,-1.174560,36.758775,18.0,19.62,27.0
629227,2023-12-20,09:17:13,2023-12-20,09:20:28,3.25,1.24,0.0,-1.174560,36.758775,-1.178233,36.752140,22.89,22.89,40.0
629227,2023-12-20,09:22:02,2023-12-20,09:24:53,2.85,1.05,0.38,-1.178233,36.752140,-1.174523,36.758780,22.11,25.51,40.0
629227,2023-12-20,09:34:02,2023-12-20,09:39:48,5.77,3.31,0.45,-1.174523,36.758780,-1.194583,36.779403,34.42,37.33,57.0
629227,2023-12-20,09:39:49,2023-12-20,09:44:14,4.42,1.98,0.4,-1.194583,36.779403,-1.208775,36.788010,26.88,29.55,44.0
629227,2023-12-20,09:46:02,2023-12-20,10:04:04,18.03,10.92,0.25,-1.208775,36.788010,-1.262418,36.812338,36.34,36.85,57.0
629227,2023-12-20,10:04:05,2023-12-20,10:05:14,1.15,0.3,0.13,-1.262418,36.812338,-1.264555,36.810835,15.65,17.65,35.0
629227,2023-12-20,16:06:54,2023-12-20,16:28:36,21.7,11.24,0.6,-1.264555,36.810835,-1.208817,36.787960,31.08,31.96,56.0
629227,2023-12-20,16:34:29,2023-12-20,16:35:46,1.28,0.28,0.03,-1.208817,36.787960,-1.207782,36.785982,13.13,13.44,24.0
629227,2023-12-20,16:51:38,2023-12-20,16:59:21,7.72,4.72,0.3,-1.207782,36.785982,-1.177602,36.760133,36.68,38.17,50.0
629227,2023-12-20,16:59:27,2023-12-20,17:00:50,1.38,0.3,0.43,-1.177602,36.760133,-1.177628,36.760125,13.04,18.95,28.0
629227,2023-12-20,17:01:57,2023-12-20,17:04:04,2.12,0.78,0.0,-1.177628,36.760125,-1.174075,36.756000,22.08,22.08,41.0
629227,2023-12-20,17:15:51,2023-12-20,17:16:45,0.9,0.13,0.47,-1.174020,36.755343,-1.175008,36.754760,8.67,18.14,29.0
629227,2023-12-20,17:18:35,2023-12-20,17:19:52,1.28,0.35,0.27,-1.175008,36.754760,-1.177843,36.755575,16.41,20.79,36.0
629227,2023-12-20,17:36:08,2023-12-20,17:38:25,2.28,0.54,0.28,-1.177843,36.755575,-1.174835,36.755863,14.21,16.2,28.0
629227,2023-12-20,17:41:15,2023-12-20,17:42:53,1.63,0.52,0.3,-1.174835,36.755863,-1.177853,36.755602,19.14,23.46,51.0
629227,2023-12-20,17:53:01,2023-12-20,17:54:57,1.93,0.87,0.0,-1.177853,36.755602,-1.174712,36.758983,27.05,27.05,44.0
629227,2023-12-20,18:00:40,2023-12-20,18:02:27,1.78,0.51,0.0,-1.174712,36.758983,-1.172903,36.760805,17.19,17.19,21.0
629227,2023-12-20,18:07:30,2023-12-20,18:09:50,2.33,0.68,0.0,-1.172903,36.760805,-1.173082,36.758635,17.51,17.51,27.0
629227,2023-12-20,18:09:56,2023-12-20,18:12:47,2.85,1.01,0.25,-1.173082,36.758635,-1.177790,36.755572,21.26,23.31,39.0
629227,2023-12-20,18:33:05,2023-12-20,18:35:42,2.62,0.86,0.17,-1.177790,36.755572,-1.173920,36.758130,19.69,21.06,36.0
629227,2023-12-20,18:40:39,2023-12-20,18:42:57,2.3,0.73,0.48,-1.174535,36.758813,-1.168970,36.755922,19.04,24.07,30.0
629227,2023-12-20,18:44:00,2023-12-20,18:49:35,5.58,1.99,0.17,-1.168970,36.755922,-1.178667,36.749967,21.4,22.07,45.0
629227,2023-12-20,18:49:58,2023-12-20,18:50:59,1.02,0.25,0.0,-1.178667,36.749967,-1.180648,36.750385,14.71,14.71,17.0
629227,2023-12-20,18:57:27,2023-12-20,18:59:25,1.97,0.48,0.32,-1.180727,36.750240,-1.177168,36.749675,14.62,17.45,22.0
629227,2023-12-20,19:00:35,2023-12-20,19:01:43,1.13,0.18,0.48,-1.177168,36.749675,-1.176307,36.748313,9.56,16.62,20.0
629227,2023-12-20,19:05:32,2023-12-20,19:08:51,3.32,1.19,0.47,-1.176307,36.748313,-1.174533,36.758373,21.51,25.05,36.0
629227,2023-12-20,19:10:42,2023-12-20,19:14:02,3.33,0.89,0.33,-1.174533,36.758373,-1.175490,36.760983,16.04,17.8,24.0
629227,2023-12-20,19:27:43,2023-12-20,19:30:39,2.93,0.84,0.0,-1.175490,36.760983,-1.174513,36.758815,17.2,17.2,24.0
629227,2023-12-20,19:44:23,2023-12-20,19:46:31,2.13,0.63,0.0,-1.174430,36.758728,-1.175525,36.753220,17.75,17.75,23.0
629227,2023-12-20,19:46:32,2023-12-20,19:48:01,1.48,0.51,0.0,-1.175525,36.753220,-1.176823,36.749405,20.68,20.68,29.0
629227,2023-12-20,19:50:51,2023-12-20,19:52:03,1.2,0.24,0.45,-1.176823,36.749405,-1.176528,36.751392,12.0,19.2,33.0
629227,2023-12-20,19:54:34,2023-12-20,20:02:55,8.35,4.39,0.8,-1.176528,36.751392,-1.191987,36.743862,31.54,34.89,60.0
629227,2023-12-20,20:02:56,2023-12-20,20:09:56,7.0,3.52,0.45,-1.191987,36.743862,-1.174533,36.758852,30.17,32.24,56.0
629227,2023-12-20,20:14:54,2023-12-20,20:23:15,8.35,5.28,0.38,-1.174533,36.758852,-1.208747,36.788023,37.94,39.75,58.0
629227,2023-12-20,20:26:49,2023-12-20,20:29:33,2.73,1.05,0.0,-1.208747,36.788023,-1.200557,36.786258,23.08,23.08,44.0
629227,2023-12-20,20:32:46,2023-12-20,20:42:07,9.35,4.49,0.22,-1.199983,36.786670,-1.174565,36.758790,28.81,29.51,46.0
629227,2023-12-20,21:55:43,2023-12-20,21:57:43,2.0,0.68,0.47,-1.174477,36.758743,-1.179058,36.761730,20.4,26.67,43.0
629227,2023-12-20,22:00:36,2023-12-20,22:02:38,2.03,0.72,0.22,-1.179058,36.761730,-1.174303,36.758292,21.28,23.87,43.0
629227,2023-12-20,22:44:53,2023-12-20,22:46:22,1.48,0.39,0.0,-1.174472,36.758785,-1.175830,36.756490,15.81,15.81,20.0
629227,2023-12-20,22:47:36,2023-12-20,22:50:24,2.8,1.05,0.4,-1.175830,36.756490,-1.175922,36.752342,22.5,26.25,37.0
629227,2023-12-20,22:52:01,2023-12-20,22:53:52,1.85,0.74,0.45,-1.175922,36.752342,-1.174475,36.758778,24.0,31.71,54.0
629227,2023-12-20,22:57:57,2023-12-20,22:59:43,1.77,0.47,0.5,-1.174898,36.759240,-1.170922,36.757755,15.93,22.2,30.0
629227,2023-12-20,23:00:27,2023-12-20,23:01:57,1.5,0.43,0.47,-1.170922,36.757755,-1.174473,36.758795,17.2,25.05,41.0
629227,2023-12-20,23:02:11,2023-12-20,23:03:34,1.38,0.27,0.27,-1.174473,36.758795,-1.174470,36.758750,11.74,14.59,24.0
629227,2023-12-20,23:21:12,2023-12-20,23:25:21,4.15,1.53,0.0,-1.174470,36.758750,-1.178252,36.746495,22.12,22.12,45.0
629227,2023-12-20,23:25:22,2023-12-20,23:29:23,4.02,1.15,0.48,-1.178252,36.746495,-1.184167,36.746227,17.16,19.49,24.0
629227,2023-12-20,23:30:45,2023-12-20,23:34:29,3.73,1.31,0.42,-1.184167,36.746227,-1.178890,36.747603,21.07,23.75,40.0
629227,2023-12-20,23:34:39,2023-12-20,23:37:33,2.9,1.38,0.48,-1.178890,36.747603,-1.174445,36.758918,28.55,34.21,44.0
629227,2023-12-20,23:42:40,2023-12-20,23:47:06,4.43,1.35,0.33,-1.174445,36.758918,,,18.28,19.76,27.0
629227,2023-12-21,08:37:50,2023-12-21,08:41:23,3.55,1.42,0.47,,,-1.174533,36.758800,24.0,27.66,51.0
629227,2023-12-21,09:09:37,2023-12-21,09:18:24,8.78,4.57,0.32,-1.174533,36.758800,-1.196488,36.784935,31.23,32.41,60.0
629227,2023-12-21,09:49:56,2023-12-21,09:51:59,2.05,0.82,0.48,-1.196520,36.784835,-1.202740,36.785482,24.0,31.34,55.0
629227,2023-12-21,09:56:01,2023-12-21,10:14:34,18.55,11.99,0.35,-1.202740,36.785482,-1.264603,36.810838,38.78,39.53,61.0
629227,2023-12-21,16:11:43,2023-12-21,16:23:50,12.12,5.1,0.17,-1.264603,36.810838,-1.248447,36.816490,25.25,25.61,45.0
629227,2023-12-21,16:24:02,2023-12-21,16:35:20,11.3,6.14,0.45,-1.248447,36.816490,-1.208777,36.787915,32.6,33.95,54.0
629227,2023-12-21,16:53:49,2023-12-21,16:54:53,1.07,0.26,0.0,-1.208777,36.787915,-1.207808,36.786005,14.58,14.58,18.0
629227,2023-12-21,16:58:05,2023-12-21,17:01:04,2.98,0.74,0.33,-1.207753,36.785793,-1.208465,36.783932,14.9,16.75,30.0
629227,2023-12-21,17:10:50,2023-12-21,17:11:52,1.03,0.17,0.45,-1.208465,36.783932,-1.206977,36.783830,9.9,17.59,24.0
629227,2023-12-21,17:11:59,2023-12-21,17:20:46,8.78,4.9,0.0,-1.206977,36.783830,-1.178265,36.759488,33.49,33.49,53.0
629227,2023-12-21,17:24:00,2023-12-21,17:27:20,3.33,0.92,0.0,-1.178265,36.759488,-1.186095,36.756885,16.58,16.58,21.0
629227,2023-12-21,17:35:32,2023-12-21,17:37:12,1.67,0.46,0.0,-1.186443,36.756695,-1.182573,36.756050,16.53,16.53,18.0
629227,2023-12-21,17:37:29,2023-12-21,17:38:57,1.47,0.42,0.0,-1.182573,36.756050,-1.180233,36.753220,17.14,17.14,26.0
629227,2023-12-21,17:39:43,2023-12-21,17:41:28,1.75,0.45,0.0,-1.180233,36.753220,-1.177078,36.750650,15.43,15.43,18.0
629227,2023-12-21,17:49:20,2023-12-21,17:52:32,3.2,1.16,0.33,-1.176350,36.748677,-1.174572,36.758797,21.75,24.25,35.0
629227,2023-12-21,19:09:29,2023-12-21,19:12:56,3.45,1.08,0.0,-1.174572,36.758797,-1.179262,36.753542,18.78,18.78,29.0
629227,2023-12-21,19:15:30,2023-12-21,19:19:57,4.45,1.12,0.77,-1.179262,36.753542,-1.180743,36.750268,15.1,18.26,38.0
629227,2023-12-21,19:23:21,2023-12-21,19:25:37,2.27,0.72,0.47,-1.180743,36.750268,-1.176025,36.751973,19.03,24.0,38.0
629227,2023-12-21,19:25:38,2023-12-21,19:27:38,2.0,0.78,0.2,-1.176025,36.751973,-1.174518,36.758758,23.4,26.0,36.0
629227,2023-12-21,20:15:51,2023-12-21,20:20:08,4.28,1.53,0.0,-1.174518,36.758758,-1.178327,36.746493,21.45,21.45,35.0
629227,2023-12-21,20:20:26,2023-12-21,20:21:50,1.4,0.34,0.0,-1.178327,36.746493,-1.175848,36.745330,14.57,14.57,19.0
629227,2023-12-21,20:21:53,2023-12-21,20:25:00,3.12,0.92,0.32,-1.175848,36.745330,-1.178068,36.738158,17.69,19.71,30.0
629227,2023-12-21,20:25:54,2023-12-21,20:32:45,6.85,2.83,0.55,-1.178068,36.738158,-1.174493,36.758827,24.79,26.95,56.0
629227,2023-12-21,20:45:11,2023-12-21,20:47:54,2.72,0.83,0.12,-1.174493,36.758827,-1.171937,36.754860,18.31,19.15,31.0
629227,2023-12-21,20:48:56,2023-12-21,20:51:06,2.17,0.76,0.47,-1.171937,36.754860,-1.174558,36.758295,21.01,26.82,49.0
629227,2023-12-21,20:55:47,2023-12-21,20:59:31,3.73,1.14,0.0,-1.174497,36.758848,-1.176918,36.749535,18.34,18.34,26.0
629227,2023-12-21,21:01:45,2023-12-21,21:04:24,2.65,1.08,0.47,-1.176918,36.749535,-1.174500,36.758765,24.45,29.72,53.0
629227,2023-12-21,21:09:44,2023-12-21,21:11:46,2.03,0.63,0.0,-1.174500,36.758765,-1.175507,36.753227,18.62,18.62,37.0
629227,2023-12-21,21:11:47,2023-12-21,21:13:14,1.45,0.51,0.0,-1.175507,36.753227,-1.176883,36.749457,21.1,21.1,36.0
629227,2023-12-21,21:14:15,2023-12-21,21:19:27,5.2,2.12,0.15,-1.176883,36.749457,-1.176985,36.749547,24.46,25.19,58.0
629227,2023-12-21,21:21:49,2023-12-21,21:24:20,2.52,1.08,0.38,-1.176985,36.749547,-1.174488,36.758790,25.71,30.28,46.0
629227,2023-12-21,21:48:25,2023-12-21,21:52:01,3.6,1.18,0.08,-1.174488,36.758790,-1.179120,36.754628,19.67,20.11,30.0
629227,2023-12-21,21:52:58,2023-12-21,21:56:01,3.05,1.29,0.42,-1.179120,36.754628,-1.174475,36.758780,25.38,29.43,50.0
629227,2023-12-21,22:08:30,2023-12-21,22:11:35,3.08,1.0,0.0,-1.174475,36.758780,-1.172650,36.751495,19.48,19.48,41.0
629227,2023-12-21,22:17:13,2023-12-21,22:19:57,2.73,0.83,0.0,-1.172650,36.751495,-1.178647,36.752480,18.24,18.24,25.0
629227,2023-12-21,22:24:31,2023-12-21,22:27:12,2.68,1.13,0.42,-1.178647,36.752480,-1.174462,36.758813,25.3,30.0,44.0
629227,2023-12-21,23:36:08,2023-12-21,23:37:15,1.12,0.3,0.0,-1.174462,36.758813,-1.175012,36.756130,16.07,16.07,32.0
629227,2023-12-21,23:37:16,2023-12-21,23:38:24,1.13,0.27,0.0,-1.175012,36.756130,-1.175422,36.753708,14.34,14.34,18.0
629227,2023-12-21,23:38:51,2023-12-21,23:40:53,2.03,0.57,0.48,-1.175422,36.753708,,,16.85,22.06,31.0
629740,2023-12-10,06:02:31,2023-12-10,06:07:24,4.88,1.46,0.0,,,-1.277927,36.750820,17.95,17.95,31.0
629740,2023-12-10,06:07:42,2023-12-10,06:10:13,2.52,0.58,0.33,-1.277927,36.750820,-1.274952,36.754255,13.81,15.89,22.0
629740,2023-12-10,06:10:29,2023-12-10,06:14:45,4.27,1.48,0.3,-1.274952,36.754255,-1.280402,36.743983,20.8,22.37,43.0
629740,2023-12-10,06:14:46,2023-12-10,06:17:45,2.98,0.94,0.4,-1.280402,36.743983,-1.287267,36.743047,18.93,21.86,44.0
629740,2023-12-10,06:18:20,2023-12-10,06:21:18,2.97,1.03,0.0,-1.287267,36.743047,-1.282593,36.736753,20.81,20.81,40.0
629740,2023-12-10,06:22:38,2023-12-10,06:25:09,2.52,1.0,0.4,-1.282593,36.736753,-1.283843,36.742440,23.81,28.3,52.0
629740,2023-12-10,06:35:45,2023-12-10,06:39:00,3.25,1.26,0.0,-1.283843,36.742440,-1.280482,36.736993,23.26,23.26,38.0
629740,2023-12-10,06:42:01,2023-12-10,06:45:03,3.03,1.22,0.33,-1.280482,36.736993,-1.283850,36.742408,24.16,27.11,46.0
629740,2023-12-10,07:13:15,2023-12-10,07:16:00,2.75,0.7,0.27,-1.283782,36.742507,-1.278728,36.744967,15.27,16.94,36.0
629740,2023-12-10,07:17:01,2023-12-10,07:18:54,1.88,0.58,0.3,-1.279192,36.745083,-1.283457,36.742792,18.51,22.03,32.0
629740,2023-12-10,07:27:42,2023-12-10,07:29:26,1.73,0.48,0.28,-1.283457,36.742792,-1.286348,36.745873,16.65,19.86,38.0
629740,2023-12-10,07:29:32,2023-12-10,07:35:27,5.92,2.16,0.55,-1.286348,36.745873,-1.283848,36.742482,21.89,24.13,49.0
629740,2023-12-10,07:38:59,2023-12-10,07:41:54,2.92,0.85,0.27,-1.283848,36.742482,-1.279215,36.747373,17.47,19.25,39.0
629740,2023-12-10,07:41:55,2023-12-10,07:44:53,2.97,0.85,0.38,-1.279215,36.747373,-1.283825,36.742457,17.17,19.69,37.0
629740,2023-12-10,08:28:47,2023-12-10,08:32:40,3.88,1.22,0.3,-1.282577,36.742348,-1.281890,36.736813,18.87,20.45,31.0
629740,2023-12-10,08:32:47,2023-12-10,08:36:12,3.42,1.07,0.58,-1.281890,36.736813,-1.283855,36.742423,18.77,22.61,42.0
629740,2023-12-10,08:41:35,2023-12-10,08:44:05,2.5,0.62,0.0,-1.283855,36.742423,-1.287933,36.743722,14.88,14.88,33.0
629740,2023-12-10,08:46:36,2023-12-10,08:49:04,2.47,0.59,0.43,-1.287933,36.743722,-1.284097,36.742105,14.33,17.35,25.0
629740,2023-12-10,08:51:53,2023-12-10,08:55:30,3.62,1.11,0.38,-1.284097,36.742105,-1.281268,36.736898,18.4,20.56,33.0
629740,2023-12-10,08:55:42,2023-12-10,08:58:49,3.12,1.13,0.38,-1.281268,36.736898,-1.283868,36.742395,21.73,24.74,38.0
629740,2023-12-10,08:58:53,2023-12-10,09:00:13,1.33,0.38,0.0,-1.283868,36.742395,-1.286640,36.740485,17.14,17.14,31.0
629740,2023-12-10,09:00:14,2023-12-10,09:01:29,1.25,0.34,0.0,-1.286640,36.740485,-1.288672,36.738538,16.32,16.32,27.0
629740,2023-12-10,09:01:30,2023-12-10,09:02:53,1.38,0.38,0.0,-1.288672,36.738538,-1.290890,36.736893,16.52,16.52,26.0
629740,2023-12-10,09:06:14,2023-12-10,09:08:29,2.25,0.68,0.0,-1.290890,36.736893,-1.286573,36.740272,18.13,18.13,35.0
629740,2023-12-10,09:08:30,2023-12-10,09:10:02,1.53,0.38,0.42,-1.286573,36.740272,-1.283880,36.742408,14.9,20.54,30.0
629740,2023-12-10,09:10:30,2023-12-10,09:12:27,1.95,0.57,0.17,-1.283880,36.742408,-1.279483,36.744377,17.54,19.21,39.0
629740,2023-12-10,09:14:10,2023-12-10,09:18:15,4.08,1.3,0.0,-1.279483,36.744377,-1.283038,36.752688,19.12,19.12,27.0
629740,2023-12-10,09:18:18,2023-12-10,09:20:06,1.8,0.37,0.33,-1.283038,36.752688,-1.286280,36.753498,12.33,15.1,18.0
629740,2023-12-10,09:21:00,2023-12-10,09:25:38,4.63,1.65,0.43,-1.286280,36.753498,-1.283938,36.742580,21.38,23.57,38.0
629740,2023-12-10,09:49:30,2023-12-10,09:52:30,3.0,0.89,0.0,-1.283938,36.742580,-1.279138,36.747702,17.8,17.8,27.0
629740,2023-12-10,09:52:31,2023-12-10,09:55:52,3.35,0.83,0.42,-1.279138,36.747702,-1.274320,36.750172,14.87,17.0,27.0
629740,2023-12-10,09:56:51,2023-12-10,09:58:31,1.67,0.45,0.3,-1.274320,36.750172,-1.278078,36.750793,16.17,19.71,36.0
629740,2023-12-10,09:58:39,2023-12-10,10:02:22,3.72,1.13,0.05,-1.278078,36.750793,-1.282845,36.743792,18.23,18.47,29.0
629740,2023-12-10,10:04:12,2023-12-10,10:05:21,1.15,0.2,0.35,-1.282845,36.743792,-1.283928,36.742378,10.43,15.0,23.0
629740,2023-12-10,10:05:22,2023-12-10,10:07:48,2.43,0.74,0.0,-1.283928,36.742378,-1.288572,36.738522,18.27,18.27,33.0
629740,2023-12-10,10:07:56,2023-12-10,10:09:13,1.28,0.33,0.0,-1.288572,36.738522,-1.290517,36.737253,15.47,15.47,20.0
629740,2023-12-10,10:13:41,2023-12-10,10:17:37,3.93,1.16,0.62,-1.290517,36.737253,-1.282478,36.742348,17.71,21.03,39.0
629740,2023-12-10,10:19:34,2023-12-10,10:21:33,1.98,0.56,0.27,-1.282478,36.742348,-1.286955,36.740725,16.97,19.65,33.0
629740,2023-12-10,10:23:27,2023-12-10,10:25:06,1.65,0.4,0.4,-1.286955,36.740725,-1.283852,36.742412,14.55,19.2,27.0
629740,2023-12-10,10:28:39,2023-12-10,10:30:12,1.55,0.39,0.25,-1.283852,36.742412,-1.286590,36.740425,15.1,18.0,25.0
629740,2023-12-10,10:30:13,2023-12-10,10:31:27,1.23,0.33,0.0,-1.286590,36.740425,-1.288622,36.738563,16.1,16.1,24.0
629740,2023-12-10,10:33:34,2023-12-10,10:34:53,1.32,0.37,0.0,-1.288622,36.738563,-1.286635,36.740427,16.82,16.82,30.0
629740,2023-12-10,10:34:56,2023-12-10,10:36:28,1.53,0.39,0.33,-1.286635,36.740427,-1.283817,36.742428,15.29,19.5,29.0
629740,2023-12-10,10:38:18,2023-12-10,10:41:48,3.5,1.0,0.1,-1.283817,36.742428,-1.277480,36.746612,17.14,17.65,32.0
629740,2023-12-10,10:44:28,2023-12-10,10:45:50,1.37,0.31,0.23,-1.277480,36.746612,-1.278912,36.745062,13.58,16.32,25.0
629740,2023-12-10,10:46:29,2023-12-10,10:49:17,2.8,0.7,0.37,-1.278912,36.745062,-1.284178,36.742103,15.0,17.28,23.0
629740,2023-12-10,11:11:28,2023-12-10,11:13:11,1.72,0.43,0.05,-1.282512,36.742382,-1.286097,36.740950,15.0,15.45,19.0
629740,2023-12-10,11:25:22,2023-12-10,11:34:25,9.05,3.38,0.0,-1.286943,36.742488,-1.298910,36.759890,22.41,22.41,43.0
629740,2023-12-10,11:47:14,2023-12-10,11:51:03,3.82,1.3,0.0,-1.299118,36.759672,-1.291705,36.751753,20.42,20.42,40.0
629740,2023-12-10,11:51:04,2023-12-10,11:52:44,1.67,0.4,0.45,-1.291705,36.751753,-1.288977,36.752248,14.37,19.67,27.0
629740,2023-12-10,11:53:36,2023-12-10,11:56:10,2.57,0.8,0.17,-1.288977,36.752248,-1.286207,36.745608,18.68,20.0,41.0
629740,2023-12-10,11:56:11,2023-12-10,11:57:58,1.78,0.44,0.35,-1.286207,36.745608,-1.283837,36.742465,14.83,18.46,23.0
629740,2023-12-10,12:06:16,2023-12-10,12:07:38,1.37,0.33,0.42,-1.283837,36.742465,-1.286273,36.740825,14.45,20.84,32.0
629740,2023-12-10,12:37:31,2023-12-10,12:38:39,1.13,0.22,0.25,-1.286273,36.740825,-1.284637,36.741988,11.68,15.0,20.0
629740,2023-12-10,14:15:36,2023-12-10,14:17:02,1.43,0.25,0.32,-1.282540,36.742343,-1.283810,36.742430,10.49,13.51,26.0
629740,2023-12-10,14:20:11,2023-12-10,14:22:00,1.82,0.47,0.1,-1.283810,36.742430,-1.280063,36.744103,15.49,16.4,30.0
629740,2023-12-10,14:22:19,2023-12-10,14:23:17,0.97,0.2,0.17,-1.280063,36.744103,-1.279608,36.745820,12.37,15.0,21.0
629740,2023-12-10,14:23:18,2023-12-10,14:25:23,2.08,0.54,0.28,-1.279608,36.745820,-1.278328,36.750493,15.58,18.0,22.0
629740,2023-12-10,14:26:00,2023-12-10,14:30:28,4.47,1.2,0.52,-1.278328,36.750493,-1.283795,36.742502,16.11,18.23,39.0
629740,2023-12-10,15:04:54,2023-12-10,15:06:00,1.1,0.25,0.02,-1.283775,36.742535,-1.281880,36.743717,13.64,13.89,21.0
629740,2023-12-10,15:06:01,2023-12-10,15:07:24,1.38,0.28,0.35,-1.281880,36.743717,-1.280375,36.743158,12.17,16.31,23.0
629740,2023-12-10,15:10:09,2023-12-10,15:11:50,1.68,0.46,0.4,-1.280375,36.743158,-1.283792,36.742473,16.43,21.56,33.0
629740,2023-12-10,15:17:19,2023-12-10,15:21:38,4.32,1.33,0.23,-1.284148,36.742107,-1.289142,36.752865,18.47,19.51,38.0
629740,2023-12-10,15:52:01,2023-12-10,15:53:32,1.52,0.4,0.0,-1.285938,36.754830,-1.286610,36.753403,15.79,15.79,21.0
629740,2023-12-10,15:55:55,2023-12-10,15:57:10,1.25,0.28,0.17,-1.286610,36.753403,-1.289145,36.753115,13.44,15.56,27.0
629740,2023-12-10,16:06:08,2023-12-10,16:10:43,4.58,1.4,0.07,-1.289145,36.753115,-1.284070,36.742078,18.34,18.63,26.0
629740,2023-12-10,16:22:12,2023-12-10,16:28:16,6.07,1.68,0.32,-1.284070,36.742078,-1.274968,36.749785,16.61,17.53,28.0
629740,2023-12-10,16:30:43,2023-12-10,16:32:32,1.82,0.44,0.0,-1.274968,36.749785,-1.272238,36.752480,14.51,14.51,18.0
629740,2023-12-10,16:35:29,2023-12-10,16:36:42,1.22,0.23,0.33,-1.272238,36.752480,-1.273603,36.750893,11.31,15.51,18.0
629740,2023-12-10,16:36:48,2023-12-10,16:39:00,2.2,0.56,0.0,-1.273603,36.750893,-1.277997,36.750777,15.27,15.27,22.0
629740,2023-12-10,16:39:12,2023-12-10,16:40:22,1.17,0.26,0.03,-1.277997,36.750777,-1.280217,36.751600,13.33,13.68,18.0
629740,2023-12-10,16:40:37,2023-12-10,16:42:31,1.9,0.56,0.0,-1.280217,36.751600,-1.282623,36.749342,17.68,17.68,25.0
629740,2023-12-10,16:55:04,2023-12-10,16:59:28,4.4,1.18,0.17,-1.282678,36.748913,-1.283857,36.742103,16.09,16.74,28.0
629740,2023-12-10,18:11:37,2023-12-10,18:14:20,2.72,0.78,0.32,-1.282548,36.742352,-1.279207,36.747313,17.21,19.5,42.0
629740,2023-12-10,18:19:23,2023-12-10,18:20:57,1.57,0.4,0.4,-1.279207,36.747313,-1.280193,36.743885,15.29,20.51,33.0
629740,2023-12-10,18:26:33,2023-12-10,18:27:39,1.1,0.28,0.23,-1.280490,36.743937,-1.282763,36.743245,15.27,19.31,21.0
629740,2023-12-10,18:30:38,2023-12-10,18:31:41,1.05,0.19,0.27,-1.282763,36.743245,-1.284197,36.742412,10.86,14.62,18.0
629740,2023-12-10,19:00:01,2023-12-10,19:01:07,1.1,0.19,0.45,-1.284197,36.742412,-1.282503,36.742392,10.36,17.54,21.0
629740,2023-12-10,19:30:42,2023-12-10,19:32:21,1.65,0.44,0.28,-1.282503,36.742392,-1.285507,36.744738,16.0,19.27,30.0
629740,2023-12-10,19:47:38,2023-12-10,19:48:32,0.9,0.15,0.13,-1.284553,36.743300,,,10.0,11.69,18.0
629740,2023-12-11,10:01:35,2023-12-11,10:03:49,2.23,0.64,0.0,,,-1.286323,36.745885,17.22,17.22,28.0
629740,2023-12-11,10:03:51,2023-12-11,10:06:27,2.6,0.93,0.0,-1.286323,36.745885,-1.289405,36.753668,21.46,21.46,33.0
629740,2023-12-11,10:06:28,2023-12-11,10:18:34,12.1,6.95,0.33,-1.289405,36.753668,-1.271895,36.803365,34.46,35.43,62.0
629740,2023-12-11,10:19:08,2023-12-11,10:20:14,1.1,0.2,0.15,-1.271895,36.803365,-1.271788,36.801637,10.91,12.63,29.0
629740,2023-12-11,10:20:15,2023-12-11,10:21:25,1.17,0.38,0.47,-1.271788,36.801637,-1.270158,36.798693,19.49,32.57,62.0
629740,2023-12-11,10:21:53,2023-12-11,10:35:36,13.72,6.94,0.3,-1.270158,36.798693,-1.299080,36.759712,30.35,31.03,63.0
629740,2023-12-11,10:43:56,2023-12-11,10:48:30,4.57,1.68,0.47,-1.299080,36.759712,-1.291507,36.747325,22.06,24.59,38.0
629740,2023-12-11,10:58:50,2023-12-11,11:03:14,4.4,1.27,0.1,-1.291507,36.747325,-1.284083,36.742065,17.32,17.72,49.0
629740,2023-12-11,13:33:38,2023-12-11,13:35:27,1.82,0.5,0.05,-1.282190,36.742378,-1.286322,36.740758,16.48,16.95,25.0
629740,2023-12-11,13:43:48,2023-12-11,13:45:24,1.6,0.46,0.0,-1.287543,36.742003,-1.283607,36.742148,17.25,17.25,46.0
629740,2023-12-11,16:07:41,2023-12-11,16:08:56,1.25,0.32,0.0,-1.285540,36.744720,-1.286132,36.742757,15.36,15.36,26.0
629740,2023-12-11,16:11:34,2023-12-11,16:13:01,1.45,0.31,0.28,-1.286132,36.742757,-1.287447,36.744863,12.83,15.9,18.0
629740,2023-12-11,16:17:35,2023-12-11,16:19:33,1.97,0.55,0.0,-1.287447,36.744863,-1.285100,36.741583,16.75,16.75,22.0
629740,2023-12-11,19:02:04,2023-12-11,19:04:30,2.43,0.71,0.17,-1.282565,36.742293,-1.284223,36.746385,17.53,18.85,32.0
629740,2023-12-11,19:04:31,2023-12-11,19:05:32,1.02,0.24,0.0,-1.284223,36.746385,-1.282787,36.747630,14.12,14.12,17.0
629740,2023-12-11,19:06:49,2023-12-11,19:08:52,2.05,0.49,0.4,-1.282787,36.747630,-1.282220,36.751972,14.34,17.82,18.0
629740,2023-12-11,19:16:09,2023-12-11,19:17:57,1.8,0.44,0.0,-1.282220,36.751972,-1.282752,36.748068,14.67,14.67,20.0
629740,2023-12-11,19:19:33,2023-12-11,19:22:12,2.65,0.76,0.0,-1.282752,36.748068,-1.284213,36.742190,17.21,17.21,19.0
629740,2023-12-11,19:23:01,2023-12-11,19:24:28,1.45,0.32,0.33,-1.284213,36.742190,-1.281363,36.742530,13.24,17.14,26.0
629740,2023-12-11,19:25:41,2023-12-11,19:26:55,1.23,0.25,0.23,-1.281363,36.742530,-1.279942,36.742040,12.2,15.0,17.0
629740,2023-12-11,19:29:53,2023-12-11,19:30:58,1.08,0.27,0.0,-1.279942,36.742040,-1.280600,36.743900,15.0,15.0,21.0
629740,2023-12-11,19:30:59,2023-12-11,19:32:19,1.33,0.41,0.0,-1.280600,36.743900,-1.283928,36.742713,18.5,18.5,32.0
629740,2023-12-11,19:32:20,2023-12-11,19:36:42,4.37,1.35,0.0,-1.283928,36.742713,-1.288753,36.753178,18.54,18.54,30.0
629740,2023-12-11,19:44:23,2023-12-11,19:47:54,3.52,1.2,0.18,-1.288563,36.753242,-1.284662,36.743503,20.45,21.56,40.0
629740,2023-12-11,19:48:03,2023-12-11,19:49:02,0.98,0.2,0.2,-1.284662,36.743503,-1.284212,36.742135,12.24,15.38,20.0
629740,2023-12-11,19:56:44,2023-12-11,19:57:43,0.98,0.13,0.5,-1.283660,36.742167,,,7.96,16.25,29.0
629740,2023-12-12,06:58:57,2023-12-12,07:00:08,1.18,0.33,0.38,,,-1.286295,36.740842,16.78,24.75,36.0
629740,2023-12-12,07:00:09,2023-12-12,07:02:29,2.33,0.68,0.35,-1.286295,36.740842,-1.286920,36.740820,17.51,20.61,39.0
629740,2023-12-12,07:03:20,2023-12-12,07:04:49,1.48,0.39,0.42,-1.286920,36.740820,-1.283858,36.742410,15.81,22.08,36.0
629740,2023-12-12,07:15:49,2023-12-12,07:21:09,5.33,1.7,0.0,-1.283858,36.742410,-1.276760,36.754482,19.14,19.14,36.0
629740,2023-12-12,07:25:12,2023-12-12,07:30:27,5.25,1.69,0.47,-1.276760,36.754482,-1.283807,36.742460,19.31,21.21,37.0
629740,2023-12-12,07:36:51,2023-12-12,07:38:16,1.42,0.37,0.0,-1.283807,36.742460,-1.282290,36.744590,15.63,15.63,22.0
629740,2023-12-12,07:38:54,2023-12-12,07:42:48,3.9,1.05,0.38,-1.282290,36.744590,-1.280503,36.751733,16.15,17.9,23.0
629740,2023-12-12,07:43:00,2023-12-12,07:47:39,4.65,1.51,0.17,-1.280503,36.751733,-1.284007,36.742593,19.48,20.22,50.0
629740,2023-12-12,07:55:50,2023-12-12,07:59:13,3.38,1.04,0.0,-1.284007,36.742593,-1.286187,36.750182,18.46,18.46,29.0
629740,2023-12-12,07:59:18,2023-12-12,08:00:37,1.32,0.33,0.0,-1.286187,36.750182,-1.285092,36.751245,15.0,15.0,18.0
629740,2023-12-12,08:01:24,2023-12-12,08:05:44,4.33,1.39,0.45,-1.285092,36.751245,-1.283868,36.742458,19.26,21.49,41.0
629740,2023-12-12,08:09:36,2023-12-12,08:12:50,3.23,1.02,0.02,-1.283868,36.742458,-1.287847,36.750533,18.95,19.07,27.0
629740,2023-12-12,08:13:24,2023-12-12,08:16:34,3.17,1.03,0.32,-1.287847,36.750533,-1.283877,36.742427,19.5,21.68,34.0
629740,2023-12-12,09:26:02,2023-12-12,09:28:59,2.95,0.84,0.6,-1.282305,36.742372,-1.283878,36.742435,17.08,21.45,39.0
629740,2023-12-12,09:31:32,2023-12-12,09:35:48,4.27,1.43,0.07,-1.283878,36.742435,-1.289287,36.753850,20.09,20.43,32.0
629740,2023-12-12,09:36:13,2023-12-12,09:40:01,3.8,1.42,0.2,-1.289287,36.753850,-1.283878,36.742443,22.42,23.67,38.0
629740,2023-12-12,10:02:59,2023-12-12,10:07:02,4.05,1.31,0.17,-1.283878,36.742443,-1.289207,36.752873,19.41,20.26,35.0
629740,2023-12-12,10:07:03,2023-12-12,10:21:24,14.35,7.05,0.0,-1.289207,36.752873,-1.272082,36.803400,29.48,29.48,46.0
629740,2023-12-12,10:24:34,2023-12-12,10:26:11,1.62,0.34,0.47,-1.272082,36.803400,-1.271160,36.800663,12.59,17.74,24.0
629740,2023-12-12,10:26:12,2023-12-12,10:37:11,10.98,7.19,0.27,-1.271160,36.800663,-1.299120,36.759650,39.29,40.28,77.0
629740,2023-12-12,10:40:39,2023-12-12,10:48:54,8.25,2.66,0.65,-1.299120,36.759650,-1.285410,36.744437,19.35,21.0,45.0
629740,2023-12-12,10:50:39,2023-12-12,10:52:10,1.52,0.39,0.0,-1.285410,36.744437,-1.283698,36.742108,15.39,15.39,21.0
629740,2023-12-12,11:23:57,2023-12-12,11:25:53,1.93,0.55,0.0,-1.282595,36.742317,-1.286455,36.740068,17.1,17.1,33.0
629740,2023-12-12,11:25:55,2023-12-12,11:35:03,9.13,3.3,0.0,-1.286455,36.740068,-1.279567,36.712568,21.69,21.69,30.0
629740,2023-12-12,12:21:33,2023-12-12,12:23:19,1.77,0.5,0.17,-1.279852,36.712172,-1.280890,36.715888,16.95,18.75,30.0
629740,2023-12-12,12:23:20,2023-12-12,12:24:49,1.48,0.48,0.18,-1.280890,36.715888,-1.279807,36.712200,19.46,22.15,36.0
629740,2023-12-12,13:10:40,2023-12-12,13:18:45,8.08,2.7,0.0,-1.280797,36.715935,-1.284843,36.738047,20.05,20.05,27.0
629740,2023-12-12,13:18:46,2023-12-12,13:20:10,1.4,0.39,0.0,-1.284843,36.738047,-1.286218,36.740790,16.71,16.71,21.0
629740,2023-12-12,13:20:24,2023-12-12,13:22:27,2.05,0.53,0.15,-1.286218,36.740790,-1.285008,36.743953,15.51,16.74,21.0
629740,2023-12-12,13:22:36,2023-12-12,13:23:57,1.35,0.26,0.4,-1.285008,36.743953,-1.286280,36.745920,11.56,16.42,19.0
629740,2023-12-12,13:31:35,2023-12-12,13:33:39,2.07,0.61,0.0,-1.286457,36.746402,-1.283855,36.742150,17.68,17.68,28.0
629740,2023-12-12,14:30:28,2023-12-12,14:33:38,3.17,0.84,0.0,-1.282553,36.742328,-1.285042,36.737937,15.9,15.9,30.0
629740,2023-12-12,14:40:01,2023-12-12,14:43:02,3.02,0.9,0.23,-1.285180,36.737937,-1.282458,36.743463,17.88,19.35,32.0
629740,2023-12-12,14:44:10,2023-12-12,14:45:19,1.15,0.23,0.45,-1.282458,36.743463,-1.284137,36.742253,12.0,19.71,33.0
629740,2023-12-12,15:13:58,2023-12-12,15:16:58,3.0,0.81,0.0,-1.284137,36.742253,-1.287435,36.748630,16.2,16.2,21.0
629740,2023-12-12,15:22:39,2023-12-12,15:23:49,1.17,0.28,0.0,-1.287435,36.748630,-1.289550,36.749080,14.36,14.36,16.0
629740,2023-12-12,15:28:40,2023-12-12,15:32:15,3.58,1.26,0.03,-1.289550,36.749080,-1.282732,36.743228,21.12,21.3,35.0
629740,2023-12-12,17:14:25,2023-12-12,17:16:08,1.72,0.46,0.0,-1.282543,36.742350,-1.285628,36.744747,16.05,16.05,24.0
629740,2023-12-12,17:16:10,2023-12-12,17:18:46,2.6,0.67,0.32,-1.285628,36.744747,-1.288097,36.750175,15.46,17.63,23.0
629740,2023-12-12,17:18:48,2023-12-12,17:20:49,2.02,0.52,0.22,-1.288097,36.750175,-1.286372,36.745882,15.45,17.33,31.0
629740,2023-12-12,17:26:45,2023-12-12,17:28:33,1.8,0.56,0.0,-1.286372,36.745882,-1.283882,36.742103,18.67,18.67,38.0
629740,2023-12-12,18:03:43,2023-12-12,18:05:28,1.75,0.51,0.0,-1.282853,36.742340,-1.286578,36.740260,17.49,17.49,23.0
629740,2023-12-12,18:30:59,2023-12-12,18:34:28,3.48,1.08,0.28,-1.282470,36.742277,-1.283178,36.737152,18.62,20.25,39.0
629740,2023-12-12,18:43:06,2023-12-12,18:45:18,2.2,0.56,0.37,-1.283178,36.737152,-1.286550,36.740575,15.27,18.36,29.0
629740,2023-12-12,18:45:30,2023-12-12,18:46:54,1.4,0.37,0.0,-1.286550,36.740575,-1.283708,36.742085,15.86,15.86,28.0
629740,2023-12-12,18:51:44,2023-12-12,18:53:03,1.32,0.26,0.27,-1.283625,36.741602,-1.285777,36.741245,11.82,14.86,18.0
629740,2023-12-12,18:54:41,2023-12-12,18:56:53,2.2,0.63,0.1,-1.285777,36.741245,-1.283133,36.737113,17.18,18.0,21.0
629740,2023-12-12,18:56:54,2023-12-12,18:59:38,2.73,0.76,0.3,-1.283133,36.737113,-1.285138,36.741552,16.7,18.77,34.0
629740,2023-12-12,18:59:55,2023-12-12,19:01:22,1.45,0.31,0.45,-1.285138,36.741552,-1.282458,36.742360,12.83,18.6,25.0
629740,2023-12-12,19:03:59,2023-12-12,19:05:41,1.7,0.49,0.17,-1.282458,36.742360,-1.286457,36.740683,17.29,19.22,35.0
629740,2023-12-12,19:08:44,2023-12-12,19:10:03,1.32,0.36,0.0,-1.286457,36.740683,,,16.36,16.36,38.0
629740,2023-12-13,06:17:48,2023-12-13,06:20:15,2.45,0.86,0.25,,,-1.285022,36.737980,21.06,23.45,48.0
629740,2023-12-13,06:20:16,2023-12-13,06:22:12,1.93,0.71,0.4,-1.285022,36.737980,-1.283845,36.742432,22.07,27.84,54.0
629740,2023-12-13,07:19:05,2023-12-13,07:20:22,1.28,0.27,0.35,-1.283845,36.742432,-1.285673,36.741045,12.66,17.42,24.0
629740,2023-12-13,07:20:28,2023-12-13,07:23:23,2.92,0.73,0.33,-1.285673,36.741045,-1.281350,36.739527,15.0,16.91,21.0
629740,2023-12-13,07:23:46,2023-12-13,07:25:17,1.52,0.39,0.33,-1.281350,36.739527,-1.283883,36.740258,15.39,19.66,41.0
629740,2023-12-13,07:25:21,2023-12-13,07:26:29,1.13,0.24,0.17,-1.283883,36.740258,-1.285703,36.741072,12.74,15.0,21.0
629740,2023-12-13,07:26:30,2023-12-13,07:27:31,1.02,0.26,0.4,-1.285703,36.741072,-1.283835,36.742465,15.29,25.16,33.0
629740,2023-12-13,07:39:00,2023-12-13,07:42:29,3.48,1.32,0.38,-1.283835,36.742465,-1.289215,36.752967,22.76,25.55,37.0
629740,2023-12-13,07:42:30,2023-12-13,07:45:55,3.42,1.32,0.35,-1.289215,36.752967,-1.283873,36.742430,23.16,25.8,48.0
629740,2023-12-13,07:59:07,2023-12-13,08:01:44,2.62,0.84,0.0,-1.283873,36.742430,-1.282777,36.747873,19.24,19.24,27.0
629740,2023-12-13,08:01:55,2023-12-13,08:04:29,2.57,0.66,0.45,-1.282777,36.747873,-1.283575,36.752910,15.41,18.68,35.0
629740,2023-12-13,08:05:26,2023-12-13,08:06:49,1.38,0.31,0.33,-1.283575,36.752910,-1.286317,36.753448,13.48,17.71,24.0
629740,2023-12-13,08:07:24,2023-12-13,08:10:39,3.25,1.11,0.45,-1.286317,36.753448,-1.286617,36.746498,20.49,23.79,47.0
629740,2023-12-13,08:12:03,2023-12-13,08:14:05,2.03,0.61,0.17,-1.286617,36.746498,-1.284090,36.742100,18.03,19.68,44.0
629740,2023-12-13,09:10:30,2023-12-13,09:12:19,1.82,0.52,0.0,-1.282507,36.742370,-1.286645,36.740458,17.14,17.14,28.0
629740,2023-12-13,09:12:20,2023-12-13,09:14:16,1.93,0.69,0.45,-1.286645,36.740458,-1.285008,36.734782,21.45,27.97,44.0
629740,2023-12-13,09:21:07,2023-12-13,09:22:43,1.6,0.5,0.42,-1.285008,36.734782,-1.285277,36.730543,18.75,25.42,46.0
629740,2023-12-13,09:27:49,2023-12-13,09:30:08,2.32,0.75,0.32,-1.285277,36.730543,-1.287835,36.726172,19.4,22.5,38.0
629740,2023-12-13,09:30:21,2023-12-13,09:31:53,1.53,0.34,0.42,-1.287835,36.726172,-1.290263,36.725960,13.33,18.38,25.0
629740,2023-12-13,09:34:34,2023-12-13,09:35:41,1.12,0.29,0.0,-1.290328,36.726577,-1.290487,36.729172,15.54,15.54,40.0
629740,2023-12-13,09:35:45,2023-12-13,09:44:53,9.13,4.08,0.37,-1.290487,36.729172,-1.299080,36.759735,26.81,27.95,49.0
629740,2023-12-13,09:47:35,2023-12-13,09:56:47,9.2,5.34,0.45,-1.299080,36.759735,-1.296933,36.807277,34.83,36.62,71.0
629740,2023-12-13,09:56:48,2023-12-13,10:03:51,7.05,3.85,0.62,-1.296933,36.807277,-1.303862,36.828272,32.77,35.93,77.0
629740,2023-12-13,11:18:52,2023-12-13,11:21:31,2.65,1.26,0.17,-1.305440,36.826230,-1.304837,36.827702,28.53,30.48,69.0
629740,2023-12-13,11:43:08,2023-12-13,11:50:37,7.48,5.34,0.43,-1.304837,36.827702,-1.330670,36.863773,42.83,45.45,75.0
629740,2023-12-13,11:52:08,2023-12-13,11:58:11,6.05,3.44,0.0,-1.330670,36.863773,-1.334890,36.892258,34.12,34.12,51.0
629740,2023-12-13,11:58:23,2023-12-13,11:59:45,1.37,0.34,0.23,-1.334890,36.892258,-1.336902,36.894498,14.89,17.89,18.0
629740,2023-12-13,11:59:47,2023-12-13,12:01:32,1.75,0.3,0.55,-1.336902,36.894498,-1.338650,36.896493,10.29,15.0,22.0
629740,2023-12-13,12:02:04,2023-12-13,12:10:48,8.73,5.0,0.47,-1.338650,36.896493,-1.332250,36.866977,34.36,36.32,62.0
629740,2023-12-13,12:13:14,2023-12-13,12:20:24,7.17,5.41,0.4,-1.332250,36.866977,-1.308672,36.828063,45.27,47.95,74.0
629740,2023-12-13,12:20:56,2023-12-13,12:24:10,3.23,0.93,0.4,-1.308672,36.828063,-1.304907,36.827720,17.28,19.72,31.0
629740,2023-12-13,12:40:24,2023-12-13,12:54:31,14.12,9.55,0.3,-1.305197,36.826535,-1.299075,36.759740,40.58,41.46,77.0
629740,2023-12-13,12:59:20,2023-12-13,13:01:06,1.77,0.7,0.1,-1.299075,36.759740,-1.295073,36.755277,23.73,25.15,41.0
629740,2023-12-13,13:01:53,2023-12-13,13:06:36,4.72,1.81,0.0,-1.295073,36.755277,-1.287292,36.741270,23.01,23.01,39.0
629740,2023-12-13,13:08:30,2023-12-13,13:09:29,0.98,0.2,0.33,-1.287292,36.741270,-1.285688,36.741168,12.24,18.46,18.0
629740,2023-12-13,13:09:30,2023-12-13,13:10:27,0.95,0.19,0.3,-1.285688,36.741168,-1.284248,36.742142,12.0,17.54,19.0
629740,2023-12-13,13:22:34,2023-12-13,13:24:12,1.63,0.39,0.0,-1.284248,36.742142,-1.281310,36.742258,14.36,14.36,21.0
629740,2023-12-13,14:24:29,2023-12-13,14:26:30,2.02,0.54,0.0,-1.282542,36.742337,-1.286977,36.740930,16.04,16.04,21.0
629740,2023-12-13,14:26:45,2023-12-13,14:28:39,1.9,0.47,0.38,-1.286977,36.740930,-1.289418,36.744400,14.84,18.55,23.0
629740,2023-12-13,14:31:07,2023-12-13,14:34:24,3.28,0.87,0.22,-1.289418,36.744400,-1.284102,36.742335,15.91,17.06,25.0
629740,2023-12-13,16:29:30,2023-12-13,16:30:37,1.12,0.24,0.47,-1.284242,36.742128,-1.282490,36.743375,12.86,22.15,39.0
629740,2023-12-13,16:56:44,2023-12-13,16:58:02,1.3,0.25,0.47,-1.281973,36.743650,-1.283873,36.742443,11.54,18.07,28.0
629740,2023-12-13,17:04:22,2023-12-13,17:06:13,1.85,0.54,0.0,-1.283873,36.742443,-1.279928,36.744617,17.51,17.51,28.0
629740,2023-12-13,17:06:14,2023-12-13,17:09:00,2.77,0.8,0.0,-1.279928,36.744617,-1.277407,36.750872,17.33,17.33,26.0
629740,2023-12-13,17:09:02,2023-12-13,17:14:36,5.57,1.57,0.0,-1.277407,36.750872,-1.267543,36.751970,16.91,16.91,23.0
629740,2023-12-13,17:19:25,2023-12-13,17:27:09,7.73,2.4,0.47,-1.267543,36.751970,-1.280225,36.743910,18.63,19.83,43.0
629740,2023-12-13,17:28:13,2023-12-13,17:29:58,1.75,0.45,0.43,-1.280225,36.743910,-1.283863,36.742417,15.43,20.45,43.0
629740,2023-12-13,19:18:40,2023-12-13,19:21:19,2.65,0.8,0.0,-1.282523,36.742388,-1.287025,36.747705,18.11,18.11,31.0
629740,2023-12-13,19:21:20,2023-12-13,19:23:53,2.55,0.66,0.18,-1.287025,36.747705,-1.289277,36.753232,15.53,16.71,19.0
629740,2023-12-13,19:24:48,2023-12-13,19:28:57,4.15,1.23,0.55,-1.289277,36.753232,,,17.78,20.5,33.0
629740,2023-12-14,07:46:44,2023-12-14,07:48:31,1.78,0.36,0.62,,,-1.285360,36.741472,12.13,18.62,27.0
629740,2023-12-14,11:34:56,2023-12-14,11:35:55,0.98,0.2,0.4,-1.283873,36.742402,-1.285403,36.741428,12.24,20.69,43.0
629740,2023-12-14,11:46:28,2023-12-14,11:48:18,1.83,0.48,0.17,-1.285403,36.741428,-1.288615,36.743165,15.74,17.35,22.0
629740,2023-12-14,11:48:44,2023-12-14,11:51:43,2.98,1.09,0.0,-1.288615,36.743165,-1.292763,36.751893,21.95,21.95,30.0
629740,2023-12-14,11:51:44,2023-12-14,11:54:58,3.23,1.16,0.0,-1.292763,36.751893,-1.298467,36.759993,21.55,21.55,28.0
629740,2023-12-14,11:55:01,2023-12-14,11:56:12,1.18,0.25,0.42,-1.298467,36.759993,-1.300027,36.758565,12.71,19.74,45.0
629740,2023-12-14,12:01:11,2023-12-14,12:04:56,3.75,1.36,0.17,-1.300027,36.758565,-1.292935,36.752217,21.76,22.79,56.0
629740,2023-12-14,12:04:57,2023-12-14,12:07:57,3.0,1.21,0.45,-1.292935,36.752217,-1.288230,36.742612,24.2,28.47,52.0
629740,2023-12-14,12:08:49,2023-12-14,12:11:07,2.3,0.6,0.38,-1.288230,36.742612,-1.283857,36.742402,15.65,18.75,27.0
629740,2023-12-14,12:19:53,2023-12-14,12:23:32,3.65,1.08,0.37,-1.283857,36.742402,-1.287772,36.750983,17.75,19.76,32.0
629740,2023-12-14,12:25:39,2023-12-14,12:26:43,1.07,0.26,0.0,-1.287772,36.750983,-1.288635,36.753177,14.58,14.58,19.0
629740,2023-12-14,12:26:50,2023-12-14,12:32:04,5.23,2.31,0.0,-1.288635,36.753177,-1.280257,36.769035,26.5,26.5,43.0
629740,2023-12-14,12:32:05,2023-12-14,12:34:29,2.4,0.85,0.25,-1.280257,36.769035,-1.276360,36.765673,21.25,23.72,34.0
629740,2023-12-14,12:35:13,2023-12-14,12:37:25,2.2,0.77,0.42,-1.276360,36.765673,-1.279923,36.769130,21.0,25.96,51.0
629740,2023-12-14,12:37:26,2023-12-14,12:45:43,8.28,3.51,0.47,-1.279923,36.769130,-1.284973,36.743795,25.43,26.97,46.0
629740,2023-12-14,12:51:54,2023-12-14,12:52:59,1.08,0.2,0.3,-1.284973,36.743795,-1.283872,36.742432,11.11,15.38,23.0
629740,2023-12-14,14:10:27,2023-12-14,14:13:38,3.18,0.85,0.08,-1.282460,36.741715,-1.284992,36.737945,16.04,16.45,29.0
629740,2023-12-14,14:16:36,2023-12-14,14:19:30,2.9,0.71,0.0,-1.284992,36.737945,-1.283817,36.742132,14.69,14.69,23.0
629740,2023-12-14,17:21:07,2023-12-14,17:23:24,2.28,0.56,0.0,-1.282547,36.742328,-1.287003,36.740905,14.74,14.74,22.0
629740,2023-12-14,17:24:38,2023-12-14,17:27:21,2.72,0.73,0.5,-1.287003,36.740905,-1.290760,36.746268,16.1,19.73,29.0
629740,2023-12-14,17:27:22,2023-12-14,17:32:55,5.55,1.93,0.28,-1.290760,36.746268,-1.299120,36.759680,20.86,21.97,32.0
629740,2023-12-14,17:37:16,2023-12-14,17:39:59,2.72,0.82,0.4,-1.299120,36.759680,-1.294367,36.754470,18.09,21.21,35.0
629740,2023-12-14,17:48:58,2023-12-14,17:51:03,2.08,0.54,0.28,-1.292843,36.752035,-1.291543,36.747345,15.58,18.0,24.0
629740,2023-12-14,17:57:41,2023-12-14,17:58:54,1.22,0.3,0.0,-1.291543,36.747345,-1.290002,36.745112,14.75,14.75,26.0
629740,2023-12-14,18:01:42,2023-12-14,18:04:10,2.47,0.64,0.17,-1.290002,36.745112,-1.286495,36.740767,15.55,16.7,20.0
629740,2023-12-14,18:04:18,2023-12-14,18:05:39,1.35,0.34,0.03,-1.286495,36.740767,-1.283893,36.742427,15.11,15.45,24.0
629740,2023-12-14,18:27:39,2023-12-14,18:29:13,1.57,0.4,0.0,-1.283893,36.742427,-1.286615,36.740327,15.29,15.29,21.0
629740,2023-12-14,18:29:18,2023-12-14,18:31:19,2.02,0.56,0.0,-1.286615,36.740327,-1.286360,36.736508,16.63,16.63,24.0
629740,2023-12-14,18:34:39,2023-12-14,18:36:56,2.28,0.51,0.17,-1.286360,36.736508,-1.286618,36.740403,13.42,14.5,31.0
629740,2023-12-14,18:37:11,2023-12-14,18:38:40,1.48,0.33,0.32,-1.286618,36.740403,,,13.38,17.07,22.0
629740,2023-12-15,05:25:16,2023-12-15,05:27:26,2.17,0.56,0.08,,,-1.285930,36.745250,15.48,16.08,22.0
629740,2023-12-15,05:27:47,2023-12-15,05:30:31,2.73,0.97,0.0,-1.285930,36.745250,-1.289282,36.753252,21.32,21.32,34.0
629740,2023-12-15,05:33:41,2023-12-15,05:37:38,3.95,1.41,0.38,-1.289282,36.753252,-1.284152,36.742110,21.42,23.7,34.0
629740,2023-12-15,05:38:19,2023-12-15,05:39:25,1.1,0.19,0.38,-1.284152,36.742110,-1.282507,36.742388,10.36,15.83,17.0
629740,2023-12-15,05:49:40,2023-12-15,05:51:46,2.1,0.68,0.0,-1.282507,36.742388,-1.287415,36.741855,19.43,19.43,35.0
629740,2023-12-15,05:55:36,2023-12-15,05:57:15,1.65,0.43,0.5,-1.287247,36.741167,-1.283890,36.742453,15.64,22.43,30.0
629740,2023-12-15,05:57:59,2023-12-15,06:05:49,7.83,3.25,0.45,-1.283890,36.742453,-1.298935,36.762743,24.9,26.42,46.0
629740,2023-12-15,06:05:50,2023-12-15,06:11:33,5.72,2.97,0.0,-1.298935,36.762743,-1.286410,36.740758,31.15,31.15,50.0
629740,2023-12-15,06:11:34,2023-12-15,06:12:41,1.12,0.39,0.0,-1.286410,36.740758,-1.283363,36.742208,20.89,20.89,31.0
629740,2023-12-15,07:46:32,2023-12-15,07:49:28,2.93,0.98,0.0,-1.282393,36.742098,-1.282803,36.747653,20.07,20.07,32.0
629740,2023-12-15,07:49:50,2023-12-15,07:51:57,2.12,0.54,0.27,-1.282803,36.747653,-1.282188,36.752430,15.28,17.51,27.0
629740,2023-12-15,07:57:09,2023-12-15,08:01:45,4.6,1.37,0.25,-1.282188,36.752430,-1.283825,36.742442,17.87,18.9,40.0
629740,2023-12-15,08:05:21,2023-12-15,08:08:35,3.23,1.08,0.0,-1.283825,36.742442,-1.288722,36.750243,20.06,20.06,31.0
629740,2023-12-15,08:09:27,2023-12-15,08:12:43,3.27,1.04,0.28,-1.288722,36.750243,-1.283857,36.742445,19.08,20.87,38.0
629740,2023-12-15,08:27:44,2023-12-15,08:30:32,2.8,0.8,0.37,-1.283857,36.742445,-1.287485,36.748535,17.14,19.75,26.0
629740,2023-12-15,08:30:39,2023-12-15,08:33:16,2.62,0.86,0.0,-1.287485,36.748535,-1.284170,36.742090,19.69,19.69,26.0
629740,2023-12-15,08:33:52,2023-12-15,08:34:58,1.1,0.28,0.0,-1.284170,36.742090,-1.284182,36.742062,15.27,15.27,19.0
629740,2023-12-15,08:35:46,2023-12-15,08:37:43,1.95,0.52,0.2,-1.284182,36.742062,-1.284052,36.742118,16.0,17.83,30.0
629740,2023-12-15,08:47:48,2023-12-15,08:52:18,4.5,1.38,0.0,-1.284052,36.742118,-1.277318,36.750875,18.4,18.4,28.0
629740,2023-12-15,08:53:01,2023-12-15,08:57:11,4.17,1.33,0.42,-1.277318,36.750875,-1.283875,36.742453,19.14,21.28,37.0
629740,2023-12-15,09:04:37,2023-12-15,09:09:28,4.85,1.42,0.42,-1.283875,36.742453,-1.277812,36.752252,17.57,19.23,28.0
629740,2023-12-15,09:11:06,2023-12-15,09:13:36,2.5,0.65,0.28,-1.277812,36.752252,-1.279450,36.746622,15.6,17.57,26.0
629740,2023-12-15,09:16:58,2023-12-15,09:18:19,1.35,0.32,0.42,-1.279450,36.746622,-1.280188,36.743880,14.22,20.65,42.0
629740,2023-12-15,09:40:51,2023-12-15,09:42:55,2.07,0.46,0.33,-1.280188,36.743880,-1.283848,36.742428,13.33,15.86,25.0
629740,2023-12-15,10:08:33,2023-12-15,10:10:18,1.75,0.47,0.0,-1.283848,36.742428,-1.286322,36.739822,16.11,16.11,25.0
629740,2023-12-15,10:10:58,2023-12-15,10:14:48,3.83,1.35,0.22,-1.286322,36.739822,-1.276443,36.734655,21.15,22.44,32.0
629740,2023-12-15,10:15:31,2023-12-15,10:20:32,5.02,1.73,0.0,-1.276443,36.734655,-1.283860,36.742130,20.68,20.68,43.0
629740,2023-12-15,10:37:09,2023-12-15,10:38:11,1.03,0.19,0.25,-1.283860,36.742130,-1.285440,36.741438,11.07,14.62,20.0
629740,2023-12-15,10:40:49,2023-12-15,10:41:50,1.02,0.19,0.33,-1.285440,36.741438,-1.283948,36.742100,11.18,16.52,20.0
629740,2023-12-15,10:48:25,2023-12-15,10:50:02,1.62,0.43,0.0,-1.283835,36.742157,-1.286398,36.739950,15.93,15.93,25.0
629740,2023-12-15,10:50:07,2023-12-15,10:51:10,1.05,0.23,0.0,-1.286398,36.739950,-1.285170,36.738262,13.14,13.14,17.0
629740,2023-12-15,10:51:11,2023-12-15,10:53:24,2.22,0.57,0.18,-1.285170,36.738262,-1.280497,36.736282,15.41,16.76,25.0
629740,2023-12-15,10:53:25,2023-12-15,10:57:16,3.85,1.19,0.25,-1.280497,36.736282,-1.284212,36.742077,18.55,19.83,32.0
629740,2023-12-15,11:59:22,2023-12-15,12:08:16,8.9,3.7,0.42,-1.282543,36.742380,-1.280607,36.768688,24.94,26.18,45.0
629740,2023-12-15,12:08:25,2023-12-15,12:18:50,10.42,4.77,0.0,-1.280607,36.768688,-1.272285,36.803437,27.47,27.47,40.0
629740,2023-12-15,12:19:52,2023-12-15,12:21:21,1.48,0.26,0.33,-1.272285,36.803437,-1.272185,36.802303,10.54,13.57,26.0
629740,2023-12-15,12:21:22,2023-12-15,12:25:04,3.7,1.48,0.57,-1.272185,36.802303,-1.269232,36.789607,24.0,28.37,48.0
629740,2023-12-15,12:25:33,2023-12-15,12:36:36,11.05,5.46,0.37,-1.269232,36.789607,-1.298767,36.761343,29.65,30.67,62.0
629740,2023-12-15,12:45:03,2023-12-15,12:48:29,3.43,1.24,0.3,-1.299088,36.759733,-1.292480,36.751647,21.69,23.77,30.0
629740,2023-12-15,12:50:56,2023-12-15,12:55:40,4.73,1.46,0.13,-1.292480,36.751647,-1.285333,36.744302,18.52,19.04,27.0
629740,2023-12-15,12:58:46,2023-12-15,13:05:18,6.53,1.7,0.35,-1.285333,36.744302,-1.280035,36.751435,15.62,16.5,26.0
629740,2023-12-15,13:06:04,2023-12-15,13:08:23,2.32,0.65,0.0,-1.280035,36.751435,-1.282698,36.748775,16.81,16.81,31.0
629740,2023-12-15,13:10:39,2023-12-15,13:14:01,3.37,0.82,0.42,-1.282698,36.748775,-1.284223,36.742078,14.6,16.68,21.0
629740,2023-12-15,14:47:56,2023-12-15,14:48:56,1.0,0.23,0.08,-1.282648,36.742317,-1.283830,36.742472,13.8,15.0,29.0
629740,2023-12-15,15:52:49,2023-12-15,15:56:58,4.15,1.42,0.43,-1.283830,36.742472,-1.283813,36.731925,20.53,22.9,45.0
629740,2023-12-15,15:57:20,2023-12-15,16:00:59,3.65,1.2,0.05,-1.283813,36.731925,-1.285442,36.741332,19.73,20.0,40.0
629740,2023-12-15,16:01:16,2023-12-15,16:02:28,1.2,0.21,0.42,-1.285442,36.741332,-1.283872,36.742402,10.5,16.15,23.0
629740,2023-12-15,16:49:59,2023-12-15,16:55:43,5.73,1.85,0.25,-1.283872,36.742402,-1.283802,36.728083,19.37,20.26,40.0
629740,2023-12-15,16:59:07,2023-12-15,17:00:47,1.67,0.51,0.0,-1.283802,36.728083,-1.282993,36.732028,18.32,18.32,31.0
629740,2023-12-15,17:04:38,2023-12-15,17:07:52,3.23,1.11,0.0,-1.282993,36.732028,-1.286182,36.740855,20.62,20.62,42.0
629740,2023-12-15,17:07:57,2023-12-15,17:09:15,1.3,0.31,0.08,-1.286182,36.740855,-1.283852,36.742418,14.31,15.25,18.0
629740,2023-12-15,17:13:09,2023-12-15,17:18:57,5.8,1.49,0.4,-1.283852,36.742418,-1.280060,36.751515,15.41,16.56,30.0
629740,2023-12-15,17:19:25,2023-12-15,17:20:28,1.05,0.27,0.0,-1.280060,36.751515,-1.278498,36.750187,15.43,15.43,21.0
629740,2023-12-15,17:20:34,2023-12-15,17:24:24,3.83,1.17,0.37,-1.278498,36.750187,-1.283807,36.742453,18.33,20.29,37.0
629740,2023-12-15,17:27:38,2023-12-15,17:31:58,4.33,1.3,0.17,-1.283807,36.742453,-1.278152,36.750758,18.01,18.75,30.0
629740,2023-12-15,17:32:01,2023-12-15,17:33:37,1.6,0.41,0.17,-1.278152,36.750758,-1.274972,36.749860,15.37,17.2,28.0
629740,2023-12-15,17:33:38,2023-12-15,17:39:28,5.83,1.64,0.0,-1.274972,36.749860,-1.287808,36.750910,16.88,16.88,25.0
629740,2023-12-15,17:41:37,2023-12-15,17:43:47,2.17,0.63,0.33,-1.287808,36.750910,-1.286232,36.745610,17.42,20.54,23.0
629740,2023-12-15,17:43:48,2023-12-15,17:45:23,1.58,0.44,0.35,-1.286232,36.745610,-1.283840,36.742433,16.71,21.46,35.0
629740,2023-12-15,17:46:10,2023-12-15,17:49:00,2.83,0.89,0.0,-1.283840,36.742433,-1.279145,36.747740,18.87,18.87,32.0
629740,2023-12-15,17:49:01,2023-12-15,17:51:47,2.77,0.8,0.0,-1.279145,36.747740,-1.276798,36.754455,17.33,17.33,33.0
629740,2023-12-15,17:54:36,2023-12-15,18:00:35,5.98,1.68,0.27,-1.276798,36.754455,-1.283828,36.742500,16.86,17.65,37.0
629740,2023-12-15,19:00:43,2023-12-15,19:01:43,1.0,0.15,0.4,-1.283828,36.742500,,,9.0,15.0,20.0
629740,2023-12-16,06:29:27,2023-12-16,06:32:24,2.95,0.87,0.17,,,-1.285028,36.737992,17.69,18.78,39.0
629740,2023-12-16,06:32:25,2023-12-16,06:34:50,2.42,0.71,0.15,-1.285028,36.737992,-1.283840,36.742463,17.6,18.77,24.0
629740,2023-12-16,07:28:40,2023-12-16,07:39:21,10.68,5.34,0.48,-1.282523,36.742343,-1.254712,36.721075,30.0,31.41,57.0
629740,2023-12-16,07:39:22,2023-12-16,07:49:17,9.92,5.14,0.4,-1.254712,36.721075,-1.283853,36.742398,31.09,32.39,55.0
629740,2023-12-16,08:00:07,2023-12-16,08:03:18,3.18,1.03,0.08,-1.283853,36.742398,-1.287832,36.750523,19.43,19.94,30.0
629740,2023-12-16,08:03:44,2023-12-16,08:07:12,3.47,1.08,0.33,-1.287832,36.750523,-1.283930,36.742383,18.67,20.64,36.0
629740,2023-12-16,08:07:13,2023-12-16,08:10:15,3.03,1.09,0.03,-1.283930,36.742383,-1.288797,36.750238,21.58,21.8,30.0
629740,2023-12-16,08:10:39,2023-12-16,08:13:47,3.13,1.04,0.3,-1.288797,36.750238,-1.283887,36.742428,19.94,22.05,31.0
629740,2023-12-16,08:34:09,2023-12-16,08:37:20,3.18,0.93,0.3,-1.282310,36.742430,-1.287477,36.748515,17.55,19.37,24.0
629740,2023-12-16,08:37:31,2023-12-16,08:40:13,2.7,0.81,0.0,-1.287477,36.748515,-1.284055,36.742325,18.0,18.0,33.0
629740,2023-12-16,08:41:16,2023-12-16,08:42:57,1.68,0.42,0.0,-1.284055,36.742325,-1.286373,36.739965,15.0,15.0,26.0
629740,2023-12-16,08:43:13,2023-12-16,08:44:34,1.35,0.29,0.35,-1.286373,36.739965,-1.285107,36.738035,12.89,17.4,21.0
629740,2023-12-16,08:44:35,2023-12-16,08:47:06,2.52,0.72,0.07,-1.285107,36.738035,-1.283600,36.742150,17.14,17.63,28.0
629740,2023-12-16,10:05:35,2023-12-16,10:07:26,1.85,0.47,0.0,-1.282317,36.742382,-1.285500,36.740665,15.24,15.24,16.0
629740,2023-12-16,10:30:50,2023-12-16,10:32:03,1.22,0.25,0.38,-1.285565,36.740993,-1.283820,36.742413,12.3,17.86,27.0
629740,2023-12-16,10:49:15,2023-12-16,10:50:52,1.62,0.44,0.0,-1.283820,36.742413,-1.287090,36.741052,16.3,16.3,23.0
629740,2023-12-16,10:51:27,2023-12-16,10:53:02,1.58,0.4,0.02,-1.287090,36.741052,-1.289050,36.742137,15.19,15.38,21.0
629740,2023-12-16,10:54:28,2023-12-16,10:55:52,1.4,0.32,0.17,-1.289050,36.742137,-1.286585,36.740745,13.71,15.61,23.0
629740,2023-12-16,10:56:37,2023-12-16,10:58:16,1.65,0.35,0.3,-1.286585,36.740745,-1.283883,36.742385,12.73,15.56,20.0
629740,2023-12-16,10:58:31,2023-12-16,11:03:04,4.55,1.32,0.05,-1.283883,36.742385,-1.281307,36.736895,17.41,17.6,29.0
629740,2023-12-16,11:04:02,2023-12-16,11:05:39,1.62,0.44,0.17,-1.281307,36.736895,-1.284970,36.738100,16.3,18.21,26.0
629740,2023-12-16,11:06:06,2023-12-16,11:08:33,2.45,0.73,0.0,-1.284970,36.738100,-1.283563,36.742123,17.88,17.88,32.0
629740,2023-12-16,11:42:30,2023-12-16,11:43:52,1.37,0.38,0.0,-1.284112,36.742202,-1.286942,36.740858,16.64,16.64,24.0
629740,2023-12-16,11:44:38,2023-12-16,11:47:03,2.42,0.72,0.02,-1.286942,36.740858,-1.292377,36.740040,17.85,18.0,22.0
629740,2023-12-16,11:48:33,2023-12-16,11:53:21,4.8,1.72,0.07,-1.292377,36.740040,-1.292707,36.751718,21.5,21.82,40.0
629740,2023-12-16,11:53:22,2023-12-16,11:57:08,3.77,1.25,0.08,-1.292707,36.751718,-1.299040,36.759815,19.89,20.33,33.0
629740,2023-12-16,12:02:54,2023-12-16,12:11:50,8.93,2.93,0.37,-1.299133,36.759648,-1.283852,36.742460,19.69,20.54,36.0
629740,2023-12-16,12:15:48,2023-12-16,12:18:40,2.87,0.73,0.13,-1.283852,36.742460,-1.283177,36.747163,15.26,15.99,19.0
629740,2023-12-16,12:22:26,2023-12-16,12:24:22,1.93,0.51,0.03,-1.283177,36.747163,-1.282590,36.749630,15.85,16.11,20.0
629740,2023-12-16,12:25:35,2023-12-16,12:27:23,1.8,0.52,0.0,-1.282590,36.749630,-1.284927,36.745810,17.33,17.33,22.0
629740,2023-12-16,12:27:39,2023-12-16,12:29:38,1.98,0.57,0.0,-1.284927,36.745810,-1.283607,36.742115,17.27,17.27,29.0
629740,2023-12-16,12:33:20,2023-12-16,12:34:32,1.2,0.22,0.42,-1.283607,36.742115,-1.285428,36.741388,11.0,16.92,24.0
629740,2023-12-16,12:34:46,2023-12-16,12:35:44,0.97,0.24,0.0,-1.285428,36.741388,-1.283507,36.742122,14.85,14.85,16.0
629740,2023-12-16,12:50:54,2023-12-16,12:53:16,2.37,0.5,0.55,-1.282337,36.742317,-1.286385,36.740682,12.66,16.48,22.0
629740,2023-12-16,12:53:17,2023-12-16,12:54:29,1.2,0.28,0.05,-1.286385,36.740682,-1.284358,36.742107,14.0,14.61,21.0
629740,2023-12-16,13:21:47,2023-12-16,13:23:11,1.4,0.35,0.0,-1.284343,36.742138,-1.287012,36.740997,15.0,15.0,22.0
629740,2023-12-16,13:23:31,2023-12-16,13:24:54,1.38,0.3,0.27,-1.287012,36.740997,-1.288590,36.743188,13.04,16.22,20.0
629740,2023-12-16,13:25:06,2023-12-16,13:31:32,6.43,2.44,0.0,-1.288590,36.743188,-1.287213,36.741113,22.77,22.77,40.0
629740,2023-12-16,13:32:18,2023-12-16,13:34:10,1.87,0.42,0.42,-1.285923,36.741017,-1.282502,36.742302,13.48,17.38,30.0
629740,2023-12-16,13:35:24,2023-12-16,13:38:13,2.82,0.78,0.0,-1.282502,36.742302,-1.288200,36.742623,16.6,16.6,30.0
629740,2023-12-16,13:39:00,2023-12-16,13:44:42,5.7,2.24,0.0,-1.288588,36.743192,-1.298452,36.759970,23.58,23.58,52.0
629740,2023-12-16,13:44:43,2023-12-16,13:45:50,1.12,0.23,0.32,-1.298452,36.759970,-1.298847,36.761982,12.32,17.25,28.0
629740,2023-12-16,13:46:16,2023-12-16,13:47:38,1.37,0.41,0.45,-1.298847,36.761982,-1.300023,36.758520,17.96,26.74,52.0
629740,2023-12-16,13:48:08,2023-12-16,13:49:16,1.13,0.27,0.0,-1.300023,36.758520,-1.298460,36.759715,14.34,14.34,24.0
629740,2023-12-16,13:49:17,2023-12-16,13:50:53,1.6,0.34,0.5,-1.298460,36.759715,-1.297570,36.756825,12.75,18.55,24.0
629740,2023-12-16,13:51:12,2023-12-16,13:53:26,2.23,0.8,0.0,-1.297570,36.756825,-1.292778,36.751728,21.52,21.52,31.0
629740,2023-12-16,13:54:54,2023-12-16,13:56:38,1.73,0.39,0.33,-1.292778,36.751728,-1.290152,36.750800,13.53,16.71,21.0
629740,2023-12-16,13:58:18,2023-12-16,14:02:29,4.18,1.24,0.3,-1.290152,36.750800,-1.297547,36.756887,17.8,19.18,33.0
629740,2023-12-16,14:03:17,2023-12-16,14:05:55,2.63,0.87,0.0,-1.297547,36.756887,-1.292275,36.751577,19.85,19.85,38.0
629740,2023-12-16,14:05:57,2023-12-16,14:07:31,1.57,0.36,0.38,-1.292275,36.751577,-1.289418,36.753005,13.76,18.15,24.0
629740,2023-12-16,14:07:32,2023-12-16,14:08:48,1.27,0.34,0.0,-1.289418,36.753005,-1.286368,36.753378,16.06,16.06,26.0
629740,2023-12-16,15:41:09,2023-12-16,15:42:30,1.35,0.29,0.45,-1.286003,36.753387,-1.288607,36.753227,12.89,19.33,27.0
629740,2023-12-16,15:46:46,2023-12-16,15:49:39,2.88,0.91,0.17,-1.288607,36.753227,-1.286300,36.745662,18.96,20.15,33.0
629740,2023-12-16,15:49:40,2023-12-16,15:51:15,1.58,0.53,0.0,-1.286300,36.745662,-1.283973,36.742097,20.13,20.13,29.0
629740,2023-12-16,16:22:34,2023-12-16,16:24:27,1.88,0.56,0.0,-1.282648,36.742288,-1.286257,36.745662,17.87,17.87,27.0
629740,2023-12-16,16:24:30,2023-12-16,16:27:32,3.03,0.82,0.17,-1.286257,36.745662,-1.289103,36.752480,16.24,17.2,22.0
629740,2023-12-16,16:28:50,2023-12-16,16:31:25,2.58,0.79,0.13,-1.289103,36.752480,-1.286417,36.745940,18.37,19.35,27.0
629740,2023-12-16,16:31:46,2023-12-16,16:33:36,1.83,0.48,0.33,-1.286417,36.745940,-1.283875,36.742450,15.74,19.2,25.0
629740,2023-12-16,16:33:37,2023-12-16,16:35:04,1.45,0.43,0.0,-1.283875,36.742450,-1.286870,36.742310,17.79,17.79,39.0
629740,2023-12-16,16:37:47,2023-12-16,16:39:17,1.5,0.34,0.37,-1.286870,36.742310,-1.284247,36.742053,13.6,18.05,28.0
629740,2023-12-16,17:03:46,2023-12-16,17:05:32,1.77,0.48,0.0,-1.282632,36.742303,-1.286618,36.740840,16.27,16.27,18.0
629740,2023-12-16,17:12:21,2023-12-16,17:13:39,1.3,0.26,0.32,-1.287525,36.741733,-1.285322,36.741492,12.0,15.92,18.0
629740,2023-12-16,18:58:11,2023-12-16,18:59:30,1.32,0.25,0.37,-1.284283,36.742423,-1.285307,36.744442,11.36,15.79,19.0
629740,2023-12-16,18:59:40,2023-12-16,19:03:28,3.8,1.04,0.17,-1.285307,36.744442,-1.278193,36.744837,16.42,17.19,26.0
629740,2023-12-16,19:04:16,2023-12-16,19:07:49,3.55,1.01,0.47,-1.278193,36.744837,-1.285375,36.744452,17.07,19.68,35.0
629740,2023-12-16,19:13:14,2023-12-16,19:14:31,1.28,0.28,0.08,-1.285375,36.744452,,,13.13,14.0,20.0
629740,2023-12-17,06:19:53,2023-12-17,06:22:28,2.58,0.71,0.18,,,-1.282772,36.740935,16.51,17.75,31.0
629740,2023-12-17,06:23:32,2023-12-17,06:25:50,2.3,0.67,0.38,-1.282772,36.740935,-1.283825,36.742453,17.48,20.94,38.0
629740,2023-12-17,06:39:33,2023-12-17,06:43:10,3.62,1.06,0.47,-1.283825,36.742453,-1.277590,36.747350,17.57,20.19,34.0
629740,2023-12-17,06:43:19,2023-12-17,06:46:19,3.0,1.02,0.45,-1.277590,36.747350,-1.283835,36.742483,20.4,24.0,42.0
629740,2023-12-17,06:48:46,2023-12-17,06:55:01,6.25,1.93,0.33,-1.283835,36.742483,-1.274880,36.754538,18.53,19.56,37.0
629740,2023-12-17,06:55:12,2023-12-17,06:59:02,3.83,1.1,0.47,-1.274880,36.754538,-1.279297,36.747195,17.23,19.64,35.0
629740,2023-12-17,07:01:19,2023-12-17,07:02:38,1.32,0.31,0.4,-1.279297,36.747195,-1.279973,36.744490,14.09,20.22,39.0
629740,2023-12-17,07:02:39,2023-12-17,07:04:30,1.85,0.5,0.6,-1.279973,36.744490,-1.283817,36.742442,16.22,24.0,42.0
629740,2023-12-17,07:15:22,2023-12-17,07:17:20,1.97,0.5,0.3,-1.283817,36.742442,-1.279970,36.744288,15.23,17.96,25.0
629740,2023-12-17,07:17:35,2023-12-17,07:19:24,1.82,0.49,0.43,-1.279970,36.744288,-1.283822,36.742452,16.15,21.15,30.0
629740,2023-12-17,07:27:46,2023-12-17,07:31:36,3.83,1.46,0.43,-1.283822,36.742452,-1.278730,36.735920,22.87,25.76,42.0
629740,2023-12-17,07:32:10,2023-12-17,07:35:31,3.35,1.44,0.17,-1.278730,36.735920,-1.283810,36.742412,25.79,27.17,51.0
629740,2023-12-17,07:44:55,2023-12-17,07:47:41,2.77,0.86,0.0,-1.283810,36.742412,-1.282773,36.747867,18.63,18.63,29.0
629740,2023-12-17,07:48:34,2023-12-17,07:50:12,1.63,0.37,0.5,-1.282633,36.748838,-1.282195,36.752128,13.62,19.65,26.0
629740,2023-12-17,07:50:51,2023-12-17,07:55:16,4.42,1.32,0.43,-1.282195,36.752128,-1.283830,36.742512,17.92,19.85,46.0
629740,2023-12-17,07:57:31,2023-12-17,08:01:01,3.5,1.15,0.42,-1.283830,36.742512,-1.281355,36.736860,19.71,22.4,30.0
629740,2023-12-17,08:01:08,2023-12-17,08:06:48,5.67,2.15,0.23,-1.281355,36.736860,-1.287815,36.750525,22.75,23.71,42.0
629740,2023-12-17,08:07:27,2023-12-17,08:10:32,3.08,1.01,0.43,-1.287815,36.750525,-1.283897,36.742527,19.68,22.87,40.0
629740,2023-12-17,08:26:15,2023-12-17,08:29:47,3.53,1.16,0.37,-1.283897,36.742527,-1.281290,36.736912,19.72,22.03,31.0
629740,2023-12-17,08:29:52,2023-12-17,08:32:47,2.92,1.14,0.33,-1.281290,36.736912,-1.283888,36.742468,23.42,26.41,49.0
629740,2023-12-17,08:38:00,2023-12-17,08:40:48,2.8,0.82,0.0,-1.283888,36.742468,-1.282813,36.747665,17.57,17.57,25.0
629740,2023-12-17,08:41:08,2023-12-17,08:43:15,2.12,0.58,0.17,-1.282813,36.747665,-1.282703,36.752565,16.42,17.85,25.0
629740,2023-12-17,08:43:16,2023-12-17,08:47:43,4.45,1.35,0.28,-1.282703,36.752565,-1.293180,36.753237,18.2,19.42,31.0
629740,2023-12-17,08:47:49,2023-12-17,08:50:40,2.85,1.08,0.4,-1.293180,36.753237,-1.299093,36.759742,22.74,26.45,48.0
629740,2023-12-17,08:53:48,2023-12-17,08:57:46,3.97,1.48,0.38,-1.298332,36.759033,-1.289435,36.753053,22.37,24.74,39.0
629740,2023-12-17,08:57:47,2023-12-17,09:01:20,3.55,1.32,0.25,-1.289435,36.753053,-1.283987,36.742548,22.31,24.0,44.0
629740,2023-12-17,09:15:04,2023-12-17,09:17:08,2.07,0.57,0.0,-1.283987,36.742548,-1.284295,36.746352,16.52,16.52,22.0
629740,2023-12-17,09:24:32,2023-12-17,09:27:25,2.88,0.82,0.38,-1.284295,36.746352,-1.283852,36.742452,17.08,19.68,28.0
629740,2023-12-17,09:27:47,2023-12-17,09:31:05,3.3,1.04,0.27,-1.283852,36.742452,-1.288295,36.750627,18.91,20.59,26.0
629740,2023-12-17,09:31:41,2023-12-17,09:33:45,2.07,0.62,0.2,-1.288295,36.750627,-1.286148,36.745505,17.97,19.89,34.0
629740,2023-12-17,09:33:46,2023-12-17,09:35:58,2.2,0.65,0.42,-1.286148,36.745505,-1.285603,36.741245,17.73,21.91,33.0
629740,2023-12-17,09:36:54,2023-12-17,09:37:58,1.07,0.21,0.03,-1.285603,36.741245,-1.283937,36.742108,11.78,12.12,20.0
629740,2023-12-17,10:26:45,2023-12-17,10:30:54,4.15,1.35,0.33,-1.283827,36.742438,-1.289388,36.753052,19.52,21.2,29.0
629740,2023-12-17,10:30:55,2023-12-17,10:35:08,4.22,1.39,0.33,-1.289388,36.753052,-1.298250,36.757998,19.76,21.44,33.0
629740,2023-12-17,10:36:25,2023-12-17,10:41:50,5.42,2.42,0.12,-1.298250,36.757998,-1.286447,36.740723,26.79,27.4,43.0
629740,2023-12-17,10:41:51,2023-12-17,10:43:08,1.28,0.35,0.48,-1.286447,36.740723,-1.283848,36.742422,16.41,26.25,35.0
629740,2023-12-17,10:49:26,2023-12-17,10:52:48,3.37,0.89,0.0,-1.283848,36.742422,-1.282625,36.749083,15.85,15.85,27.0
629740,2023-12-17,10:52:49,2023-12-17,10:54:19,1.5,0.39,0.17,-1.282625,36.749083,-1.282205,36.752582,15.6,17.59,31.0
629740,2023-12-17,10:54:42,2023-12-17,10:58:55,4.22,1.4,0.32,-1.282205,36.752582,-1.276312,36.761533,19.91,21.54,38.0
629740,2023-12-17,11:00:44,2023-12-17,11:04:08,3.4,1.06,0.0,-1.276312,36.761533,-1.281355,36.754485,18.71,18.71,24.0
629740,2023-12-17,11:04:28,2023-12-17,11:09:28,5.0,1.62,0.42,-1.281355,36.754485,-1.283868,36.742447,19.44,21.22,45.0
629740,2023-12-17,11:10:21,2023-12-17,11:13:25,3.07,1.04,0.0,-1.283868,36.742447,-1.287803,36.750655,20.33,20.33,37.0
629740,2023-12-17,11:14:55,2023-12-17,11:19:29,4.57,1.58,0.28,-1.287803,36.750655,-1.284062,36.742067,20.74,22.1,31.0
629740,2023-12-17,19:45:18,2023-12-17,19:47:15,1.95,0.52,0.0,-1.281730,36.741490,-1.286197,36.740835,16.0,16.0,24.0
629740,2023-12-17,19:47:40,2023-12-17,19:49:48,2.13,0.49,0.3,-1.286197,36.740835,-1.289538,36.741818,13.8,16.07,21.0
629740,2023-12-17,19:53:08,2023-12-17,19:56:05,2.95,0.73,0.37,-1.289538,36.741818,-1.284242,36.742343,14.85,16.98,28.0
629740,2023-12-17,22:49:54,2023-12-17,22:57:39,7.75,3.4,0.58,-1.282365,36.742057,-1.297587,36.763143,26.32,28.45,59.0
629740,2023-12-17,23:13:33,2023-12-17,23:19:57,6.4,3.18,0.28,-1.297587,36.763143,-1.284218,36.742107,29.81,31.18,56.0
629740,2023-12-17,23:21:48,2023-12-17,23:22:58,1.17,0.2,0.48,-1.284218,36.742107,-1.282462,36.742355,10.26,17.39,20.0
629740,2023-12-17,23:23:52,2023-12-17,23:25:34,1.7,0.42,0.23,-1.282462,36.742355,-1.285618,36.740962,14.82,17.14,23.0
629740,2023-12-17,23:38:19,2023-12-17,23:39:26,1.12,0.25,0.0,-1.285618,36.740962,,,13.39,13.39,19.0
629740,2023-12-18,09:55:05,2023-12-18,09:56:05,1.0,0.2,0.0,,,-1.283600,36.741672,12.0,12.0,19.0
629740,2023-12-18,09:57:37,2023-12-18,10:00:41,3.07,0.91,0.25,-1.283600,36.741672,-1.287433,36.748782,17.79,19.36,26.0
629740,2023-12-18,10:00:42,2023-12-18,10:03:08,2.43,0.7,0.0,-1.287433,36.748782,-1.284497,36.743342,17.28,17.28,26.0
629740,2023-12-18,10:43:57,2023-12-18,10:51:00,7.05,1.87,0.5,-1.282515,36.742397,-1.282805,36.747615,15.91,17.13,35.0
629740,2023-12-18,10:52:04,2023-12-18,10:53:19,1.25,0.28,0.15,-1.282805,36.747615,-1.284757,36.745950,13.44,15.27,26.0
629740,2023-12-18,10:55:54,2023-12-18,10:57:48,1.9,0.58,0.0,-1.284757,36.745950,-1.283670,36.742148,18.32,18.32,27.0
629740,2023-12-18,11:01:56,2023-12-18,11:03:30,1.57,0.36,0.35,-1.283670,36.742148,-1.286472,36.740660,13.76,17.7,21.0
629740,2023-12-18,11:04:05,2023-12-18,11:05:28,1.38,0.4,0.0,-1.286472,36.740660,-1.283350,36.742177,17.39,17.39,26.0
629740,2023-12-18,11:14:12,2023-12-18,11:15:51,1.65,0.46,0.0,-1.282550,36.742383,-1.286297,36.740780,16.73,16.73,34.0
629740,2023-12-18,11:16:32,2023-12-18,11:23:18,6.77,2.67,0.0,-1.286297,36.740780,-1.298960,36.759878,23.66,23.66,48.0
629740,2023-12-18,11:25:55,2023-12-18,11:33:02,7.12,3.82,0.45,-1.299092,36.759770,-1.299243,36.793905,32.19,34.36,66.0
629740,2023-12-18,11:33:21,2023-12-18,11:54:36,21.25,12.62,0.55,-1.299243,36.793905,-1.332297,36.866898,35.63,36.58,61.0
629740,2023-12-18,13:21:04,2023-12-18,13:22:07,1.05,0.23,0.0,-1.332315,36.866782,-1.330992,36.865445,13.14,13.14,33.0
629740,2023-12-18,13:22:08,2023-12-18,13:30:04,7.93,5.24,0.0,-1.330992,36.865445,-1.312618,36.823762,39.65,39.65,71.0
629740,2023-12-18,13:30:05,2023-12-18,13:49:48,19.72,9.62,0.17,-1.312618,36.823762,-1.299148,36.759672,29.27,29.52,70.0
629740,2023-12-18,13:53:03,2023-12-18,13:59:37,6.57,2.27,0.33,-1.299148,36.759672,-1.288548,36.742983,20.73,21.83,31.0
629740,2023-12-18,14:00:04,2023-12-18,14:01:33,1.48,0.38,0.0,-1.288548,36.742983,-1.286243,36.740837,15.41,15.41,17.0
629740,2023-12-18,14:01:39,2023-12-18,14:02:37,0.97,0.16,0.35,-1.286243,36.740837,-1.285108,36.741645,9.9,15.48,17.0
629740,2023-12-18,14:53:46,2023-12-18,14:55:54,2.13,0.65,0.48,-1.282597,36.742343,-1.284967,36.745777,18.31,23.64,47.0
629740,2023-12-18,14:56:40,2023-12-18,14:57:58,1.3,0.36,0.0,-1.284967,36.745777,-1.282783,36.747777,16.62,16.62,30.0
629740,2023-12-18,15:33:48,2023-12-18,15:37:36,3.8,1.14,0.0,-1.280930,36.748735,-1.283837,36.742130,18.0,18.0,38.0
629740,2023-12-18,16:12:57,2023-12-18,16:14:48,1.85,0.51,0.0,-1.282570,36.742310,-1.286818,36.740777,16.54,16.54,28.0
629740,2023-12-18,16:14:49,2023-12-18,16:16:05,1.27,0.33,0.0,-1.286818,36.740777,-1.288615,36.743120,15.59,15.59,19.0
629740,2023-12-18,16:16:25,2023-12-18,16:19:32,3.12,1.12,0.0,-1.288615,36.743120,-1.292812,36.752133,21.54,21.54,43.0
629740,2023-12-18,16:19:33,2023-12-18,16:26:42,7.15,3.89,0.62,-1.292812,36.752133,-1.299653,36.784462,32.64,35.74,64.0
629740,2023-12-18,16:26:43,2023-12-18,16:31:00,4.28,2.04,0.17,-1.299653,36.784462,-1.297885,36.802690,28.6,29.78,59.0
629740,2023-12-18,16:31:02,2023-12-18,16:40:15,9.22,4.62,0.17,-1.297885,36.802690,-1.312510,36.823592,30.07,30.63,58.0
629740,2023-12-18,16:40:20,2023-12-18,16:42:09,1.82,0.42,0.37,-1.312510,36.823592,-1.313325,36.827233,13.85,17.38,30.0
629740,2023-12-18,16:43:24,2023-12-18,16:45:21,1.95,0.54,0.0,-1.313325,36.827233,-1.315830,36.830017,16.62,16.62,21.0
629740,2023-12-18,16:45:22,2023-12-18,16:47:05,1.72,0.4,0.32,-1.315830,36.830017,-1.319407,36.829458,13.95,17.14,19.0
629740,2023-12-18,16:48:27,2023-12-18,16:49:54,1.45,0.36,0.0,-1.319407,36.829458,-1.322367,36.828675,14.9,14.9,20.0
629740,2023-12-18,16:50:34,2023-12-18,16:52:54,2.33,0.53,0.27,-1.322628,36.828223,-1.323113,36.824370,13.65,15.44,20.0
629740,2023-12-18,17:07:30,2023-12-18,17:32:04,24.57,11.92,0.0,-1.323113,36.824370,-1.299128,36.759690,29.11,29.11,67.0
629740,2023-12-18,17:35:39,2023-12-18,17:38:43,3.07,0.96,0.0,-1.299128,36.759690,-1.293508,36.753573,18.76,18.76,27.0
629740,2023-12-18,17:38:50,2023-12-18,17:40:27,1.62,0.43,0.0,-1.293508,36.753573,-1.291085,36.752225,15.93,15.93,18.0
629740,2023-12-18,17:40:59,2023-12-18,17:46:12,5.22,1.52,0.35,-1.291085,36.752225,-1.283135,36.747227,17.47,18.73,30.0
629740,2023-12-18,18:30:48,2023-12-18,18:33:25,2.62,0.67,0.53,-1.280972,36.748755,-1.280220,36.743945,15.34,19.23,29.0
629740,2023-12-18,18:34:24,2023-12-18,18:35:41,1.28,0.31,0.0,-1.280220,36.743945,-1.281173,36.741883,14.53,14.53,20.0
629740,2023-12-18,19:08:49,2023-12-18,19:10:30,1.68,0.4,0.28,-1.282525,36.742418,-1.285362,36.744390,14.29,17.14,20.0
629740,2023-12-18,19:32:24,2023-12-18,19:33:15,0.85,0.18,0.0,-1.284612,36.743277,,,12.71,12.71,20.0
629740,2023-12-19,06:05:11,2023-12-19,06:06:14,1.05,0.24,0.0,,,-1.284233,36.742195,13.71,13.71,17.0
629740,2023-12-19,06:54:04,2023-12-19,06:58:26,4.37,1.24,0.47,-1.284233,36.742195,-1.282270,36.751730,17.03,19.08,33.0
629740,2023-12-19,06:58:31,2023-12-19,06:59:35,1.07,0.26,0.0,-1.282270,36.751730,-1.282608,36.749418,14.58,14.58,22.0
629740,2023-12-19,07:00:18,2023-12-19,07:02:41,2.38,0.61,0.23,-1.282608,36.749418,-1.285817,36.745115,15.38,17.02,21.0
629740,2023-12-19,07:02:43,2023-12-19,07:04:11,1.47,0.37,0.27,-1.285817,36.745115,-1.283875,36.742477,15.1,18.5,31.0
629740,2023-12-19,07:24:31,2023-12-19,07:25:31,1.0,0.18,0.28,-1.283875,36.742477,-1.282298,36.742405,10.8,15.0,17.0
629740,2023-12-19,07:28:35,2023-12-19,07:36:22,7.78,2.62,0.25,-1.282298,36.742405,-1.283787,36.742487,20.21,20.88,39.0
629740,2023-12-19,07:37:36,2023-12-19,07:39:09,1.55,0.44,0.0,-1.283787,36.742487,-1.287127,36.741122,17.03,17.03,25.0
629740,2023-12-19,07:39:23,2023-12-19,07:46:37,7.23,2.82,0.33,-1.287127,36.741122,-1.299820,36.758820,23.4,24.52,35.0
629740,2023-12-19,07:46:59,2023-12-19,07:54:15,7.27,3.06,0.17,-1.299820,36.758820,-1.283913,36.742147,25.25,25.86,56.0
629740,2023-12-19,07:54:17,2023-12-19,07:55:25,1.13,0.18,0.5,-1.283913,36.742147,-1.282290,36.742407,9.56,17.14,24.0
629740,2023-12-19,07:56:46,2023-12-19,07:59:23,2.62,0.98,0.33,-1.282290,36.742407,-1.287487,36.748615,22.44,25.68,44.0
629740,2023-12-19,07:59:24,2023-12-19,08:01:39,2.25,0.92,0.0,-1.287487,36.748615,-1.283535,36.742200,24.53,24.53,40.0
629740,2023-12-19,08:08:32,2023-12-19,08:13:15,4.72,1.38,0.1,-1.283535,36.742200,-1.288452,36.753215,17.54,17.92,33.0
629740,2023-12-19,08:13:16,2023-12-19,08:15:44,2.47,0.76,0.12,-1.288452,36.753215,-1.282172,36.752918,18.46,19.4,27.0
629740,2023-12-19,08:30:06,2023-12-19,08:35:38,5.53,1.61,0.0,-1.282172,36.752918,-1.282833,36.742338,17.47,17.47,34.0
629740,2023-12-19,08:40:24,2023-12-19,08:42:42,2.3,0.71,0.0,-1.282833,36.742338,-1.288070,36.742120,18.52,18.52,36.0
629740,2023-12-19,08:42:43,2023-12-19,08:44:43,2.0,0.57,0.4,-1.288070,36.742120,-1.291513,36.744330,17.1,21.37,32.0
629740,2023-12-19,08:45:33,2023-12-19,08:47:48,2.25,0.58,0.32,-1.291513,36.744330,-1.288028,36.742128,15.47,18.03,29.0
629740,2023-12-19,08:48:19,2023-12-19,08:49:28,1.15,0.25,0.0,-1.288028,36.742128,-1.286427,36.740760,13.04,13.04,20.0
629740,2023-12-19,08:49:29,2023-12-19,08:50:53,1.4,0.34,0.4,-1.286427,36.740760,-1.283885,36.742440,14.57,20.4,29.0
629740,2023-12-19,08:57:29,2023-12-19,08:58:44,1.25,0.34,0.0,-1.283885,36.742440,-1.286448,36.740763,16.32,16.32,19.0
629740,2023-12-19,08:59:16,2023-12-19,09:00:59,1.72,0.46,0.03,-1.286448,36.740763,-1.289052,36.743920,16.05,16.33,23.0
629740,2023-12-19,09:02:00,2023-12-19,09:03:35,1.58,0.35,0.18,-1.289052,36.743920,-1.287322,36.741280,13.29,15.0,18.0
629740,2023-12-19,09:04:07,2023-12-19,09:05:53,1.77,0.45,0.35,-1.287322,36.741280,-1.283858,36.742453,15.25,19.01,24.0
629740,2023-12-19,09:10:06,2023-12-19,09:11:07,1.02,0.15,0.42,-1.283858,36.742453,-1.282498,36.742355,8.82,15.0,19.0
629740,2023-12-19,09:11:37,2023-12-19,09:13:36,1.98,0.48,0.3,-1.282498,36.742355,-1.286368,36.740753,14.55,17.14,23.0
629740,2023-12-19,09:13:55,2023-12-19,09:15:17,1.37,0.28,0.38,-1.286368,36.740753,-1.284265,36.742157,12.26,16.97,23.0
629740,2023-12-19,09:18:45,2023-12-19,09:20:48,2.05,0.48,0.0,-1.284265,36.742157,-1.285947,36.739348,14.05,14.05,24.0
629740,2023-12-19,09:20:49,2023-12-19,09:22:05,1.27,0.27,0.3,-1.285947,36.739348,-1.284830,36.737328,12.76,16.7,20.0
629740,2023-12-19,09:37:33,2023-12-19,09:40:38,3.08,0.84,0.5,-1.284830,36.737328,-1.280723,36.741513,16.36,19.53,26.0
629740,2023-12-19,09:43:33,2023-12-19,09:46:44,3.18,0.82,0.0,-1.280723,36.741513,-1.284348,36.743195,15.47,15.47,21.0
629740,2023-12-19,09:46:45,2023-12-19,09:49:32,2.78,0.96,0.0,-1.284348,36.743195,-1.288320,36.750782,20.72,20.72,28.0
629740,2023-12-19,09:49:33,2023-12-19,09:50:49,1.27,0.25,0.42,-1.288320,36.750782,-1.289183,36.752862,11.81,17.65,19.0
629740,2023-12-19,09:50:53,2023-12-19,09:55:21,4.47,1.42,0.17,-1.289183,36.752862,-1.283688,36.742165,19.06,19.81,31.0
629740,2023-12-19,10:02:46,2023-12-19,10:04:13,1.45,0.42,0.0,-1.283688,36.742165,-1.287013,36.740968,17.38,17.38,24.0
629740,2023-12-19,10:04:51,2023-12-19,10:06:04,1.22,0.22,0.47,-1.287013,36.740968,-1.288562,36.741685,10.82,17.6,20.0
629740,2023-12-19,10:10:49,2023-12-19,10:12:01,1.2,0.29,0.0,-1.288562,36.741685,-1.286367,36.740772,14.5,14.5,18.0
629740,2023-12-19,10:12:02,2023-12-19,10:13:18,1.27,0.33,0.17,-1.286367,36.740772,-1.283835,36.742137,15.59,18.0,28.0
629740,2023-12-19,11:09:42,2023-12-19,11:12:56,3.23,0.93,0.25,-1.282560,36.742327,-1.287457,36.748790,17.28,18.72,23.0
629740,2023-12-19,11:12:57,2023-12-19,11:15:24,2.45,0.81,0.42,-1.287457,36.748790,-1.283908,36.742518,19.84,23.94,29.0
629740,2023-12-19,11:25:18,2023-12-19,11:26:26,1.13,0.19,0.4,-1.283908,36.742518,-1.282467,36.743408,10.09,15.62,22.0
629740,2023-12-19,11:26:27,2023-12-19,11:27:29,1.03,0.18,0.35,-1.282467,36.743408,-1.283842,36.742485,10.49,15.88,19.0
629740,2023-12-19,12:07:06,2023-12-19,12:08:25,1.32,0.34,0.0,-1.283842,36.742485,-1.285888,36.744175,15.45,15.45,34.0
629740,2023-12-19,12:28:34,2023-12-19,12:30:12,1.63,0.35,0.32,-1.286477,36.743680,-1.283900,36.742433,12.88,16.03,26.0
629740,2023-12-19,14:30:27,2023-12-19,14:32:40,2.22,0.56,0.0,-1.282318,36.742345,-1.286727,36.742173,15.14,15.14,24.0
629740,2023-12-19,14:46:18,2023-12-19,14:48:14,1.93,0.42,0.33,-1.286727,36.742173,-1.288063,36.742118,13.06,15.75,27.0
629740,2023-12-19,14:49:02,2023-12-19,14:51:04,2.03,0.51,0.0,-1.288063,36.742118,-1.286183,36.740850,15.07,15.07,25.0
629740,2023-12-19,14:52:10,2023-12-19,15:01:55,9.75,3.4,0.23,-1.286183,36.740850,-1.266510,36.730117,20.92,21.43,37.0
629740,2023-12-19,15:06:32,2023-12-19,15:10:32,4.0,1.56,0.0,-1.266510,36.730117,-1.274073,36.734753,23.4,23.4,45.0
629740,2023-12-19,15:10:33,2023-12-19,15:15:37,5.07,2.18,0.0,-1.274073,36.734753,-1.283525,36.742178,25.8,25.8,54.0
629740,2023-12-19,15:59:57,2023-12-19,16:01:29,1.53,0.41,0.33,-1.282600,36.742345,-1.285448,36.744532,16.08,20.5,30.0
629740,2023-12-19,16:01:40,2023-12-19,16:03:27,1.78,0.5,0.0,-1.285448,36.744532,-1.282820,36.747658,16.85,16.85,26.0
629740,2023-12-19,16:11:12,2023-12-19,16:13:23,2.18,0.5,0.5,-1.280955,36.748712,-1.279777,36.745390,13.76,17.86,20.0
629740,2023-12-19,16:19:06,2023-12-19,16:20:08,1.03,0.17,0.32,-1.279777,36.745390,-1.280212,36.743893,9.9,14.37,31.0
629740,2023-12-19,16:25:54,2023-12-19,16:27:18,1.4,0.3,0.45,-1.280212,36.743893,-1.282782,36.743232,12.86,18.95,38.0
629740,2023-12-19,16:35:33,2023-12-19,16:36:34,1.02,0.16,0.48,-1.282782,36.743232,-1.283917,36.742390,9.41,17.78,23.0
629740,2023-12-19,17:45:29,2023-12-19,17:47:01,1.53,0.43,0.0,-1.283917,36.742390,-1.287188,36.741152,16.86,16.86,22.0
629740,2023-12-19,17:49:51,2023-12-19,17:57:42,7.85,2.6,0.15,-1.287188,36.741152,-1.299093,36.759770,19.87,20.26,34.0
629740,2023-12-19,18:02:42,2023-12-19,18:05:47,3.08,1.05,0.12,-1.299093,36.759770,-1.293095,36.752818,20.45,21.28,34.0
629740,2023-12-19,18:07:36,2023-12-19,18:10:14,2.63,0.67,0.17,-1.292282,36.751617,-1.288162,36.750187,15.29,16.34,21.0
629740,2023-12-19,18:10:20,2023-12-19,18:14:04,3.73,1.04,0.0,-1.288162,36.750187,-1.282988,36.747175,16.73,16.73,23.0
629740,2023-12-19,18:56:28,2023-12-19,18:59:10,2.7,0.7,0.17,-1.280962,36.748735,-1.285713,36.744827,15.56,16.6,18.0
629740,2023-12-19,19:05:57,2023-12-19,19:06:49,0.87,0.18,0.17,-1.285387,36.744423,,,12.41,15.43,18.0
629740,2023-12-20,06:27:08,2023-12-20,06:31:29,4.35,1.63,0.43,,,-1.283807,36.742428,22.48,24.95,57.0
629740,2023-12-20,06:43:22,2023-12-20,06:47:25,4.05,1.56,0.45,-1.283807,36.742428,-1.277870,36.735800,23.11,26.0,33.0
629740,2023-12-20,06:47:34,2023-12-20,06:51:35,4.02,1.54,0.43,-1.277870,36.735800,-1.283863,36.742430,22.99,25.74,48.0
629740,2023-12-20,07:00:11,2023-12-20,07:01:51,1.67,0.48,0.0,-1.283863,36.742430,-1.287118,36.742702,17.25,17.25,34.0
629740,2023-12-20,07:04:24,2023-12-20,07:06:04,1.67,0.44,0.17,-1.287118,36.742702,-1.284158,36.742200,15.81,17.6,29.0
629740,2023-12-20,07:08:36,2023-12-20,07:11:10,2.57,0.71,0.03,-1.284158,36.742200,-1.279627,36.742523,16.58,16.77,28.0
629740,2023-12-20,07:12:43,2023-12-20,07:14:56,2.22,0.63,0.63,-1.279627,36.742523,-1.283852,36.742493,17.03,23.77,42.0
629740,2023-12-20,07:19:21,2023-12-20,07:31:19,11.97,3.92,0.0,-1.283852,36.742493,-1.265747,36.743977,19.65,19.65,41.0
629740,2023-12-20,07:35:09,2023-12-20,07:43:41,8.53,2.66,0.35,-1.265747,36.743977,-1.278242,36.750767,18.71,19.51,34.0
629740,2023-12-20,07:43:42,2023-12-20,07:47:11,3.48,1.21,0.17,-1.278242,36.750767,-1.283657,36.742630,20.86,21.93,35.0
629740,2023-12-20,07:52:57,2023-12-20,07:55:26,2.48,0.8,0.35,-1.283657,36.742630,-1.287473,36.748560,19.35,22.54,32.0
629740,2023-12-20,07:55:27,2023-12-20,07:58:01,2.57,0.78,0.37,-1.287473,36.748560,-1.283858,36.742573,18.21,21.27,27.0
629740,2023-12-20,08:01:16,2023-12-20,08:04:41,3.42,1.08,0.0,-1.283858,36.742573,-1.288828,36.750228,18.95,18.95,32.0
629740,2023-12-20,08:05:06,2023-12-20,08:08:30,3.4,1.04,0.37,-1.288828,36.750228,-1.283862,36.742468,18.35,20.59,33.0
629740,2023-12-20,08:13:24,2023-12-20,08:16:44,3.33,0.98,0.1,-1.283862,36.742468,-1.278937,36.748537,17.66,18.2,26.0
629740,2023-12-20,08:17:11,2023-12-20,08:19:51,2.67,0.84,0.13,-1.278937,36.748537,-1.282710,36.743265,18.88,19.84,35.0
629740,2023-12-20,08:25:36,2023-12-20,08:27:29,1.88,0.52,0.18,-1.282710,36.743265,-1.286617,36.740788,16.6,18.35,40.0
629740,2023-12-20,08:28:08,2023-12-20,08:29:40,1.53,0.36,0.4,-1.286562,36.740705,-1.283863,36.742407,14.12,19.12,27.0
629740,2023-12-20,08:34:41,2023-12-20,08:37:26,2.75,0.64,0.42,-1.283863,36.742407,-1.287712,36.738917,13.96,16.48,28.0
629740,2023-12-20,08:37:32,2023-12-20,08:38:36,1.07,0.24,0.0,-1.287712,36.738917,-1.286588,36.740235,13.46,13.46,21.0
629740,2023-12-20,08:38:42,2023-12-20,08:40:17,1.58,0.4,0.4,-1.286588,36.740235,-1.283855,36.742463,15.19,20.34,27.0
629740,2023-12-20,08:53:16,2023-12-20,08:55:42,2.43,0.69,0.45,-1.283855,36.742463,-1.287075,36.747688,17.04,20.91,30.0
629740,2023-12-20,08:56:27,2023-12-20,08:58:53,2.43,0.69,0.35,-1.287075,36.747688,-1.284022,36.742398,17.04,19.9,35.0
629740,2023-12-20,08:58:54,2023-12-20,08:59:55,1.02,0.24,0.05,-1.284022,36.742398,-1.285805,36.741187,14.12,14.85,21.0
629740,2023-12-20,09:00:18,2023-12-20,09:02:57,2.65,0.86,0.0,-1.285805,36.741187,-1.283775,36.734368,19.47,19.47,28.0
629740,2023-12-20,09:02:58,2023-12-20,09:07:47,4.82,1.89,0.35,-1.283775,36.734368,-1.282610,36.718747,23.53,25.37,40.0
629740,2023-12-20,09:27:45,2023-12-20,09:34:00,6.25,2.29,0.0,-1.282610,36.718747,-1.285007,36.738127,21.98,21.98,29.0
629740,2023-12-20,09:35:10,2023-12-20,09:38:45,3.58,1.03,0.1,-1.285007,36.738127,-1.280188,36.744157,17.26,17.76,23.0
629740,2023-12-20,09:43:18,2023-12-20,09:44:37,1.32,0.36,0.0,-1.280188,36.744157,-1.281192,36.741957,16.36,16.36,44.0
629740,2023-12-20,09:55:56,2023-12-20,09:57:09,1.22,0.2,0.23,-1.282307,36.742350,-1.284090,36.742097,9.84,12.12,23.0
629740,2023-12-20,09:57:23,2023-12-20,10:00:44,3.35,0.94,0.0,-1.284090,36.742097,-1.282718,36.748377,16.84,16.84,39.0
629740,2023-12-20,10:01:00,2023-12-20,10:02:52,1.87,0.5,0.05,-1.282718,36.748377,-1.282182,36.752853,16.04,16.48,26.0
629740,2023-12-20,10:06:46,2023-12-20,10:09:07,2.35,0.59,0.0,-1.282182,36.752853,-1.282858,36.747577,15.06,15.06,21.0
629740,2023-12-20,10:09:36,2023-12-20,10:12:45,3.15,0.92,0.0,-1.282858,36.747577,-1.283557,36.742147,17.52,17.52,31.0
629740,2023-12-20,10:35:48,2023-12-20,10:39:16,3.47,1.07,0.0,-1.282520,36.742377,-1.282665,36.748760,18.5,18.5,29.0
629740,2023-12-20,10:39:32,2023-12-20,10:41:21,1.82,0.46,0.05,-1.282665,36.748760,-1.282172,36.752858,15.16,15.59,20.0
629740,2023-12-20,10:43:43,2023-12-20,10:45:33,1.83,0.41,0.25,-1.282172,36.752858,-1.282637,36.749203,13.44,15.57,26.0
629740,2023-12-20,10:46:10,2023-12-20,10:49:48,3.63,1.06,0.0,-1.282637,36.749203,-1.283648,36.742153,17.52,17.52,27.0
629740,2023-12-20,15:55:42,2023-12-20,15:58:59,3.28,0.93,0.0,-1.280702,36.748702,-1.284257,36.742908,17.01,17.01,18.0
629740,2023-12-20,16:12:58,2023-12-20,16:15:26,2.47,0.73,0.0,-1.284257,36.742908,-1.287450,36.748623,17.73,17.73,26.0
629740,2023-12-20,16:15:27,2023-12-20,16:16:30,1.05,0.22,0.38,-1.287450,36.748623,-1.288245,36.750405,12.57,19.7,27.0
629740,2023-12-20,16:17:18,2023-12-20,16:20:50,3.53,1.02,0.33,-1.288245,36.750405,-1.283887,36.742393,17.34,19.13,42.0
629740,2023-12-20,16:26:21,2023-12-20,16:27:46,1.42,0.38,0.0,-1.283887,36.742393,-1.286825,36.740788,16.06,16.06,27.0
629740,2023-12-20,16:28:03,2023-12-20,16:32:00,3.95,1.48,0.0,-1.286825,36.740788,-1.292853,36.752370,22.48,22.48,37.0
629740,2023-12-20,16:32:20,2023-12-20,16:35:26,3.1,1.02,0.0,-1.293090,36.752912,-1.298662,36.753330,19.74,19.74,30.0
629740,2023-12-20,16:37:29,2023-12-20,16:39:58,2.48,0.95,0.12,-1.298662,36.753330,-1.299160,36.759670,22.98,24.15,51.0
629740,2023-12-20,16:44:06,2023-12-20,16:49:29,5.38,1.66,0.75,-1.299160,36.759670,-1.289372,36.753730,18.51,21.51,41.0
629740,2023-12-20,16:59:27,2023-12-20,17:04:21,4.9,1.47,0.0,-1.289372,36.753730,-1.284077,36.742117,18.0,18.0,26.0
629740,2023-12-20,17:37:20,2023-12-20,17:39:49,2.48,0.6,0.2,-1.282567,36.742390,-1.287270,36.741347,14.52,15.79,33.0
629740,2023-12-20,17:41:14,2023-12-20,17:47:50,6.6,2.51,0.0,-1.287270,36.741347,-1.298862,36.753468,22.82,22.82,45.0
629740,2023-12-20,17:47:56,2023-12-20,17:49:00,1.07,0.2,0.27,-1.298862,36.753468,-1.300473,36.754275,11.21,15.0,16.0
629740,2023-12-20,17:49:56,2023-12-20,17:57:42,7.77,2.45,0.0,-1.300473,36.754275,-1.289152,36.743895,18.92,18.92,29.0
629740,2023-12-20,17:58:03,2023-12-20,17:59:39,1.6,0.43,0.0,-1.289152,36.743895,-1.286893,36.740845,16.12,16.12,17.0
629740,2023-12-20,17:59:50,2023-12-20,18:01:17,1.45,0.34,0.35,-1.286893,36.740845,-1.284260,36.742285,14.07,18.55,25.0
629740,2023-12-20,18:05:42,2023-12-20,18:08:59,3.28,0.88,0.0,-1.282597,36.742347,-1.279202,36.747457,16.1,16.1,25.0
629740,2023-12-20,18:54:43,2023-12-20,18:55:46,1.05,0.24,0.0,-1.280915,36.748788,-1.282770,36.747965,13.71,13.71,19.0
629740,2023-12-20,18:57:59,2023-12-20,19:00:41,2.7,0.79,0.0,-1.282770,36.747965,-1.284142,36.742338,17.56,17.56,19.0
629740,2023-12-20,19:12:58,2023-12-20,19:15:47,2.82,0.7,0.37,-1.282510,36.742408,-1.287708,36.741983,14.89,17.14,20.0
629740,2023-12-20,19:16:57,2023-12-20,19:19:25,2.47,0.69,0.0,-1.287708,36.741983,-1.291343,36.746970,16.76,16.76,22.0
629740,2023-12-20,19:25:56,2023-12-20,19:27:12,1.27,0.28,0.15,-1.291343,36.746970,-1.291892,36.749430,13.23,15.0,24.0
629740,2023-12-20,19:30:57,2023-12-20,19:33:21,2.4,0.79,0.0,-1.291892,36.749430,-1.288708,36.743272,19.75,19.75,28.0
629740,2023-12-20,19:33:28,2023-12-20,19:34:59,1.52,0.38,0.0,-1.288708,36.743272,-1.286560,36.740793,15.0,15.0,20.0
629740,2023-12-20,19:36:26,2023-12-20,19:37:29,1.05,0.19,0.25,-1.285593,36.741230,-1.284172,36.742092,10.86,14.25,18.0
629740,2023-12-20,19:51:05,2023-12-20,19:52:14,1.15,0.2,0.38,-1.284172,36.742092,-1.285770,36.741213,10.43,15.58,21.0
629740,2023-12-20,19:54:41,2023-12-20,20:01:48,7.12,2.38,0.18,-1.286140,36.739607,-1.280992,36.719640,20.06,20.58,30.0
629740,2023-12-20,20:01:49,2023-12-20,20:04:43,2.9,1.0,0.0,-1.280992,36.719640,-1.280443,36.712912,20.69,20.69,27.0
629740,2023-12-20,20:05:09,2023-12-20,20:11:33,6.4,2.16,0.22,-1.280443,36.712912,-1.285738,36.725388,20.25,20.97,38.0
629740,2023-12-20,20:34:11,2023-12-20,20:39:51,5.67,2.12,0.0,-1.285738,36.725388,-1.284145,36.742077,22.43,22.43,40.0
629740,2023-12-20,21:11:03,2023-12-20,21:12:07,1.07,0.19,0.45,-1.284145,36.742077,,,10.65,18.39,29.0
629740,2023-12-21,06:34:36,2023-12-21,06:39:21,4.75,1.61,0.5,,,-1.283838,36.742418,20.34,22.73,55.0
629740,2023-12-21,06:58:20,2023-12-21,06:59:43,1.38,0.37,0.0,-1.283838,36.742418,-1.285993,36.744020,16.09,16.09,18.0
629740,2023-12-21,07:01:16,2023-12-21,07:02:35,1.32,0.31,0.33,-1.285993,36.744020,-1.283843,36.742452,14.09,18.79,31.0
629740,2023-12-21,07:09:52,2023-12-21,07:14:18,4.43,1.29,0.7,-1.283843,36.742452,-1.286107,36.740877,17.47,20.75,35.0
629740,2023-12-21,07:14:28,2023-12-21,07:15:56,1.47,0.31,0.37,-1.286107,36.740877,-1.283833,36.742437,12.65,16.91,22.0
629740,2023-12-21,07:40:50,2023-12-21,07:49:42,8.87,3.26,0.42,-1.283833,36.742437,-1.299885,36.758765,22.05,23.15,32.0
629740,2023-12-21,07:49:43,2023-12-21,07:50:34,0.85,0.16,0.25,-1.299885,36.758765,-1.299075,36.759775,11.29,16.0,19.0
629740,2023-12-21,07:56:12,2023-12-21,08:03:03,6.85,2.83,0.23,-1.298302,36.758713,-1.283872,36.742408,24.79,25.65,44.0
629740,2023-12-21,08:11:23,2023-12-21,08:13:17,1.9,0.48,0.38,-1.283872,36.742408,-1.286357,36.745937,15.16,18.95,24.0
629740,2023-12-21,08:13:23,2023-12-21,08:15:25,2.03,0.61,0.0,-1.286357,36.745937,-1.288832,36.750243,18.03,18.03,26.0
629740,2023-12-21,08:15:47,2023-12-21,08:19:02,3.25,1.05,0.37,-1.288832,36.750243,-1.283897,36.742443,19.38,21.88,30.0
629740,2023-12-21,08:33:17,2023-12-21,08:34:46,1.48,0.37,0.0,-1.283897,36.742443,-1.286597,36.740567,15.0,15.0,27.0
629740,2023-12-21,08:35:16,2023-12-21,08:39:15,3.98,1.29,0.18,-1.286597,36.740567,-1.281362,36.735775,19.45,20.37,43.0
629740,2023-12-21,08:43:21,2023-12-21,08:46:09,2.8,1.02,0.0,-1.281362,36.735775,-1.286097,36.739518,21.86,21.86,41.0
629740,2023-12-21,08:46:26,2023-12-21,08:57:25,10.98,4.28,0.35,-1.286097,36.739518,-1.280720,36.770508,23.39,24.16,44.0
629740,2023-12-21,08:58:37,2023-12-21,09:07:47,9.17,3.8,0.18,-1.280720,36.770508,-1.283887,36.742467,24.86,25.36,50.0
629740,2023-12-21,09:07:48,2023-12-21,09:09:21,1.55,0.41,0.0,-1.283887,36.742467,-1.287015,36.740952,15.87,15.87,29.0
629740,2023-12-21,09:10:01,2023-12-21,09:11:55,1.9,0.47,0.33,-1.287015,36.740952,-1.290467,36.739835,14.84,17.96,22.0
629740,2023-12-21,09:12:18,2023-12-21,09:13:55,1.62,0.37,0.42,-1.290467,36.739835,-1.288073,36.742067,13.7,18.5,23.0
629740,2023-12-21,09:14:22,2023-12-21,09:15:30,1.13,0.28,0.0,-1.288073,36.742067,-1.286348,36.740730,14.87,14.87,18.0
629740,2023-12-21,09:15:37,2023-12-21,09:17:04,1.45,0.33,0.37,-1.286348,36.740730,-1.283882,36.742383,13.66,18.33,25.0
629740,2023-12-21,09:28:56,2023-12-21,09:41:56,13.0,6.1,0.33,-1.283882,36.742383,-1.285763,36.791542,28.15,28.89,54.0
629740,2023-12-21,09:42:02,2023-12-21,09:49:35,7.55,2.69,0.43,-1.285763,36.791542,-1.288592,36.778623,21.38,22.67,47.0
629740,2023-12-21,09:49:59,2023-12-21,09:56:28,6.48,2.92,0.02,-1.288592,36.778623,-1.289295,36.753048,27.04,27.12,56.0
629740,2023-12-21,09:56:29,2023-12-21,09:57:31,1.03,0.26,0.0,-1.289295,36.753048,-1.288395,36.750882,15.15,15.15,25.0
629740,2023-12-21,09:57:32,2023-12-21,10:01:06,3.57,1.2,0.0,-1.288395,36.750882,-1.283512,36.742157,20.17,20.17,33.0
629740,2023-12-21,10:05:52,2023-12-21,10:09:13,3.35,0.94,0.0,-1.282278,36.741920,-1.288940,36.743645,16.84,16.84,35.0
629740,2023-12-21,10:09:14,2023-12-21,10:18:15,9.02,3.41,0.28,-1.288940,36.743645,-1.298760,36.771825,22.68,23.41,47.0
629740,2023-12-21,10:21:58,2023-12-21,10:26:36,4.63,1.56,0.48,-1.298760,36.771825,-1.296427,36.758063,20.22,22.55,32.0
629740,2023-12-21,10:26:43,2023-12-21,10:27:59,1.27,0.24,0.48,-1.296427,36.758063,-1.295855,36.755940,11.34,18.23,30.0
629740,2023-12-21,10:28:00,2023-12-21,10:34:00,6.0,2.39,0.0,-1.295855,36.755940,-1.283787,36.742075,23.9,23.9,47.0
629740,2023-12-21,11:50:12,2023-12-21,11:53:45,3.55,1.26,0.47,-1.282525,36.742348,-1.288598,36.751457,21.3,24.55,32.0
629740,2023-12-21,11:53:46,2023-12-21,12:03:21,9.58,3.99,0.42,-1.288598,36.751457,-1.281937,36.781265,24.99,26.14,43.0
629740,2023-12-21,12:04:11,2023-12-21,12:08:02,3.85,1.54,0.12,-1.281937,36.781265,-1.277438,36.791665,24.0,24.77,39.0
629740,2023-12-21,16:40:29,2023-12-21,16:43:56,3.45,1.23,0.52,-1.277192,36.791738,-1.279943,36.782593,21.39,25.19,41.0
629740,2023-12-21,16:44:09,2023-12-21,16:50:59,6.83,2.82,0.2,-1.279943,36.782593,-1.276120,36.760497,24.77,25.52,52.0
629740,2023-12-21,16:51:14,2023-12-21,16:53:11,1.95,0.47,0.57,-1.276120,36.760497,-1.278932,36.757652,14.46,20.43,34.0
629740,2023-12-21,16:56:05,2023-12-21,16:57:21,1.27,0.34,0.0,-1.278932,36.757652,-1.280570,36.755217,16.06,16.06,24.0
629740,2023-12-21,17:01:30,2023-12-21,17:03:44,2.23,0.66,0.0,-1.280570,36.755217,-1.282583,36.749695,17.76,17.76,32.0
629740,2023-12-21,17:05:28,2023-12-21,17:08:56,3.47,1.02,0.0,-1.282583,36.749695,-1.283625,36.742200,17.64,17.64,39.0
629740,2023-12-21,19:22:47,2023-12-21,19:26:04,3.28,0.98,0.0,-1.282582,36.742388,-1.287655,36.749197,17.93,17.93,24.0
629740,2023-12-21,19:26:05,2023-12-21,19:27:50,1.75,0.52,0.0,-1.287655,36.749197,-1.288648,36.753197,17.83,17.83,22.0
629740,2023-12-21,19:31:35,2023-12-21,19:34:47,3.2,0.86,0.47,-1.288648,36.753197,-1.294265,36.754603,16.12,18.9,32.0
629740,2023-12-21,19:34:57,2023-12-21,19:38:04,3.12,0.79,0.35,-1.294265,36.754603,-1.298383,36.759903,15.19,17.11,29.0
629740,2023-12-21,19:41:41,2023-12-21,19:45:04,3.38,0.99,0.0,-1.299048,36.759745,-1.293335,36.753292,17.57,17.57,34.0
629740,2023-12-21,19:45:31,2023-12-21,19:52:18,6.78,2.44,0.42,-1.293335,36.753292,-1.279465,36.744393,21.59,23.02,37.0
629740,2023-12-21,19:57:05,2023-12-21,19:59:40,2.58,0.65,0.0,-1.279465,36.744393,-1.278465,36.750072,15.12,15.12,19.0
629740,2023-12-21,19:59:58,2023-12-21,20:01:08,1.17,0.27,0.0,-1.278465,36.750072,-1.277762,36.752380,13.85,13.85,17.0
629740,2023-12-21,20:17:26,2023-12-21,20:20:56,3.5,0.95,0.0,-1.277762,36.752380,-1.279495,36.744392,16.29,16.29,23.0
629740,2023-12-21,20:25:12,2023-12-21,20:27:14,2.03,0.6,0.0,-1.279495,36.744392,-1.284165,36.742115,17.73,17.73,45.0
629740,2023-12-21,20:43:29,2023-12-21,20:44:25,0.93,0.16,0.33,-1.284432,36.743218,-1.285313,36.744317,10.32,16.0,31.0
629740,2023-12-21,20:52:09,2023-12-21,20:53:36,1.45,0.4,0.0,-1.285313,36.744317,,,16.55,16.55,21.0
662555,2023-12-13,20:14:43,2023-12-13,20:15:36,0.88,0.22,0.0,,,-1.207198,36.786073,15.0,15.0,30.0
662555,2023-12-13,20:15:37,2023-12-13,20:16:52,1.25,0.28,0.35,-1.207198,36.786073,-1.208720,36.788005,13.44,18.67,22.0
662555,2023-12-13,20:43:02,2023-12-13,20:45:20,2.3,0.6,0.35,-1.208720,36.788005,-1.206647,36.783223,15.65,18.46,42.0
662555,2023-12-13,20:45:21,2023-12-13,20:47:11,1.83,0.66,0.48,-1.206647,36.783223,-1.205088,36.781000,21.64,29.33,42.0
662555,2023-12-13,20:47:32,2023-12-13,21:24:58,37.43,25.33,0.45,-1.205088,36.781000,-1.166055,36.962057,40.6,41.1,55.0
662555,2023-12-13,21:29:21,2023-12-13,21:31:02,1.68,0.55,0.17,-1.165965,36.962168,-1.167928,36.966338,19.64,21.85,41.0
662555,2023-12-13,21:35:38,2023-12-13,21:36:52,1.23,0.28,0.47,-1.167928,36.966338,-1.167090,36.963942,13.66,22.11,45.0
662555,2023-12-13,21:43:26,2023-12-13,21:46:51,3.42,1.84,0.4,-1.167090,36.963942,-1.173990,36.978262,32.28,36.56,53.0
662555,2023-12-13,22:03:59,2023-12-13,22:05:12,1.22,0.22,0.37,-1.173972,36.978257,-1.172323,36.979270,10.82,15.53,16.0
662555,2023-12-13,22:07:42,2023-12-13,22:15:31,7.82,2.17,0.23,-1.172323,36.979270,,,16.65,17.15,27.0
662555,2023-12-14,12:00:10,2023-12-14,12:03:18,3.13,0.99,0.0,,,-1.162712,36.980777,18.98,18.98,24.0
662555,2023-12-14,12:03:27,2023-12-14,12:04:30,1.05,0.16,0.53,-1.162712,36.980777,-1.161960,36.979590,9.14,18.46,20.0
662555,2023-12-14,12:08:22,2023-12-14,12:08:58,0.6,0.04,0.38,-1.162350,36.978767,-1.162617,36.978590,4.0,10.91,18.0
662555,2023-12-14,12:09:52,2023-12-14,12:13:31,3.65,1.34,0.22,-1.162617,36.978590,-1.165175,36.969808,22.03,23.44,40.0
662555,2023-12-14,12:19:37,2023-12-14,12:20:46,1.15,0.2,0.5,-1.165175,36.969808,-1.166645,36.968865,10.43,18.46,28.0
662555,2023-12-14,12:22:35,2023-12-14,12:25:43,3.13,0.89,0.35,-1.166645,36.968865,-1.166125,36.962052,17.06,19.21,25.0
662555,2023-12-14,12:36:34,2023-12-14,12:37:59,1.42,0.42,0.4,-1.166023,36.962075,-1.167348,36.965618,17.75,24.71,43.0
662555,2023-12-14,13:07:19,2023-12-14,13:14:18,6.98,4.86,0.17,-1.167972,36.966372,-1.188497,36.931950,41.78,42.82,55.0
662555,2023-12-14,13:15:14,2023-12-14,13:16:15,1.02,0.15,0.42,-1.188497,36.931950,-1.189332,36.931073,8.82,15.0,21.0
662555,2023-12-14,13:19:08,2023-12-14,13:29:57,10.82,7.57,0.27,-1.189332,36.931073,-1.231138,36.880415,41.98,43.05,55.0
662555,2023-12-14,13:30:26,2023-12-14,13:33:16,2.83,0.83,0.35,-1.231138,36.880415,-1.232887,36.879490,17.6,20.08,26.0
662555,2023-12-14,14:15:10,2023-12-14,14:18:03,2.88,1.13,0.47,-1.232777,36.879577,-1.236125,36.876903,23.54,28.13,43.0
662555,2023-12-14,14:20:44,2023-12-14,14:24:21,3.62,1.22,0.47,-1.235873,36.877040,-1.232833,36.879528,20.22,23.24,39.0
662555,2023-12-14,15:54:58,2023-12-14,15:57:30,2.53,0.84,0.23,-1.233938,36.879165,-1.235545,36.873178,19.92,21.91,34.0
662555,2023-12-14,16:04:34,2023-12-14,16:08:12,3.63,0.98,0.58,-1.235545,36.873178,-1.233632,36.879550,16.2,19.28,27.0
662555,2023-12-14,16:15:46,2023-12-14,16:19:43,3.95,1.48,0.48,-1.233913,36.879138,-1.231750,36.876497,22.48,25.59,40.0
662555,2023-12-14,16:23:23,2023-12-14,16:28:08,4.75,2.26,0.35,-1.231750,36.876497,-1.219060,36.888163,28.55,30.82,51.0
662555,2023-12-14,16:36:42,2023-12-14,16:44:02,7.33,2.7,0.5,-1.219060,36.888163,-1.232462,36.873160,22.1,23.72,44.0
662555,2023-12-14,16:44:10,2023-12-14,16:45:09,0.98,0.15,0.38,-1.232462,36.873160,-1.231470,36.872510,9.18,15.0,20.0
662555,2023-12-14,16:48:09,2023-12-14,16:51:50,3.68,1.39,0.6,-1.231470,36.872510,-1.232818,36.879457,22.66,27.08,41.0
662555,2023-12-14,19:00:38,2023-12-14,19:05:08,4.5,2.02,0.47,-1.232828,36.879618,-1.229343,36.879440,26.93,30.07,51.0
662555,2023-12-14,19:13:21,2023-12-14,19:19:43,6.37,2.0,0.58,-1.229343,36.879440,-1.232853,36.879553,18.84,20.73,43.0
662555,2023-12-14,19:37:10,2023-12-14,19:42:01,4.85,2.4,0.45,-1.232853,36.879553,-1.243542,36.871220,29.69,32.73,54.0
662555,2023-12-14,19:42:31,2023-12-14,19:47:07,4.6,1.69,0.8,-1.243542,36.871220,-1.246067,36.876828,22.04,26.68,54.0
662555,2023-12-14,19:47:14,2023-12-14,19:48:35,1.35,0.27,0.38,-1.246067,36.876828,-1.248142,36.877592,12.0,16.7,31.0
662555,2023-12-14,19:50:32,2023-12-14,19:52:14,1.7,0.41,0.25,-1.248142,36.877592,-1.246030,36.876010,14.47,16.97,32.0
662555,2023-12-14,19:52:45,2023-12-14,19:57:05,4.33,2.18,0.0,-1.246030,36.876010,-1.243737,36.867688,30.21,30.21,55.0
662555,2023-12-14,19:57:12,2023-12-14,20:02:43,5.52,2.16,0.33,-1.243737,36.867688,-1.232847,36.873553,23.48,24.97,57.0
662555,2023-12-14,20:02:54,2023-12-14,20:04:44,1.83,0.46,0.33,-1.232847,36.873553,-1.229618,36.871022,15.08,18.4,32.0
662555,2023-12-14,20:11:28,2023-12-14,20:12:49,1.35,0.26,0.38,-1.229618,36.871022,-1.231433,36.872492,11.56,16.08,23.0
662555,2023-12-14,20:17:33,2023-12-14,20:20:09,2.6,0.9,0.48,-1.231433,36.872492,-1.233460,36.876707,20.77,25.47,41.0
662555,2023-12-14,20:20:20,2023-12-14,20:22:03,1.72,0.43,0.28,-1.233460,36.876707,-1.232862,36.879458,15.0,17.92,23.0
662555,2023-12-14,20:36:04,2023-12-14,20:39:54,3.83,1.37,0.0,-1.232862,36.879458,-1.234597,36.883265,21.46,21.46,31.0
662555,2023-12-14,20:54:20,2023-12-14,20:56:52,2.53,0.83,0.17,-1.236293,36.884955,-1.231198,36.880225,19.68,21.1,37.0
662555,2023-12-14,20:57:15,2023-12-14,20:59:26,2.18,0.81,0.47,-1.231268,36.880087,-1.232807,36.879497,22.29,28.42,43.0
662555,2023-12-14,21:24:57,2023-12-14,21:27:08,2.18,0.6,0.23,-1.233103,36.879745,-1.234652,36.876553,16.51,18.46,27.0
662555,2023-12-14,21:34:15,2023-12-14,21:43:53,9.63,6.77,0.23,-1.234652,36.876553,-1.204775,36.917505,42.18,43.21,55.0
662555,2023-12-14,21:44:43,2023-12-14,21:48:56,4.22,1.44,0.43,-1.204775,36.917505,-1.208293,36.928610,20.47,22.8,37.0
662555,2023-12-14,23:10:09,2023-12-14,23:13:01,2.87,0.82,0.0,-1.210797,36.928492,-1.208163,36.922550,17.14,17.14,27.0
662555,2023-12-14,23:13:52,2023-12-14,23:15:43,1.85,0.38,0.47,-1.208163,36.922550,-1.206050,36.919942,12.32,16.52,22.0
662555,2023-12-14,23:16:55,2023-12-14,23:18:31,1.6,0.44,0.0,-1.206050,36.919942,-1.208062,36.922632,16.5,16.5,26.0
662555,2023-12-14,23:18:32,2023-12-14,23:22:13,3.68,1.25,0.2,-1.208062,36.922632,-1.206707,36.913685,20.38,21.55,29.0
662555,2023-12-14,23:27:35,2023-12-14,23:37:59,10.4,7.78,0.38,-1.206707,36.913685,-1.167335,36.965490,44.88,46.59,55.0
662555,2023-12-14,23:40:44,2023-12-14,23:42:49,2.08,0.85,0.08,-1.167335,36.965490,-1.170500,36.972113,24.52,25.5,52.0
662555,2023-12-14,23:57:11,2023-12-14,23:58:59,1.8,0.87,0.0,-1.170500,36.972113,-1.173800,36.978310,29.0,29.0,53.0
662555,2023-12-14,23:59:13,2023-12-15,00:00:21,1.13,0.29,0.0,-1.173800,36.978310,,,15.4,15.4,18.0
662555,2023-12-15,00:00:25,2023-12-15,00:01:41,1.27,0.32,0.0,,,-1.169118,36.981232,15.12,15.12,17.0
662555,2023-12-15,00:03:24,2023-12-15,00:06:44,3.33,0.92,0.0,-1.169118,36.981232,-1.166055,36.987842,16.58,16.58,24.0
662555,2023-12-15,00:07:07,2023-12-15,00:09:15,2.13,0.61,0.47,-1.166055,36.987842,-1.162413,36.984548,17.18,22.05,31.0
662555,2023-12-15,13:01:45,2023-12-15,13:10:19,8.57,3.23,0.17,-1.162413,36.984548,-1.167698,36.966347,22.61,23.07,50.0
662555,2023-12-15,13:28:45,2023-12-15,13:29:59,1.23,0.29,0.15,-1.168005,36.966380,-1.167212,36.963947,14.15,16.11,39.0
662555,2023-12-15,13:30:35,2023-12-15,13:31:52,1.28,0.35,0.0,-1.167212,36.963947,-1.166423,36.961385,16.41,16.41,22.0
662555,2023-12-15,13:35:27,2023-12-15,13:36:44,1.28,0.31,0.38,-1.166423,36.961385,-1.167190,36.964025,14.53,20.67,43.0
662555,2023-12-15,13:36:47,2023-12-15,13:38:10,1.38,0.33,0.38,-1.167190,36.964025,-1.166538,36.961540,14.35,19.8,32.0
662555,2023-12-15,13:39:28,2023-12-15,13:40:51,1.38,0.28,0.33,-1.166538,36.961540,-1.167192,36.964010,12.17,16.0,21.0
662555,2023-12-15,13:41:04,2023-12-15,13:42:34,1.5,0.38,0.18,-1.167192,36.964010,-1.167175,36.963950,15.2,17.27,39.0
662555,2023-12-15,13:49:00,2023-12-15,13:55:50,6.83,3.21,0.42,-1.167175,36.963950,-1.146470,36.957985,28.2,30.05,53.0
662555,2023-12-15,13:56:59,2023-12-15,13:58:38,1.65,0.42,0.43,-1.146470,36.957985,-1.145437,36.958967,15.27,20.66,32.0
662555,2023-12-15,13:58:50,2023-12-15,14:00:32,1.7,0.41,0.4,-1.145437,36.958967,-1.146463,36.957930,14.47,18.92,27.0
662555,2023-12-15,14:18:51,2023-12-15,14:20:26,1.58,0.39,0.0,-1.146463,36.957930,-1.146460,36.961370,14.81,14.81,28.0
662555,2023-12-15,14:42:48,2023-12-15,14:45:27,2.65,1.08,0.37,-1.147293,36.962180,-1.147917,36.954037,24.45,28.42,43.0
662555,2023-12-15,15:12:25,2023-12-15,15:15:06,2.68,0.87,0.48,-1.147380,36.953937,-1.146463,36.957963,19.48,23.73,38.0
662555,2023-12-15,15:18:02,2023-12-15,15:19:00,0.97,0.22,0.0,-1.146463,36.957963,-1.148397,36.958432,13.61,13.61,21.0
662555,2023-12-15,15:19:04,2023-12-15,15:21:07,2.05,0.92,0.0,-1.148397,36.958432,-1.154088,36.959260,26.93,26.93,47.0
662555,2023-12-15,15:21:08,2023-12-15,15:23:53,2.75,0.67,0.33,-1.154088,36.959260,-1.159700,36.957263,14.62,16.61,23.0
662555,2023-12-15,15:42:21,2023-12-15,15:43:32,1.18,0.25,0.2,-1.159700,36.957263,-1.161740,36.957930,12.71,15.31,23.0
662555,2023-12-15,15:45:19,2023-12-15,15:48:55,3.6,1.13,0.27,-1.161740,36.957930,-1.167240,36.952352,18.83,20.36,40.0
662555,2023-12-15,15:50:44,2023-12-15,15:55:30,4.77,1.9,0.42,-1.167240,36.952352,-1.167985,36.966318,23.9,26.21,54.0
662555,2023-12-15,17:08:16,2023-12-15,17:14:07,5.85,3.87,0.17,-1.167967,36.966385,-1.182082,36.937727,39.69,40.88,55.0
662555,2023-12-15,17:14:30,2023-12-15,17:16:41,2.18,1.02,0.27,-1.182082,36.937727,-1.188705,36.932258,28.07,32.04,54.0
662555,2023-12-15,17:22:38,2023-12-15,17:25:27,2.82,1.25,0.0,-1.188705,36.932258,-1.196290,36.925238,26.6,26.6,40.0
662555,2023-12-15,17:29:04,2023-12-15,17:31:52,2.8,0.77,0.43,-1.196290,36.925238,-1.199330,36.931412,16.5,19.49,33.0
662555,2023-12-15,17:33:31,2023-12-15,17:35:35,2.07,0.72,0.12,-1.199330,36.931412,-1.196557,36.925670,20.87,22.15,28.0
662555,2023-12-15,17:36:45,2023-12-15,17:38:51,2.1,0.54,0.13,-1.196557,36.925670,-1.192908,36.927545,15.43,16.45,26.0
662555,2023-12-15,18:05:00,2023-12-15,18:10:18,5.3,2.47,0.47,-1.192908,36.927545,-1.176842,36.942783,27.96,30.68,53.0
662555,2023-12-15,18:10:34,2023-12-15,18:12:10,1.6,0.78,0.0,-1.176842,36.942783,-1.172080,36.947837,29.25,29.25,46.0
662555,2023-12-15,18:12:11,2023-12-15,18:17:25,5.23,2.07,0.3,-1.172080,36.947837,-1.166080,36.962087,23.75,25.19,47.0
662555,2023-12-15,19:01:34,2023-12-15,19:03:51,2.28,0.57,0.17,-1.166080,36.962087,-1.164525,36.957447,15.0,16.21,21.0
662555,2023-12-15,19:03:52,2023-12-15,19:12:56,9.07,4.43,0.35,-1.164525,36.957447,-1.150707,36.934908,29.31,30.48,54.0
662555,2023-12-15,19:55:55,2023-12-15,20:05:30,9.58,4.41,0.0,-1.150707,36.934908,-1.151198,36.965913,27.62,27.62,45.0
662555,2023-12-15,20:18:43,2023-12-15,20:20:33,1.83,0.46,0.37,-1.150123,36.965688,-1.151367,36.962688,15.08,18.9,27.0
662555,2023-12-15,20:22:35,2023-12-15,20:27:00,4.42,2.54,0.17,-1.151367,36.962688,-1.167970,36.966395,34.48,35.86,52.0
662555,2023-12-15,20:39:02,2023-12-15,20:48:56,9.9,4.82,0.07,-1.167970,36.966395,-1.140590,36.968912,29.21,29.42,54.0
662555,2023-12-15,21:01:56,2023-12-15,21:05:49,3.88,1.04,0.0,-1.140590,36.968912,-1.133213,36.974410,16.08,16.08,25.0
662555,2023-12-15,21:09:34,2023-12-15,21:11:19,1.75,0.47,0.45,-1.133213,36.974410,-1.135633,36.971167,16.11,21.69,34.0
662555,2023-12-15,21:15:02,2023-12-15,21:17:06,2.07,0.75,0.2,-1.135633,36.971167,-1.141303,36.967537,21.74,24.06,39.0
662555,2023-12-15,21:18:55,2023-12-15,21:25:47,6.87,3.81,0.27,-1.141303,36.967537,-1.167918,36.966432,33.28,34.64,52.0
662555,2023-12-15,21:36:01,2023-12-15,21:37:48,1.78,0.49,0.43,-1.167918,36.966432,-1.169988,36.970007,16.52,21.78,29.0
662555,2023-12-15,21:51:51,2023-12-15,21:56:28,4.62,2.47,0.28,-1.169988,36.970007,-1.157725,36.959100,32.08,34.15,53.0
662555,2023-12-15,22:02:00,2023-12-15,22:04:58,2.97,0.83,0.0,-1.157725,36.959100,-1.164625,36.957540,16.77,16.77,27.0
662555,2023-12-15,22:04:59,2023-12-15,22:06:41,1.7,0.54,0.27,-1.164625,36.957540,-1.166025,36.962072,19.06,22.66,33.0
662555,2023-12-15,22:10:44,2023-12-15,22:14:05,3.35,2.05,0.07,-1.166025,36.962072,-1.174038,36.978160,36.72,37.5,53.0
662555,2023-12-15,22:41:25,2023-12-15,22:42:53,1.47,0.4,0.0,-1.174038,36.978160,-1.170987,36.980053,16.33,16.33,21.0
662555,2023-12-15,22:52:36,2023-12-15,22:56:40,4.07,1.16,0.0,-1.170987,36.980053,,,17.1,17.1,19.0
662555,2023-12-16,14:55:54,2023-12-16,15:02:44,6.83,2.49,0.23,,,-1.163305,36.970992,21.87,22.64,46.0
662555,2023-12-16,15:02:57,2023-12-16,15:05:13,2.27,0.85,0.1,-1.163305,36.970992,-1.167973,36.966390,22.47,23.5,40.0
662555,2023-12-16,15:25:00,2023-12-16,15:26:51,1.85,0.47,0.45,-1.167973,36.966390,-1.170050,36.970010,15.24,20.14,25.0
662555,2023-12-16,15:31:13,2023-12-16,15:37:03,5.83,2.59,0.35,-1.170050,36.970010,-1.157938,36.963257,26.66,28.36,52.0
662555,2023-12-16,15:40:03,2023-12-16,15:57:36,17.55,12.92,0.45,-1.157938,36.963257,-1.230887,36.880650,44.17,45.33,56.0
662555,2023-12-16,16:00:16,2023-12-16,16:02:29,2.22,0.86,0.35,-1.230887,36.880650,-1.232855,36.879420,23.24,27.59,38.0
662555,2023-12-16,17:20:08,2023-12-16,17:22:36,2.47,0.68,0.33,-1.232857,36.879373,-1.232828,36.879473,16.52,19.07,32.0
662555,2023-12-16,17:32:22,2023-12-16,17:35:03,2.68,0.7,0.47,-1.232777,36.879523,-1.232853,36.879453,15.67,19.0,36.0
662555,2023-12-16,17:39:44,2023-12-16,17:44:31,4.78,1.42,0.82,-1.232853,36.879453,-1.232857,36.879455,17.82,21.52,35.0
662555,2023-12-16,18:24:12,2023-12-16,18:31:50,7.63,2.25,1.1,-1.232620,36.879502,-1.227458,36.870118,17.69,20.67,39.0
662555,2023-12-16,18:37:17,2023-12-16,18:39:28,2.18,0.55,0.0,-1.226973,36.870233,-1.231242,36.872253,15.14,15.14,19.0
662555,2023-12-16,18:42:26,2023-12-16,18:46:20,3.9,1.41,0.88,-1.231447,36.872427,-1.232820,36.879653,21.69,28.01,39.0
662555,2023-12-16,19:08:16,2023-12-16,19:12:38,4.37,1.43,0.0,-1.232820,36.879653,-1.231535,36.874260,19.63,19.63,43.0
662555,2023-12-16,19:15:05,2023-12-16,19:17:35,2.5,0.68,0.0,-1.231535,36.874260,-1.228297,36.879433,16.32,16.32,19.0
662555,2023-12-16,19:23:48,2023-12-16,19:27:13,3.42,0.89,0.17,-1.228297,36.879433,-1.232968,36.873707,15.61,16.43,28.0
662555,2023-12-16,19:27:35,2023-12-16,19:30:48,3.22,1.18,0.27,-1.232968,36.873707,-1.232885,36.879457,21.99,24.0,40.0
662555,2023-12-16,19:59:42,2023-12-16,20:04:12,4.5,1.48,0.33,-1.232885,36.879457,-1.230842,36.872058,19.73,21.29,36.0
662555,2023-12-16,20:17:24,2023-12-16,20:19:51,2.45,0.68,0.47,-1.230842,36.872058,-1.226830,36.871632,16.65,20.61,36.0
662555,2023-12-16,20:19:52,2023-12-16,20:24:58,5.1,2.3,0.17,-1.226830,36.871632,-1.211172,36.874473,27.06,27.99,48.0
662555,2023-12-16,20:25:08,2023-12-16,20:26:18,1.17,0.23,0.17,-1.211172,36.874473,-1.209310,36.873960,11.79,13.8,20.0
662555,2023-12-16,20:32:47,2023-12-16,20:38:44,5.95,3.84,0.0,-1.209310,36.873960,-1.195530,36.902410,38.72,38.72,54.0
662555,2023-12-16,20:39:04,2023-12-16,20:45:16,6.2,2.58,0.28,-1.195530,36.902410,-1.178613,36.890128,24.97,26.15,46.0
662555,2023-12-16,21:16:46,2023-12-16,21:23:36,6.83,2.85,0.25,-1.178613,36.890128,-1.198528,36.901625,25.04,25.99,52.0
662555,2023-12-16,21:24:39,2023-12-16,21:33:57,9.3,4.22,0.33,-1.198528,36.901625,-1.188535,36.930908,27.23,28.23,55.0
662555,2023-12-16,21:40:37,2023-12-16,21:43:41,3.07,1.42,0.17,-1.188672,36.932270,-1.196987,36.925347,27.75,29.38,54.0
662555,2023-12-16,21:43:42,2023-12-16,21:45:39,1.95,0.69,0.13,-1.196987,36.925347,-1.199318,36.930817,21.23,22.75,46.0
662555,2023-12-16,21:52:51,2023-12-16,21:54:48,1.95,0.54,0.35,-1.199318,36.930817,-1.197225,36.926483,16.62,20.25,31.0
662555,2023-12-16,21:57:41,2023-12-16,22:01:35,3.9,1.28,0.23,-1.197225,36.926483,-1.189225,36.931097,19.69,20.93,39.0
662555,2023-12-16,22:02:45,2023-12-16,22:11:11,8.43,5.46,0.62,-1.189225,36.931097,-1.167152,36.963980,38.86,41.95,55.0
662555,2023-12-16,22:27:34,2023-12-16,22:31:02,3.47,1.81,0.0,-1.167152,36.963980,-1.173222,36.977595,31.3,31.3,53.0
662555,2023-12-16,22:32:13,2023-12-16,22:34:15,2.03,0.48,0.37,-1.173222,36.977595,-1.169090,36.977980,14.19,17.35,17.0
662555,2023-12-16,22:39:56,2023-12-16,22:41:38,1.7,0.43,0.0,-1.169090,36.977980,-1.172348,36.977613,15.18,15.18,21.0
662555,2023-12-16,22:42:15,2023-12-16,22:47:39,5.4,3.31,0.32,-1.172348,36.977613,-1.166030,36.962055,36.78,39.09,54.0
662555,2023-12-16,22:57:29,2023-12-16,22:59:31,2.03,0.85,0.25,-1.166030,36.962055,-1.167225,36.963733,25.12,28.65,54.0
662555,2023-12-16,23:12:13,2023-12-16,23:14:27,2.23,1.04,0.37,-1.167225,36.963733,-1.170522,36.972130,27.98,33.55,54.0
662555,2023-12-16,23:20:23,2023-12-16,23:22:41,2.3,0.98,0.0,-1.170522,36.972130,-1.172882,36.978865,25.57,25.57,54.0
662555,2023-12-16,23:22:58,2023-12-16,23:25:23,2.42,0.6,0.0,-1.172882,36.978865,-1.168283,36.981783,14.88,14.88,16.0
662555,2023-12-16,23:27:26,2023-12-16,23:29:52,2.43,0.66,0.0,-1.168283,36.981783,-1.166555,36.986833,16.3,16.3,21.0
662555,2023-12-16,23:31:05,2023-12-16,23:33:29,2.4,0.68,0.05,-1.166555,36.986833,,,17.0,17.36,23.0
662555,2023-12-17,14:20:13,2023-12-17,14:28:50,8.62,3.22,0.37,,,-1.167970,36.966378,22.41,23.42,49.0
662555,2023-12-17,14:39:19,2023-12-17,14:55:47,16.47,12.54,0.95,-1.167970,36.966378,-1.231137,36.880450,45.68,48.48,56.0
662555,2023-12-17,14:56:00,2023-12-17,14:58:34,2.57,0.83,0.3,-1.231137,36.880450,-1.232837,36.879485,19.38,21.94,29.0
662555,2023-12-17,15:19:12,2023-12-17,15:23:39,4.45,1.39,0.3,-1.232837,36.879485,-1.231493,36.872458,18.74,20.1,46.0
662555,2023-12-17,15:26:50,2023-12-17,15:29:24,2.57,0.81,0.33,-1.231493,36.872458,-1.226710,36.871953,18.91,21.7,40.0
662555,2023-12-17,15:29:25,2023-12-17,15:31:04,1.65,0.5,0.3,-1.226710,36.871953,-1.224125,36.875037,18.18,22.22,44.0
662555,2023-12-17,15:38:00,2023-12-17,15:43:12,5.2,1.44,0.33,-1.224125,36.875037,-1.232525,36.873207,16.62,17.74,36.0
662555,2023-12-17,15:48:14,2023-12-17,16:03:34,15.33,12.0,0.28,-1.232525,36.873207,-1.166863,36.955463,46.97,47.84,55.0
662555,2023-12-17,16:24:21,2023-12-17,16:26:50,2.48,0.87,0.3,-1.166863,36.955463,-1.166082,36.961687,21.05,23.94,47.0
662555,2023-12-17,16:36:04,2023-12-17,16:37:29,1.42,0.56,0.18,-1.166128,36.962067,-1.167978,36.966387,23.66,27.1,51.0
662555,2023-12-17,16:47:33,2023-12-17,16:48:48,1.25,0.28,0.08,-1.168033,36.966340,-1.167220,36.964003,13.44,14.36,20.0
662555,2023-12-17,17:59:40,2023-12-17,18:02:02,2.37,0.92,0.45,-1.167220,36.964003,-1.164605,36.956257,23.29,28.75,51.0
662555,2023-12-17,18:03:18,2023-12-17,18:06:47,3.48,1.25,0.47,-1.164605,36.956257,-1.165867,36.962650,21.55,24.92,50.0
662555,2023-12-17,18:09:50,2023-12-17,18:14:22,4.53,2.21,0.0,-1.165867,36.962650,-1.160062,36.957703,29.27,29.27,52.0
662555,2023-12-17,18:14:51,2023-12-17,18:16:46,1.92,0.39,0.4,-1.160062,36.957703,-1.157543,36.957262,12.19,15.39,20.0
662555,2023-12-17,18:23:23,2023-12-17,18:24:54,1.52,0.31,0.43,-1.157543,36.957262,-1.155708,36.959208,12.24,17.06,22.0
662555,2023-12-17,18:25:05,2023-12-17,18:26:41,1.6,0.34,0.47,-1.155708,36.959208,-1.157585,36.957230,12.75,18.05,17.0
662555,2023-12-17,18:28:16,2023-12-17,18:32:02,3.77,1.57,0.47,-1.157585,36.957230,-1.148265,36.959618,24.99,28.55,55.0
662555,2023-12-17,18:33:25,2023-12-17,18:39:42,6.28,3.29,0.0,-1.148265,36.959618,-1.152718,36.931707,31.43,31.43,50.0
662555,2023-12-17,18:45:37,2023-12-17,18:50:42,5.08,2.87,0.18,-1.152755,36.931362,-1.152538,36.906933,33.9,35.14,52.0
662555,2023-12-17,18:59:21,2023-12-17,19:01:37,2.27,0.71,0.45,-1.151897,36.906482,-1.152605,36.909540,18.77,23.41,39.0
662555,2023-12-17,19:03:37,2023-12-17,19:05:04,1.45,0.32,0.2,-1.152605,36.909540,-1.152503,36.906975,13.24,15.36,19.0
662555,2023-12-17,19:05:53,2023-12-17,19:09:41,3.8,1.57,0.07,-1.152503,36.906975,-1.140855,36.910647,24.79,25.25,33.0
662555,2023-12-17,19:17:30,2023-12-17,19:26:18,8.8,5.05,0.27,-1.140855,36.910647,-1.158203,36.937207,34.43,35.52,54.0
662555,2023-12-17,19:41:41,2023-12-17,19:45:16,3.58,1.62,0.47,-1.158203,36.937207,-1.162770,36.950958,27.15,31.25,48.0
662555,2023-12-17,19:50:02,2023-12-17,19:51:47,1.75,0.76,0.45,-1.162770,36.950958,-1.164528,36.957513,26.06,35.08,55.0
662555,2023-12-17,19:51:48,2023-12-17,19:53:25,1.62,0.55,0.35,-1.164528,36.957513,-1.166075,36.962080,20.37,25.98,46.0
662555,2023-12-17,19:56:10,2023-12-17,19:58:40,2.5,1.13,0.63,-1.166075,36.962080,-1.166500,36.961353,27.12,36.26,54.0
662555,2023-12-17,20:10:23,2023-12-17,20:15:54,5.52,2.99,0.23,-1.166500,36.961353,-1.157113,36.939205,32.5,33.91,53.0
662555,2023-12-17,20:23:16,2023-12-17,20:33:56,10.67,6.01,0.0,-1.157113,36.939205,-1.145558,36.967248,33.8,33.8,55.0
662555,2023-12-17,20:39:18,2023-12-17,20:40:29,1.18,0.32,0.0,-1.145558,36.967248,-1.143165,36.968415,16.27,16.27,20.0
662555,2023-12-17,20:41:36,2023-12-17,20:48:47,7.18,4.02,0.42,-1.143165,36.968415,-1.167187,36.963963,33.59,35.68,55.0
662555,2023-12-17,20:59:58,2023-12-17,21:02:28,2.5,0.77,0.63,-1.167198,36.963983,-1.170092,36.970092,18.48,24.71,40.0
662555,2023-12-17,21:06:15,2023-12-17,21:09:57,3.7,2.15,0.0,-1.170092,36.970092,-1.162893,36.955353,34.86,34.86,53.0
662555,2023-12-17,21:10:07,2023-12-17,21:11:08,1.02,0.16,0.4,-1.162893,36.955353,-1.162133,36.954115,9.41,15.48,18.0
662555,2023-12-17,21:17:07,2023-12-17,21:20:40,3.55,1.75,0.37,-1.162133,36.954115,-1.168002,36.966320,29.58,33.02,54.0
662555,2023-12-17,21:23:09,2023-12-17,21:25:05,1.93,0.74,0.28,-1.168002,36.966320,-1.170552,36.972148,23.01,26.91,43.0
662555,2023-12-17,21:34:34,2023-12-17,21:36:57,2.38,1.03,0.47,-1.170552,36.972148,-1.170082,36.970100,25.97,32.36,49.0
662555,2023-12-17,21:42:07,2023-12-17,21:51:24,9.28,5.19,0.65,-1.170082,36.970100,-1.152743,36.961372,33.56,36.08,54.0
662555,2023-12-17,21:52:01,2023-12-17,21:55:57,3.93,1.73,0.48,-1.152743,36.961372,-1.166162,36.961757,26.41,30.09,48.0
662555,2023-12-17,22:02:25,2023-12-17,22:05:41,3.27,2.07,0.43,-1.166070,36.962058,-1.174043,36.978217,37.98,43.73,54.0
662555,2023-12-17,23:08:59,2023-12-17,23:12:15,3.27,0.91,0.0,-1.170488,36.980452,-1.166552,36.986795,16.7,16.7,20.0
662555,2023-12-17,23:13:35,2023-12-17,23:15:59,2.4,0.63,0.12,-1.166552,36.986795,,,15.75,16.58,23.0
662555,2023-12-18,10:47:54,2023-12-18,10:49:12,1.3,0.32,0.0,,,-1.160123,36.984645,14.77,14.77,24.0
662555,2023-12-18,10:49:34,2023-12-18,10:50:36,1.03,0.24,0.0,-1.160123,36.984645,-1.161140,36.982928,13.98,13.98,17.0
662555,2023-12-18,10:50:51,2023-12-18,10:58:02,7.18,2.68,0.45,-1.161140,36.982928,-1.168885,36.966483,22.4,23.89,47.0
662555,2023-12-18,11:53:48,2023-12-18,11:55:04,1.27,0.36,0.45,-1.168885,36.966483,-1.167143,36.964025,17.01,26.34,47.0
662555,2023-12-18,11:55:32,2023-12-18,12:02:19,6.78,4.62,0.4,-1.167143,36.964025,-1.188722,36.932212,40.88,43.45,55.0
662555,2023-12-18,12:14:36,2023-12-18,12:15:56,1.33,0.33,0.1,-1.188650,36.932195,-1.190445,36.930245,14.89,16.1,29.0
662555,2023-12-18,12:15:57,2023-12-18,12:19:53,3.93,1.36,0.45,-1.190445,36.930245,-1.196167,36.926908,20.76,23.45,48.0
662555,2023-12-18,12:24:15,2023-12-18,12:26:14,1.98,0.45,0.33,-1.196167,36.926908,-1.196482,36.924057,13.64,16.36,28.0
662555,2023-12-18,12:26:15,2023-12-18,12:28:06,1.85,0.97,0.0,-1.196482,36.924057,-1.202823,36.918132,31.46,31.46,55.0
662555,2023-12-18,12:28:35,2023-12-18,12:29:56,1.35,0.34,0.0,-1.202823,36.918132,-1.204600,36.916005,15.11,15.11,24.0
662555,2023-12-18,12:29:57,2023-12-18,12:30:59,1.03,0.34,0.2,-1.204600,36.916005,-1.206753,36.913780,19.81,24.58,37.0
662555,2023-12-18,12:39:46,2023-12-18,12:41:26,1.67,0.5,0.38,-1.206753,36.913780,-1.203612,36.916910,17.96,23.26,46.0
662555,2023-12-18,12:41:47,2023-12-18,12:52:16,10.48,6.93,0.28,-1.203612,36.916910,-1.166033,36.962077,39.68,40.76,55.0
662555,2023-12-18,13:05:44,2023-12-18,13:09:51,4.12,2.12,0.17,-1.166033,36.962077,-1.166033,36.962065,30.87,32.2,54.0
662555,2023-12-18,14:55:47,2023-12-18,14:57:31,1.73,0.56,0.43,-1.165997,36.962042,-1.168047,36.966400,19.42,25.85,49.0
662555,2023-12-18,15:25:35,2023-12-18,15:29:55,4.33,1.95,0.12,-1.168047,36.966400,-1.165302,36.950428,27.02,27.79,53.0
662555,2023-12-18,15:50:16,2023-12-18,15:55:35,5.32,1.9,0.3,-1.165685,36.948752,-1.166128,36.962050,21.43,22.71,49.0
662555,2023-12-18,16:24:45,2023-12-18,16:26:33,1.8,0.51,0.22,-1.166128,36.962050,-1.166773,36.963707,17.0,19.37,29.0
662555,2023-12-18,16:26:57,2023-12-18,16:28:08,1.18,0.21,0.37,-1.166773,36.963707,-1.166057,36.962078,10.68,15.56,27.0
662555,2023-12-18,16:36:54,2023-12-18,16:38:33,1.65,0.56,0.18,-1.166057,36.962078,-1.167992,36.966412,20.36,22.86,45.0
662555,2023-12-18,16:41:30,2023-12-18,16:45:05,3.58,1.55,0.47,-1.167992,36.966412,-1.161520,36.957982,25.98,29.9,48.0
662555,2023-12-18,16:46:05,2023-12-18,16:52:49,6.73,4.25,0.0,-1.161520,36.957982,-1.136108,36.972057,37.89,37.89,55.0
662555,2023-12-18,17:05:44,2023-12-18,17:09:58,4.23,2.46,0.4,-1.136108,36.972057,-1.154448,36.960863,34.89,38.54,54.0
662555,2023-12-18,17:39:34,2023-12-18,17:47:17,7.72,3.71,0.28,-1.154448,36.960863,-1.134795,36.960900,28.83,29.92,55.0
662555,2023-12-18,17:50:03,2023-12-18,17:51:39,1.6,0.37,0.0,-1.134795,36.960900,-1.137045,36.958507,13.87,13.87,17.0
662555,2023-12-18,18:10:51,2023-12-18,18:17:18,6.45,2.52,0.12,-1.137567,36.958180,-1.146795,36.961927,23.44,23.89,48.0
662555,2023-12-18,18:25:17,2023-12-18,18:31:43,6.43,3.54,0.0,-1.146795,36.961927,-1.167645,36.968228,33.03,33.03,54.0
662555,2023-12-18,18:48:33,2023-12-18,18:51:49,3.27,1.12,0.15,-1.167645,36.968228,-1.168018,36.963670,20.55,21.54,49.0
662555,2023-12-18,19:10:00,2023-12-18,19:12:19,2.32,0.64,0.27,-1.168018,36.963670,-1.167182,36.964023,16.55,18.73,29.0
662555,2023-12-18,19:15:03,2023-12-18,19:16:58,1.92,0.52,0.38,-1.167182,36.964023,-1.167620,36.968198,16.25,20.26,32.0
662555,2023-12-18,19:31:56,2023-12-18,19:33:03,1.12,0.22,0.17,-1.167620,36.968198,-1.167957,36.966415,11.79,13.89,28.0
662555,2023-12-18,19:33:04,2023-12-18,19:34:11,1.12,0.28,0.28,-1.167957,36.966415,-1.167208,36.964072,15.0,20.0,45.0
662555,2023-12-18,19:47:11,2023-12-18,19:52:11,5.0,2.27,0.37,-1.167208,36.964072,-1.160815,36.944817,27.24,29.42,53.0
662555,2023-12-18,19:52:31,2023-12-18,19:57:10,4.65,2.56,0.35,-1.160815,36.944817,-1.167957,36.966447,33.03,35.72,55.0
662555,2023-12-18,20:18:59,2023-12-18,20:20:16,1.28,0.28,0.3,-1.168025,36.966360,-1.167182,36.964020,13.13,17.14,34.0
662555,2023-12-18,20:28:10,2023-12-18,20:29:47,1.62,0.38,0.37,-1.167243,36.963982,-1.167192,36.964020,14.07,18.24,30.0
662555,2023-12-18,21:42:18,2023-12-18,21:45:09,2.85,1.29,0.32,-1.167192,36.964020,-1.166050,36.962070,27.16,30.59,50.0
662555,2023-12-18,21:49:02,2023-12-18,21:52:33,3.52,2.03,0.65,-1.166050,36.962070,-1.174228,36.978070,34.6,42.44,54.0
662555,2023-12-18,22:29:41,2023-12-18,22:32:24,2.72,1.33,0.37,-1.174228,36.978070,-1.168508,36.967712,29.34,33.96,53.0
662555,2023-12-18,22:33:32,2023-12-18,22:41:04,7.53,3.4,0.0,-1.168508,36.967712,-1.150507,36.965642,27.09,27.09,50.0
662555,2023-12-18,22:49:27,2023-12-18,22:58:47,9.33,3.02,0.35,-1.149897,36.964747,,,19.42,20.18,47.0
662555,2023-12-19,09:55:31,2023-12-19,10:04:58,9.45,4.18,0.22,,,-1.146800,36.961937,26.54,27.17,53.0
662555,2023-12-19,10:07:40,2023-12-19,10:34:34,26.9,20.56,0.43,-1.146800,36.961937,-1.033768,37.075413,45.86,46.6,55.0
662555,2023-12-19,10:48:01,2023-12-19,10:49:58,1.95,0.51,0.38,-1.033768,37.075413,-1.037415,37.073738,15.69,19.49,30.0
662555,2023-12-19,10:52:22,2023-12-19,11:02:16,9.9,6.49,0.37,-1.037415,37.073738,-1.069922,37.090233,39.33,40.86,54.0
662555,2023-12-19,12:02:07,2023-12-19,12:04:13,2.1,0.62,0.18,-1.069922,37.090233,-1.072145,37.094250,17.71,19.37,27.0
662555,2023-12-19,12:04:14,2023-12-19,12:06:30,2.27,0.53,0.7,-1.072145,37.094250,-1.069935,37.090110,14.01,20.25,33.0
662555,2023-12-19,12:06:40,2023-12-19,12:09:21,2.68,0.91,0.0,-1.069935,37.090110,-1.073448,37.096830,20.37,20.37,37.0
662555,2023-12-19,12:09:43,2023-12-19,12:11:19,1.6,0.32,0.5,-1.073448,37.096830,-1.072133,37.094228,12.0,17.45,19.0
662555,2023-12-19,12:11:20,2023-12-19,12:13:22,2.03,0.52,0.43,-1.072133,37.094228,-1.069967,37.090063,15.37,19.5,23.0
662555,2023-12-19,12:15:19,2023-12-19,12:17:05,1.77,0.28,0.77,-1.069967,37.090063,-1.069942,37.090058,9.49,16.8,24.0
662555,2023-12-19,12:17:47,2023-12-19,12:20:41,2.9,0.86,0.17,-1.069942,37.090058,-1.073520,37.096757,17.79,18.9,27.0
662555,2023-12-19,12:20:53,2023-12-19,12:22:25,1.53,0.32,0.5,-1.073520,37.096757,-1.072132,37.094193,12.55,18.64,26.0
662555,2023-12-19,12:23:34,2023-12-19,12:26:11,2.62,0.53,0.65,-1.072132,37.094193,-1.069942,37.090068,12.14,16.14,27.0
662555,2023-12-19,12:30:16,2023-12-19,12:31:16,1.0,0.15,0.5,-1.069942,37.090068,-1.069447,37.088855,9.0,18.0,25.0
662555,2023-12-19,12:31:17,2023-12-19,12:32:24,1.12,0.28,0.0,-1.069447,37.088855,-1.070038,37.090135,15.0,15.0,24.0
662555,2023-12-19,12:33:42,2023-12-19,12:37:06,3.4,0.84,0.55,-1.069900,37.090068,-1.069170,37.084250,14.82,17.68,44.0
662555,2023-12-19,12:45:35,2023-12-19,12:48:50,3.25,1.3,0.27,-1.069170,37.084250,-1.062228,37.090878,24.0,26.17,50.0
662555,2023-12-19,12:50:48,2023-12-19,12:53:52,3.07,1.64,0.28,-1.062267,37.090875,-1.062228,37.090910,32.05,35.27,55.0
662555,2023-12-19,12:58:13,2023-12-19,13:00:38,2.42,1.27,0.28,-1.062228,37.090910,-1.051857,37.095423,31.49,35.61,49.0
662555,2023-12-19,13:01:57,2023-12-19,13:04:58,3.02,1.24,0.57,-1.051857,37.095423,-1.051882,37.095410,24.64,30.37,52.0
662555,2023-12-19,13:06:04,2023-12-19,13:07:10,1.1,0.21,0.32,-1.051882,37.095410,-1.053733,37.094943,11.45,16.15,20.0
662555,2023-12-19,13:09:22,2023-12-19,13:10:43,1.35,0.4,0.43,-1.053733,37.094943,-1.054630,37.094605,17.78,26.09,43.0
662555,2023-12-19,13:10:44,2023-12-19,13:11:50,1.1,0.32,0.4,-1.054630,37.094605,-1.051872,37.095403,17.45,27.43,40.0
662555,2023-12-19,13:28:14,2023-12-19,13:30:06,1.87,0.52,0.0,-1.051365,37.095373,-1.051885,37.098608,16.68,16.68,32.0
662555,2023-12-19,13:30:08,2023-12-19,13:31:45,1.62,0.34,0.42,-1.051885,37.098608,-1.051408,37.095542,12.59,17.0,21.0
662555,2023-12-19,13:33:21,2023-12-19,13:39:32,6.18,2.88,0.3,-1.051408,37.095542,-1.038275,37.079483,27.96,29.39,54.0
662555,2023-12-19,13:45:13,2023-12-19,13:47:16,2.05,0.65,0.45,-1.038275,37.079483,-1.037402,37.073737,19.02,24.38,38.0
662555,2023-12-19,13:50:49,2023-12-19,13:52:15,1.43,0.3,0.37,-1.037402,37.073737,-1.035315,37.074767,12.59,16.98,31.0
662555,2023-12-19,13:57:50,2023-12-19,13:59:07,1.28,0.27,0.18,-1.035315,37.074767,-1.033745,37.075328,12.66,14.73,23.0
662555,2023-12-19,14:03:35,2023-12-19,14:04:42,1.12,0.21,0.28,-1.033745,37.075328,-1.035100,37.075650,11.25,15.0,21.0
662555,2023-12-19,14:09:52,2023-12-19,14:12:13,2.35,0.49,0.37,-1.035100,37.075650,-1.036678,37.075480,12.51,14.85,28.0
662555,2023-12-19,14:12:57,2023-12-19,14:14:49,1.87,0.53,0.45,-1.036678,37.075480,-1.033887,37.075887,17.01,22.39,32.0
662555,2023-12-19,14:15:15,2023-12-19,14:17:40,2.42,0.64,0.42,-1.033887,37.075887,-1.037585,37.073317,15.87,19.2,28.0
662555,2023-12-19,14:21:25,2023-12-19,14:23:04,1.65,0.55,0.48,-1.037585,37.073317,-1.041905,37.071810,20.0,28.21,49.0
662555,2023-12-19,14:32:36,2023-12-19,14:36:39,4.05,1.74,0.28,-1.041870,37.071837,-1.047017,37.059953,25.78,27.69,52.0
662555,2023-12-19,14:39:22,2023-12-19,14:50:11,10.82,8.39,0.45,-1.047017,37.059953,-1.106730,37.016203,46.52,48.54,56.0
662555,2023-12-19,14:51:19,2023-12-19,14:53:29,2.17,0.54,0.27,-1.106730,37.016203,-1.106257,37.013327,14.93,17.05,22.0
662555,2023-12-19,15:01:55,2023-12-19,15:16:52,14.95,10.68,0.3,-1.106257,37.013327,-1.166160,36.962033,42.86,43.74,57.0
662555,2023-12-19,15:23:57,2023-12-19,15:25:28,1.52,0.56,0.0,-1.166160,36.962033,-1.168042,36.966388,22.11,22.11,52.0
662555,2023-12-19,15:51:59,2023-12-19,15:58:35,6.6,4.88,0.33,-1.168043,36.966253,-1.188715,36.932242,44.36,46.7,55.0
662555,2023-12-19,16:00:44,2023-12-19,16:01:41,0.95,0.14,0.37,-1.188715,36.932242,-1.189887,36.932737,8.84,14.48,16.0
662555,2023-12-19,16:05:28,2023-12-19,16:14:01,8.55,5.02,0.18,-1.189887,36.932737,-1.163838,36.929465,35.23,35.99,55.0
662555,2023-12-19,16:18:25,2023-12-19,16:20:42,2.28,0.98,0.33,-1.163838,36.929465,-1.158868,36.923497,25.79,30.15,53.0
662555,2023-12-19,16:20:43,2023-12-19,16:26:48,6.08,3.56,0.0,-1.158868,36.923497,-1.154223,36.947615,35.13,35.13,53.0
662555,2023-12-19,16:35:25,2023-12-19,16:39:59,4.57,1.61,0.0,-1.154288,36.947665,-1.162948,36.950083,21.14,21.14,47.0
662555,2023-12-19,16:40:16,2023-12-19,16:42:13,1.95,0.57,0.0,-1.162948,36.950083,-1.165630,36.950003,17.54,17.54,23.0
662555,2023-12-19,16:42:39,2023-12-19,16:43:37,0.97,0.15,0.47,-1.165630,36.950003,-1.165727,36.948738,9.28,18.0,22.0
662555,2023-12-19,16:46:28,2023-12-19,16:48:09,1.68,0.46,0.0,-1.165727,36.948738,-1.163685,36.952230,16.43,16.43,20.0
662555,2023-12-19,16:48:12,2023-12-19,16:49:08,0.93,0.22,0.0,-1.163685,36.952230,-1.164052,36.954157,14.19,14.19,16.0
662555,2023-12-19,16:49:09,2023-12-19,16:51:03,1.9,0.61,0.0,-1.164052,36.954157,-1.164625,36.956912,19.26,19.26,40.0
662555,2023-12-19,16:51:04,2023-12-19,16:53:25,2.35,1.15,0.22,-1.164625,36.956912,-1.168060,36.966343,29.36,32.39,50.0
662555,2023-12-19,17:47:35,2023-12-19,17:49:30,1.92,0.6,0.43,-1.168060,36.966343,-1.166728,36.961348,18.75,24.16,45.0
662555,2023-12-19,17:49:45,2023-12-19,17:51:00,1.25,0.3,0.05,-1.166728,36.961348,-1.167230,36.964007,14.4,15.0,21.0
662555,2023-12-19,17:57:03,2023-12-19,17:58:19,1.27,0.22,0.47,-1.167230,36.964007,-1.167027,36.963147,10.39,16.5,17.0
662555,2023-12-19,18:00:17,2023-12-19,18:01:50,1.55,0.38,0.42,-1.167027,36.963147,-1.167992,36.966410,14.71,20.18,36.0
662555,2023-12-19,18:02:06,2023-12-19,18:04:03,1.95,0.49,0.5,-1.167992,36.966410,-1.170122,36.970137,15.08,20.28,28.0
662555,2023-12-19,18:05:46,2023-12-19,18:13:15,7.48,4.53,0.4,-1.170122,36.970137,-1.157068,36.931957,36.34,38.39,55.0
662555,2023-12-19,18:13:22,2023-12-19,18:14:23,1.02,0.15,0.5,-1.157068,36.931957,-1.156657,36.930657,8.82,17.31,26.0
662555,2023-12-19,18:14:34,2023-12-19,18:22:54,8.33,4.29,0.47,-1.156657,36.930657,-1.168673,36.966448,30.9,32.75,55.0
662555,2023-12-19,18:25:40,2023-12-19,18:31:21,5.68,3.03,0.62,-1.168673,36.966448,-1.150145,36.961815,32.01,35.93,54.0
662555,2023-12-19,18:31:52,2023-12-19,18:36:28,4.6,1.69,0.22,-1.150145,36.961815,-1.138543,36.970440,22.04,23.15,51.0
662555,2023-12-19,18:37:59,2023-12-19,18:44:27,6.47,3.72,0.27,-1.138543,36.970440,-1.166017,36.962120,34.5,36.0,53.0
662555,2023-12-19,19:38:58,2023-12-19,19:41:27,2.48,0.91,0.65,-1.165185,36.959942,-1.168685,36.966425,22.02,29.84,53.0
662555,2023-12-19,19:43:05,2023-12-19,19:44:48,1.72,0.65,0.47,-1.168685,36.966425,-1.166525,36.961375,22.67,31.2,52.0
662555,2023-12-19,19:53:56,2023-12-19,19:58:38,4.7,2.29,0.45,-1.166525,36.961375,-1.150793,36.957377,29.23,32.33,54.0
662555,2023-12-19,20:00:06,2023-12-19,20:01:09,1.05,0.16,0.45,-1.150793,36.957377,-1.149383,36.957037,9.14,16.0,20.0
662555,2023-12-19,20:03:05,2023-12-19,20:06:37,3.53,1.54,0.28,-1.149383,36.957037,-1.148550,36.944547,26.18,28.43,46.0
662555,2023-12-19,20:14:18,2023-12-19,20:25:32,11.23,7.62,0.42,-1.149182,36.944835,-1.124800,37.003892,40.71,42.29,57.0
662555,2023-12-19,20:27:28,2023-12-19,20:28:44,1.27,0.28,0.02,-1.124800,37.003892,-1.125305,37.006222,13.23,13.44,19.0
662555,2023-12-19,20:37:17,2023-12-19,20:40:31,3.23,0.83,0.63,-1.125305,37.006222,-1.126188,37.002220,15.42,19.15,29.0
662555,2023-12-19,20:40:39,2023-12-19,20:52:01,11.37,7.71,0.3,-1.126188,37.002220,-1.166070,36.962062,40.69,41.79,56.0
662555,2023-12-19,20:56:54,2023-12-19,20:59:05,2.18,0.81,0.4,-1.166070,36.962062,-1.167163,36.964027,22.29,27.3,54.0
662555,2023-12-19,21:06:36,2023-12-19,21:09:36,3.0,0.77,0.32,-1.167163,36.964027,-1.170022,36.970137,15.4,17.24,20.0
662555,2023-12-19,21:21:53,2023-12-19,21:23:40,1.78,0.79,0.38,-1.170022,36.970137,-1.167160,36.964018,26.63,33.86,53.0
662555,2023-12-19,23:37:56,2023-12-19,23:40:58,3.03,1.33,0.05,-1.167170,36.963988,-1.165523,36.960653,26.34,26.78,42.0
662555,2023-12-19,23:45:17,2023-12-19,23:47:51,2.57,1.42,0.23,-1.165523,36.960653,-1.170512,36.972142,33.15,36.41,53.0
662555,2023-12-19,23:50:38,2023-12-19,23:56:28,5.83,1.92,0.02,-1.170512,36.972142,-1.165712,36.983412,19.76,19.83,54.0
662555,2023-12-19,23:57:13,2023-12-20,00:00:56,3.72,1.22,0.47,-1.165712,36.983412,,,19.68,22.52,40.0
662555,2023-12-20,19:01:12,2023-12-20,19:10:57,9.75,3.2,0.2,,,-1.167955,36.966458,19.69,20.1,45.0
662555,2023-12-20,19:24:01,2023-12-20,19:27:46,3.75,1.61,0.43,-1.167965,36.966312,-1.160737,36.958252,25.76,29.1,46.0
662555,2023-12-20,20:17:56,2023-12-20,20:21:29,3.55,1.84,0.43,-1.159755,36.957308,-1.148112,36.960105,31.1,35.38,54.0
662555,2023-12-20,20:21:54,2023-12-20,20:24:18,2.4,0.67,0.47,-1.148112,36.960105,-1.147622,36.963180,16.75,20.83,36.0
662555,2023-12-20,20:28:34,2023-12-20,20:38:46,10.2,7.22,0.0,-1.147622,36.963180,-1.196167,36.925792,42.47,42.47,55.0
662555,2023-12-20,20:51:27,2023-12-20,20:53:59,2.53,1.13,0.17,-1.195740,36.924735,-1.188352,36.931187,26.8,28.73,49.0
662555,2023-12-20,20:54:00,2023-12-20,20:55:59,1.98,0.93,0.48,-1.188352,36.931187,-1.182330,36.936960,28.18,37.2,48.0
662555,2023-12-20,20:57:19,2023-12-20,21:12:53,15.57,11.05,0.33,-1.182330,36.936960,-1.125188,37.007242,42.58,43.5,56.0
662555,2023-12-20,21:26:51,2023-12-20,21:33:11,6.33,3.28,0.42,-1.124060,37.008565,-1.106132,37.013375,31.09,33.3,55.0
662555,2023-12-20,21:47:32,2023-12-20,21:48:41,1.15,0.22,0.22,-1.106132,37.013375,-1.105822,37.014618,11.48,14.19,19.0
662555,2023-12-20,21:53:29,2023-12-20,22:08:25,14.93,11.33,0.4,-1.105822,37.014618,-1.167137,36.964002,45.53,46.79,55.0
662555,2023-12-20,23:04:29,2023-12-20,23:07:00,2.52,1.03,0.32,-1.167137,36.964002,-1.170485,36.972157,24.52,28.09,53.0
662555,2023-12-20,23:08:12,2023-12-20,23:09:59,1.78,0.84,0.12,-1.170485,36.972157,-1.173968,36.978242,28.31,30.36,54.0
662555,2023-12-20,23:22:38,2023-12-20,23:25:44,3.1,0.87,0.47,-1.173968,36.978242,-1.167323,36.982372,16.84,19.85,23.0
662555,2023-12-20,23:26:42,2023-12-20,23:31:27,4.75,1.38,0.47,-1.167323,36.982372,,,17.43,19.35,38.0
662555,2023-12-21,12:35:20,2023-12-21,12:43:45,8.42,3.04,0.12,,,-1.163332,36.971012,21.66,21.98,49.0
662555,2023-12-21,12:45:23,2023-12-21,12:49:06,3.72,1.35,0.18,-1.163332,36.971012,-1.166032,36.962093,21.77,22.88,42.0
662555,2023-12-21,12:56:07,2023-12-21,12:57:33,1.43,0.53,0.0,-1.166032,36.962093,-1.167790,36.966468,22.24,22.24,53.0
662555,2023-12-21,13:12:01,2023-12-21,13:14:50,2.82,0.94,0.18,-1.168053,36.966320,-1.168822,36.963010,20.0,21.36,43.0
662555,2023-12-21,13:19:52,2023-12-21,13:21:16,1.4,0.32,0.25,-1.168822,36.963010,-1.168570,36.963108,13.71,16.7,24.0
662555,2023-12-21,13:21:41,2023-12-21,13:23:43,2.03,0.46,0.47,-1.168570,36.963108,-1.166817,36.962800,13.6,17.69,23.0
662555,2023-12-21,13:40:05,2023-12-21,13:40:44,0.65,0.16,0.02,-1.167245,36.963997,-1.167188,36.963980,14.77,15.24,39.0
662555,2023-12-21,13:41:40,2023-12-21,13:44:45,3.08,1.05,0.43,-1.167188,36.963980,-1.167173,36.963980,20.45,23.77,54.0
662555,2023-12-21,13:46:43,2023-12-21,13:52:29,5.77,3.11,0.42,-1.167173,36.963980,-1.148265,36.959567,32.34,34.88,54.0
662555,2023-12-21,14:02:25,2023-12-21,14:07:22,4.95,2.62,0.37,-1.148265,36.959567,-1.132762,36.975763,31.76,34.32,54.0
662555,2023-12-21,14:13:10,2023-12-21,14:14:46,1.6,0.55,0.47,-1.132762,36.975763,-1.135583,36.971893,20.62,29.2,53.0
662555,2023-12-21,14:14:48,2023-12-21,14:21:47,6.98,4.62,0.2,-1.135583,36.971893,-1.168020,36.966302,39.71,40.88,56.0
662555,2023-12-21,14:29:15,2023-12-21,14:31:15,2.0,0.97,0.45,-1.168020,36.966302,-1.165183,36.958080,29.1,37.55,54.0
662555,2023-12-21,14:32:59,2023-12-21,14:34:11,1.2,0.23,0.48,-1.165183,36.958080,-1.163395,36.957365,11.5,19.17,22.0
662555,2023-12-21,14:47:37,2023-12-21,14:50:07,2.5,1.16,0.17,-1.164388,36.957082,-1.167982,36.966263,27.84,29.87,53.0
662555,2023-12-21,15:35:13,2023-12-21,15:41:55,6.7,4.87,0.37,-1.167982,36.966263,-1.188675,36.932188,43.61,46.16,55.0
662555,2023-12-21,15:44:47,2023-12-21,15:50:57,6.17,2.36,0.28,-1.188675,36.932188,-1.198405,36.946925,22.95,24.04,42.0
662555,2023-12-21,15:53:23,2023-12-21,15:55:11,1.8,0.38,0.42,-1.198405,36.946925,-1.201142,36.948438,12.67,16.52,19.0
662555,2023-12-21,15:55:20,2023-12-21,15:57:13,1.88,0.46,0.1,-1.201142,36.948438,-1.199112,36.946280,14.68,15.51,20.0
662555,2023-12-21,15:59:07,2023-12-21,16:04:56,5.82,2.5,0.43,-1.199163,36.946313,-1.188690,36.932243,25.77,27.83,50.0
662555,2023-12-21,16:14:18,2023-12-21,16:19:56,5.63,3.15,0.0,-1.188690,36.932243,-1.173517,36.931585,33.57,33.57,55.0
662555,2023-12-21,16:36:50,2023-12-21,16:44:58,8.13,4.06,0.27,-1.174737,36.931347,-1.166033,36.962095,29.96,30.99,54.0
662555,2023-12-21,16:59:54,2023-12-21,17:01:51,1.95,0.56,0.05,-1.166033,36.962095,-1.168018,36.966433,17.23,17.68,48.0
662555,2023-12-21,17:44:56,2023-12-21,17:51:45,6.82,4.9,0.12,-1.168018,36.966433,-1.188717,36.932303,43.11,43.88,55.0
662555,2023-12-21,18:01:59,2023-12-21,18:04:51,2.87,0.62,0.45,-1.188717,36.932303,-1.188678,36.932238,12.96,15.37,27.0
662555,2023-12-21,18:11:59,2023-12-21,18:14:31,2.53,1.33,0.0,-1.188678,36.932238,-1.196760,36.924698,31.54,31.54,54.0
662555,2023-12-21,18:55:59,2023-12-21,18:59:58,3.98,1.2,0.47,-1.201522,36.925350,-1.192048,36.928272,18.09,20.51,33.0
662555,2023-12-21,19:00:06,2023-12-21,19:01:48,1.7,0.5,0.0,-1.192048,36.928272,-1.189080,36.931495,17.65,17.65,27.0
662555,2023-12-21,19:02:31,2023-12-21,19:07:19,4.8,2.84,0.25,-1.189080,36.931495,-1.170823,36.948810,35.5,37.45,49.0
662555,2023-12-21,19:07:44,2023-12-21,19:12:02,4.3,1.79,0.4,-1.170823,36.948810,-1.166003,36.962113,24.98,27.54,53.0
662555,2023-12-21,19:21:54,2023-12-21,19:30:00,8.1,5.31,0.47,-1.166003,36.962113,-1.188155,36.932135,39.33,41.76,55.0
662555,2023-12-21,20:05:04,2023-12-21,20:17:54,12.83,9.52,0.38,-1.188735,36.932072,-1.152450,36.906947,44.52,45.88,55.0
662555,2023-12-21,20:18:49,2023-12-21,20:22:06,3.28,1.51,0.0,-1.152450,36.906947,-1.140002,36.909905,27.62,27.62,42.0
662555,2023-12-21,20:27:30,2023-12-21,20:29:29,1.98,0.41,0.72,-1.140002,36.909905,-1.142858,36.907668,12.42,19.52,21.0
662555,2023-12-21,20:29:30,2023-12-21,20:36:17,6.78,4.38,0.47,-1.142858,36.907668,-1.157808,36.935422,38.76,41.65,55.0
662555,2023-12-21,20:37:13,2023-12-21,20:38:26,1.22,0.29,0.13,-1.157808,36.935422,-1.155875,36.934248,14.26,15.96,18.0
662555,2023-12-21,20:45:24,2023-12-21,20:50:57,5.55,3.36,0.35,-1.155875,36.934248,-1.166045,36.962078,36.32,38.77,55.0
662555,2023-12-21,21:31:53,2023-12-21,21:34:11,2.3,1.02,0.45,-1.166045,36.962078,-1.170045,36.970135,26.61,33.08,54.0
662555,2023-12-21,21:37:31,2023-12-21,21:43:41,6.17,2.71,0.3,-1.170045,36.970135,-1.156667,36.963063,26.35,27.7,51.0
662555,2023-12-21,21:48:36,2023-12-21,21:53:35,4.98,2.28,0.28,-1.156667,36.963063,-1.167880,36.966437,27.47,29.11,54.0
662555,2023-12-21,23:00:15,2023-12-21,23:02:17,2.03,0.72,0.62,-1.167880,36.966437,-1.170497,36.972140,21.28,30.64,54.0
662555,2023-12-21,23:03:53,2023-12-21,23:05:49,1.93,0.84,0.1,-1.170497,36.972140,-1.173933,36.978260,26.11,27.54,53.0
662555,2023-12-21,23:07:48,2023-12-21,23:10:44,2.93,0.84,0.0,-1.173933,36.978260,-1.167543,36.982245,17.2,17.2,20.0
662555,2023-12-21,23:11:38,2023-12-21,23:16:56,5.3,1.47,0.2,-1.167543,36.982245,,,16.64,17.29,27.0
662819,2023-12-10,19:31:04,2023-12-10,19:34:38,3.57,4.28,0.0,,,,,71.93,71.93,27.0
662819,2023-12-12,14:27:43,2023-12-12,17:52:12,204.48,2.34,199.08,,,-1.265997,36.659580,0.69,26.0,46.0
662819,2023-12-12,19:19:03,2023-12-12,19:22:36,3.55,3.65,0.0,-1.265997,36.659580,,,61.69,61.69,44.0
662819,2023-12-13,09:32:15,2023-12-13,11:57:53,145.63,7.92,113.0,,,-1.260883,36.649772,3.26,14.56,43.0
662819,2023-12-13,11:59:58,2023-12-13,18:07:36,367.63,33.19,245.15,-1.260883,36.649772,-1.245472,36.662942,5.42,16.26,59.0
662819,2023-12-13,21:27:37,2023-12-13,21:56:46,29.15,10.21,2.18,-1.245260,36.662038,,,21.02,22.71,56.0
662819,2023-12-14,07:49:22,2023-12-14,08:13:48,24.43,8.57,4.37,,,-1.245388,36.661828,21.05,25.63,57.0
662819,2023-12-14,10:27:10,2023-12-14,10:32:18,5.13,0.33,3.88,-1.247527,36.660538,-1.245357,36.661822,3.86,15.84,20.0
662819,2023-12-14,12:41:33,2023-12-14,12:46:16,4.72,0.26,3.6,-1.245298,36.661845,-1.245248,36.664193,3.31,13.93,17.0
662819,2023-12-14,12:50:24,2023-12-14,12:55:13,4.82,0.25,4.05,-1.245248,36.664193,-1.245225,36.661918,3.11,19.48,17.0
662819,2023-12-14,13:23:31,2023-12-14,13:32:55,9.4,1.35,2.73,-1.245225,36.661918,-1.246208,36.667020,8.62,12.14,22.0
662819,2023-12-14,13:41:19,2023-12-14,13:50:53,9.57,1.28,4.0,-1.246825,36.667112,-1.245458,36.661798,8.03,13.79,20.0
662819,2023-12-14,13:53:00,2023-12-14,14:06:34,13.57,3.12,4.48,-1.245458,36.661798,-1.257417,36.642438,13.8,20.59,30.0
662819,2023-12-14,14:16:11,2023-12-14,14:31:08,14.95,3.05,3.98,-1.257417,36.642438,-1.245445,36.661843,12.24,16.68,52.0
662819,2023-12-14,14:32:16,2023-12-14,14:37:27,5.18,0.33,3.52,-1.245445,36.661843,-1.247512,36.660782,3.82,11.93,16.0
662819,2023-12-14,14:49:48,2023-12-14,14:54:31,4.72,0.32,2.18,-1.247153,36.660538,-1.245407,36.661893,4.07,7.56,29.0
662819,2023-12-14,15:07:26,2023-12-14,15:22:29,15.05,3.08,5.3,-1.245407,36.661893,-1.255722,36.642697,12.28,18.95,36.0
662819,2023-12-14,15:24:37,2023-12-14,15:31:21,6.73,0.91,3.13,-1.255722,36.642697,-1.256167,36.634703,8.11,15.17,26.0
662819,2023-12-14,15:34:22,2023-12-14,15:43:29,9.12,1.5,4.52,-1.256167,36.634703,-1.245580,36.631058,9.87,19.57,26.0
662819,2023-12-14,15:44:37,2023-12-14,15:50:53,6.27,0.86,2.63,-1.245580,36.631058,-1.246302,36.624750,8.23,14.18,22.0
662819,2023-12-14,15:52:00,2023-12-14,16:01:39,9.65,2.37,2.0,-1.246302,36.624750,-1.246718,36.638917,14.74,18.59,54.0
662819,2023-12-14,16:06:43,2023-12-14,16:17:44,11.02,3.39,3.9,-1.246718,36.638917,-1.245537,36.661780,18.46,28.57,58.0
662819,2023-12-14,16:42:37,2023-12-14,16:55:34,12.95,3.65,3.47,-1.245430,36.661900,-1.271810,36.675238,16.91,23.1,56.0
662819,2023-12-14,17:05:35,2023-12-14,17:19:06,13.52,3.51,4.13,-1.271810,36.675238,-1.271422,36.694370,15.58,22.43,55.0
662819,2023-12-14,17:20:44,2023-12-14,17:39:36,18.87,6.29,5.4,-1.271422,36.694370,-1.245463,36.661833,20.0,28.02,59.0
662819,2023-12-14,17:56:12,2023-12-14,18:06:50,10.63,2.91,3.42,-1.245463,36.661833,-1.226247,36.654157,16.43,24.22,42.0
662819,2023-12-14,18:07:44,2023-12-14,18:21:22,13.63,3.12,4.27,-1.226247,36.654157,-1.245427,36.661893,13.73,20.0,47.0
662819,2023-12-14,18:57:14,2023-12-14,19:04:35,7.35,1.02,1.37,-1.245427,36.661893,-1.252648,36.665853,8.33,10.23,25.0
662819,2023-12-14,19:08:44,2023-12-14,19:17:43,8.98,1.04,3.5,-1.252648,36.665853,-1.245385,36.661897,6.95,11.39,17.0
662819,2023-12-14,19:25:42,2023-12-14,19:35:28,9.77,2.72,3.07,-1.245385,36.661897,-1.242353,36.642445,16.7,24.36,49.0
662819,2023-12-14,19:43:46,2023-12-14,19:52:24,8.63,1.95,2.22,-1.242353,36.642445,-1.256543,36.634917,13.56,18.25,51.0
662819,2023-12-14,19:57:30,2023-12-14,20:06:43,9.22,1.68,3.58,-1.256543,36.634917,-1.246135,36.643743,10.93,17.87,20.0
662819,2023-12-14,20:08:19,2023-12-14,20:22:06,13.78,2.98,3.62,-1.246135,36.643743,-1.245390,36.661872,12.98,17.6,50.0
662819,2023-12-14,20:24:53,2023-12-14,20:44:19,19.43,4.67,5.92,-1.245390,36.661872,-1.245217,36.661937,14.42,20.74,43.0
662819,2023-12-14,21:19:45,2023-12-14,21:57:31,37.77,11.87,4.02,-1.245217,36.661937,,,18.86,21.1,57.0
662819,2023-12-15,07:49:20,2023-12-15,08:06:08,16.8,6.85,3.72,,,-1.245380,36.661802,24.46,31.42,56.0
662819,2023-12-15,08:12:07,2023-12-15,08:33:19,21.2,4.57,6.7,-1.245380,36.661802,-1.245338,36.661962,12.93,18.91,56.0
662819,2023-12-15,09:12:24,2023-12-15,09:28:45,16.35,6.86,3.62,-1.245338,36.661962,-1.228377,36.615545,25.17,32.33,53.0
662819,2023-12-15,09:30:04,2023-12-15,09:47:11,17.12,7.11,4.45,-1.228377,36.615545,-1.245418,36.661882,24.92,33.67,53.0
662819,2023-12-15,11:09:27,2023-12-15,11:18:02,8.58,0.68,4.9,-1.245388,36.661843,-1.245390,36.661845,4.76,11.09,17.0
662819,2023-12-15,11:54:55,2023-12-15,12:01:21,6.43,0.6,3.5,-1.245390,36.661845,-1.242338,36.664640,5.6,12.29,32.0
662819,2023-12-15,12:05:41,2023-12-15,12:11:19,5.63,0.46,3.98,-1.242338,36.664640,-1.245165,36.661970,4.9,16.73,24.0
662819,2023-12-15,12:27:49,2023-12-15,12:32:38,4.82,0.29,3.2,-1.245165,36.661970,-1.247352,36.661038,3.61,10.74,16.0
662819,2023-12-15,12:32:56,2023-12-15,12:37:34,4.63,0.28,3.02,-1.247352,36.661038,-1.245428,36.661805,3.63,10.43,25.0
662819,2023-12-15,13:03:49,2023-12-15,13:08:24,4.58,0.21,4.02,-1.245428,36.661805,-1.244422,36.660307,2.75,22.5,16.0
662819,2023-12-15,13:12:56,2023-12-15,13:17:38,4.7,0.22,3.7,-1.244422,36.660307,-1.245357,36.661843,2.81,13.2,19.0
662819,2023-12-15,13:53:42,2023-12-15,13:58:06,4.4,0.17,3.18,-1.240608,36.662887,-1.239732,36.661637,2.32,8.36,27.0
662819,2023-12-15,14:08:11,2023-12-15,14:14:00,5.82,0.64,3.4,-1.239732,36.661637,-1.245260,36.661913,6.6,15.87,30.0
662819,2023-12-15,15:29:11,2023-12-15,15:35:33,6.37,0.67,3.75,-1.245260,36.661913,-1.245427,36.661765,6.31,15.34,58.0
662819,2023-12-15,17:15:50,2023-12-15,17:30:10,14.33,3.63,3.25,-1.245427,36.661765,-1.221583,36.678418,15.2,19.66,58.0
662819,2023-12-15,17:34:48,2023-12-15,17:49:33,14.75,3.59,3.33,-1.221583,36.678418,-1.245327,36.661962,14.6,18.86,54.0
662819,2023-12-15,17:52:03,2023-12-15,17:59:59,7.93,0.95,3.83,-1.245327,36.661962,-1.251742,36.665408,7.19,13.9,26.0
662819,2023-12-15,18:27:13,2023-12-15,18:36:09,8.93,2.26,3.2,-1.245308,36.661895,-1.241300,36.646940,15.18,23.66,55.0
662819,2023-12-15,18:37:13,2023-12-15,18:45:05,7.87,2.11,3.85,-1.241300,36.646940,-1.247832,36.661390,16.09,31.49,53.0
662819,2023-12-15,19:06:10,2023-12-15,19:15:54,9.73,1.22,3.42,-1.245383,36.661890,-1.252812,36.667807,7.52,11.6,23.0
662819,2023-12-15,19:16:10,2023-12-15,19:24:27,8.28,1.2,2.83,-1.252812,36.667807,-1.245378,36.661877,8.7,13.21,22.0
662819,2023-12-15,19:49:13,2023-12-15,19:57:17,8.07,0.52,4.07,-1.245345,36.661815,-1.245957,36.662960,3.87,7.8,17.0
662819,2023-12-15,20:26:59,2023-12-15,20:34:39,7.67,2.38,3.18,-1.245443,36.661855,-1.242398,36.644982,18.62,31.8,54.0
662819,2023-12-15,20:43:08,2023-12-15,20:52:20,9.2,2.45,3.62,-1.242398,36.644982,-1.245445,36.661815,15.98,26.34,50.0
662819,2023-12-15,21:12:04,2023-12-15,21:49:43,37.65,11.64,6.6,-1.245445,36.661815,,,18.55,22.49,58.0
662819,2023-12-16,07:40:18,2023-12-16,07:57:30,17.2,6.82,3.73,,,-1.245413,36.661788,23.79,30.38,55.0
662819,2023-12-16,09:27:00,2023-12-16,09:32:23,5.38,0.33,3.72,-1.248022,36.661452,-1.245420,36.661875,3.68,11.93,17.0
662819,2023-12-16,10:54:53,2023-12-16,10:59:50,4.95,0.35,3.08,-1.245420,36.661875,-1.243380,36.663455,4.24,11.23,18.0
662819,2023-12-16,11:13:02,2023-12-16,11:17:42,4.67,0.24,3.53,-1.243392,36.662870,-1.245285,36.661952,3.08,12.63,20.0
662819,2023-12-16,11:50:10,2023-12-16,12:22:16,32.1,7.55,5.57,-1.245285,36.661952,-1.245122,36.662002,14.11,17.08,51.0
662819,2023-12-16,12:48:04,2023-12-16,12:54:09,6.08,1.16,2.65,-1.245122,36.662002,-1.234983,36.661360,11.45,20.29,38.0
662819,2023-12-16,13:01:15,2023-12-16,13:09:04,7.82,1.19,3.23,-1.234983,36.661360,-1.245307,36.661933,9.13,15.56,58.0
662819,2023-12-16,15:38:31,2023-12-16,15:48:17,9.77,2.01,2.55,-1.245480,36.661985,-1.250160,36.648823,12.34,16.7,24.0
662819,2023-12-16,15:53:55,2023-12-16,16:03:47,9.87,1.67,3.2,-1.250160,36.648823,-1.247122,36.660538,10.15,15.02,46.0
662819,2023-12-16,16:10:41,2023-12-16,16:16:03,5.37,0.29,3.72,-1.247122,36.660538,-1.245458,36.661835,3.24,10.55,18.0
662819,2023-12-16,17:11:45,2023-12-16,17:23:51,12.1,4.24,3.92,-1.245458,36.661835,-1.249892,36.633047,21.02,31.1,61.0
662819,2023-12-16,17:24:36,2023-12-16,17:36:43,12.12,4.13,3.95,-1.249892,36.633047,-1.245440,36.661828,20.45,30.33,62.0
662819,2023-12-16,17:42:55,2023-12-16,18:11:47,28.87,6.9,6.4,-1.245440,36.661828,-1.264650,36.683183,14.34,18.42,52.0
662819,2023-12-16,18:13:16,2023-12-16,18:21:48,8.53,1.04,3.65,-1.264650,36.683183,-1.260118,36.675038,7.32,12.79,19.0
662819,2023-12-16,18:43:28,2023-12-16,19:07:51,24.38,6.39,3.38,-1.260118,36.675038,-1.245370,36.661893,15.73,18.26,56.0
662819,2023-12-16,19:36:01,2023-12-16,19:51:45,15.73,5.35,3.63,-1.245370,36.661893,-1.254697,36.625367,20.41,26.53,54.0
662819,2023-12-16,19:54:02,2023-12-16,20:05:31,11.48,2.08,2.88,-1.254697,36.625367,-1.240338,36.631725,10.87,14.51,33.0
662819,2023-12-16,20:08:15,2023-12-16,20:23:00,14.75,4.81,3.82,-1.240338,36.631725,,,19.57,26.4,51.0
662819,2023-12-17,08:15:16,2023-12-17,08:19:57,4.68,0.2,3.67,,,-1.245248,36.663755,2.56,11.88,28.0
662819,2023-12-17,10:10:18,2023-12-17,10:16:53,6.58,0.46,3.72,-1.245248,36.661975,-1.245897,36.662522,4.19,9.65,18.0
662819,2023-12-17,10:44:56,2023-12-17,11:03:18,18.37,4.48,7.7,-1.245348,36.661815,-1.254613,36.680467,14.63,25.19,60.0
662819,2023-12-17,11:06:30,2023-12-17,11:17:43,11.22,4.23,3.75,-1.254613,36.680467,-1.245288,36.661947,22.62,33.98,59.0
662819,2023-12-17,11:21:39,2023-12-17,11:28:15,6.6,1.4,3.23,-1.245288,36.661947,-1.232992,36.662927,12.73,24.93,48.0
662819,2023-12-17,11:30:32,2023-12-17,11:37:10,6.63,1.4,3.53,-1.232992,36.662927,-1.245230,36.662010,12.67,27.1,60.0
662819,2023-12-17,11:41:31,2023-12-17,11:56:31,15.0,3.46,6.2,-1.245230,36.662010,-1.245377,36.661912,13.84,23.59,60.0
662819,2023-12-17,12:42:02,2023-12-17,12:55:11,13.15,1.68,7.28,-1.245377,36.661912,-1.243633,36.665465,7.67,17.17,41.0
662819,2023-12-17,12:55:12,2023-12-17,13:02:22,7.17,1.09,3.8,-1.243633,36.665465,-1.245262,36.661980,9.12,19.41,46.0
662819,2023-12-17,13:05:38,2023-12-17,13:15:03,9.42,1.66,3.57,-1.245262,36.661980,-1.241957,36.657857,10.57,17.03,59.0
662819,2023-12-17,13:16:50,2023-12-17,13:25:42,8.87,1.05,5.55,-1.241957,36.657857,-1.245445,36.661835,7.1,18.98,58.0
662819,2023-12-17,13:32:52,2023-12-17,13:38:32,5.67,0.56,4.03,-1.245445,36.661835,-1.241805,36.665245,5.93,20.49,49.0
662819,2023-12-17,13:44:52,2023-12-17,13:50:23,5.52,0.55,3.83,-1.241805,36.665245,-1.245298,36.661918,5.98,19.53,33.0
662819,2023-12-17,14:23:20,2023-12-17,14:30:33,7.22,0.51,3.48,-1.245298,36.661918,-1.245247,36.662072,4.24,8.18,23.0
662819,2023-12-17,14:49:31,2023-12-17,14:57:39,8.13,1.87,3.88,-1.245247,36.662072,-1.231178,36.669815,13.8,26.4,58.0
662819,2023-12-17,15:09:05,2023-12-17,15:17:24,8.32,1.74,3.93,-1.232275,36.669860,-1.245360,36.661902,12.55,23.78,53.0
662819,2023-12-17,15:23:45,2023-12-17,15:30:33,6.8,0.63,3.57,-1.245360,36.661902,-1.247915,36.664150,5.56,11.7,42.0
662819,2023-12-17,15:32:11,2023-12-17,15:39:21,7.17,0.87,3.67,-1.247915,36.664150,-1.245398,36.661858,7.28,14.91,24.0
662819,2023-12-17,16:11:28,2023-12-17,16:20:57,9.48,0.5,6.73,-1.245398,36.661858,-1.245343,36.661892,3.16,10.91,23.0
662819,2023-12-17,18:23:04,2023-12-17,18:40:15,17.18,3.74,8.97,-1.245227,36.663703,-1.245238,36.661943,13.06,27.33,57.0
662819,2023-12-17,19:36:02,2023-12-17,19:49:23,13.35,2.48,6.87,-1.245238,36.661943,-1.245147,36.662078,11.15,22.96,59.0
662819,2023-12-17,19:51:06,2023-12-17,20:04:12,13.1,2.74,2.78,-1.245147,36.662078,-1.226903,36.675433,12.55,15.93,55.0
662819,2023-12-17,20:06:19,2023-12-17,20:18:44,12.42,2.76,3.92,-1.226903,36.675433,-1.245205,36.661932,13.33,19.48,32.0
662819,2023-12-17,20:31:13,2023-12-17,20:43:20,12.12,4.15,5.38,-1.245205,36.661932,-1.249345,36.684252,20.54,36.94,60.0
662819,2023-12-17,20:46:18,2023-12-17,20:52:07,5.82,0.3,4.95,-1.249345,36.684252,-1.251872,36.684658,3.09,20.69,17.0
662819,2023-12-17,20:55:59,2023-12-17,21:09:41,13.7,3.77,3.95,-1.249722,36.684368,-1.244728,36.662293,16.51,23.2,57.0
662819,2023-12-17,21:18:28,2023-12-17,21:23:29,5.02,0.36,3.42,-1.245420,36.661883,,,4.3,13.5,22.0
662819,2023-12-18,09:59:36,2023-12-18,10:16:51,17.25,4.28,5.17,,,-1.249973,36.642523,14.89,21.26,56.0
662819,2023-12-18,10:26:30,2023-12-18,10:47:58,21.47,4.49,5.47,-1.249973,36.642523,-1.245267,36.661915,12.55,16.84,55.0
662819,2023-12-18,10:59:36,2023-12-18,11:14:19,14.72,4.0,3.18,-1.245267,36.661915,-1.251143,36.641033,16.3,20.8,52.0
662819,2023-12-18,11:15:10,2023-12-18,11:28:41,13.52,4.15,3.67,-1.251143,36.641033,-1.245393,36.661880,18.42,25.28,48.0
662819,2023-12-18,11:35:17,2023-12-18,11:51:16,15.98,7.35,3.33,-1.245393,36.661880,-1.297960,36.682308,27.6,34.86,59.0
662819,2023-12-18,12:09:26,2023-12-18,12:26:28,17.03,8.33,3.03,-1.299660,36.678030,-1.245282,36.661925,29.35,35.7,59.0
662819,2023-12-18,14:55:38,2023-12-18,15:10:10,14.53,1.78,4.93,-1.245428,36.661920,-1.242773,36.668048,7.35,11.12,22.0
662819,2023-12-18,15:13:12,2023-12-18,15:24:27,11.25,1.69,2.83,-1.242773,36.668048,-1.245480,36.661812,9.01,12.04,24.0
662819,2023-12-18,15:28:09,2023-12-18,15:41:31,13.37,1.18,5.07,-1.245480,36.661812,-1.245407,36.661842,5.3,8.53,17.0
662819,2023-12-18,16:23:18,2023-12-18,16:49:33,26.25,6.09,5.62,-1.245407,36.661842,-1.278250,36.642012,13.92,17.71,56.0
662819,2023-12-18,16:54:34,2023-12-18,17:08:25,13.85,2.55,2.2,-1.278250,36.642012,-1.261745,36.641652,11.05,13.13,31.0
662819,2023-12-18,17:17:08,2023-12-18,17:33:04,15.93,4.17,3.28,-1.261465,36.642997,-1.245297,36.661993,15.71,19.78,59.0
662819,2023-12-18,17:46:30,2023-12-18,17:58:45,12.25,2.56,2.5,-1.245297,36.661993,-1.237670,36.675435,12.54,15.75,48.0
662819,2023-12-18,18:03:06,2023-12-18,18:18:53,15.78,3.71,4.67,-1.237670,36.675435,-1.257243,36.669788,14.11,20.04,60.0
662819,2023-12-18,18:21:55,2023-12-18,18:30:58,9.05,1.71,3.6,-1.257243,36.669788,-1.245472,36.661867,11.34,18.83,22.0
662819,2023-12-18,18:33:41,2023-12-18,19:02:44,29.05,8.76,5.82,-1.245472,36.661867,-1.260063,36.687433,18.09,22.63,60.0
662819,2023-12-18,19:04:51,2023-12-18,19:25:09,20.3,5.15,5.65,-1.260063,36.687433,-1.245202,36.661957,15.22,21.09,54.0
662819,2023-12-18,19:32:57,2023-12-18,19:43:47,10.83,1.93,2.72,-1.245202,36.661957,-1.256688,36.671072,10.69,14.28,21.0
662819,2023-12-18,19:45:58,2023-12-18,20:05:58,20.0,3.86,5.3,-1.256688,36.671072,-1.245382,36.661872,11.58,15.76,37.0
662819,2023-12-18,20:55:49,2023-12-18,21:11:21,15.53,3.47,6.93,-1.245292,36.661878,-1.245292,36.662012,13.41,24.21,35.0
662819,2023-12-18,21:20:31,2023-12-18,21:41:16,20.75,6.95,4.67,-1.245292,36.662012,,,20.1,25.93,53.0
662819,2023-12-19,07:41:34,2023-12-19,07:57:53,16.32,6.86,3.65,,,-1.245403,36.661872,25.22,32.49,56.0
662819,2023-12-19,08:09:39,2023-12-19,08:27:49,18.17,4.85,5.55,-1.245403,36.661872,-1.245437,36.661842,16.02,23.06,49.0
662819,2023-12-19,08:43:15,2023-12-19,08:48:14,4.98,0.32,3.38,-1.245437,36.661842,-1.243140,36.660278,3.86,12.0,32.0
662819,2023-12-19,08:57:06,2023-12-19,09:08:06,11.0,0.45,8.43,-1.243140,36.660278,-1.245527,36.661213,2.45,10.51,22.0
662819,2023-12-19,09:57:09,2023-12-19,10:04:56,7.78,1.42,3.23,-1.245388,36.661823,-1.238232,36.657438,10.95,18.73,32.0
662819,2023-12-19,10:08:41,2023-12-19,10:17:01,8.33,1.49,3.63,-1.238232,36.657438,-1.245402,36.661837,10.73,19.02,39.0
662819,2023-12-19,10:41:12,2023-12-19,10:47:34,6.37,0.5,3.83,-1.245402,36.661837,-1.242438,36.664958,4.71,11.81,26.0
662819,2023-12-19,10:48:44,2023-12-19,10:54:23,5.65,0.48,3.47,-1.242438,36.664958,-1.245252,36.661980,5.1,13.21,26.0
662819,2023-12-19,10:58:40,2023-12-19,11:21:33,22.88,8.69,3.0,-1.245252,36.661980,-1.209932,36.712382,22.79,26.23,55.0
662819,2023-12-19,11:23:47,2023-12-19,11:45:24,21.62,8.17,3.7,-1.209932,36.712382,-1.245228,36.661965,22.67,27.35,59.0
662819,2023-12-19,12:02:05,2023-12-19,12:11:19,9.23,1.17,4.13,-1.245228,36.661965,-1.245225,36.661910,7.61,13.76,27.0
662819,2023-12-19,12:36:25,2023-12-19,12:45:10,8.75,0.64,4.95,-1.245225,36.661910,-1.245423,36.661785,4.39,10.11,17.0
662819,2023-12-19,13:45:17,2023-12-19,13:59:54,14.62,5.39,3.68,-1.245423,36.661785,-1.281043,36.691277,22.12,29.56,55.0
662819,2023-12-19,14:03:12,2023-12-19,14:21:08,17.93,5.41,5.7,-1.281043,36.691277,-1.245410,36.661850,18.1,26.54,45.0
662819,2023-12-19,15:08:44,2023-12-19,15:14:00,5.27,0.39,2.7,-1.245367,36.661863,-1.245092,36.664317,4.44,9.11,22.0
662819,2023-12-19,15:25:22,2023-12-19,15:30:11,4.82,0.3,3.37,-1.245092,36.664317,-1.245217,36.661937,3.73,12.41,17.0
662819,2023-12-19,16:14:51,2023-12-19,16:19:51,5.0,0.49,2.2,-1.245053,36.661985,-1.241973,36.663462,5.88,10.5,41.0
662819,2023-12-19,16:23:19,2023-12-19,16:28:39,5.33,0.41,3.72,-1.241973,36.663462,-1.245282,36.661927,4.62,15.28,21.0
662819,2023-12-19,16:48:48,2023-12-19,17:00:26,11.63,2.76,5.4,-1.245415,36.661822,-1.239502,36.652202,14.24,26.58,55.0
662819,2023-12-19,17:15:27,2023-12-19,17:23:26,7.98,1.63,3.75,-1.239502,36.652202,-1.245445,36.661862,12.26,23.12,55.0
662819,2023-12-19,17:48:53,2023-12-19,18:07:19,18.43,3.18,5.72,-1.245445,36.661862,-1.257802,36.650012,10.35,15.01,36.0
662819,2023-12-19,18:12:32,2023-12-19,18:28:20,15.8,3.09,5.58,-1.257802,36.650012,-1.245420,36.661855,11.73,18.14,35.0
662819,2023-12-19,18:33:14,2023-12-19,18:47:24,14.17,2.7,2.28,-1.245420,36.661855,-1.231903,36.676848,11.43,13.62,22.0
662819,2023-12-19,18:47:40,2023-12-19,19:00:01,12.35,3.44,2.88,-1.231903,36.676848,-1.246670,36.686657,16.71,21.8,56.0
662819,2023-12-19,19:01:31,2023-12-19,19:19:50,18.32,4.23,3.57,-1.246670,36.686657,-1.245190,36.661943,13.85,17.21,53.0
662819,2023-12-19,19:30:10,2023-12-19,19:43:01,12.85,3.16,4.57,-1.245190,36.661943,-1.221723,36.671842,14.75,22.9,57.0
662819,2023-12-19,19:51:31,2023-12-19,20:05:07,13.6,3.72,3.1,-1.221497,36.671362,-1.247265,36.679172,16.41,21.26,57.0
662819,2023-12-19,20:05:32,2023-12-19,20:17:52,12.33,3.37,3.4,-1.247265,36.679172,-1.245217,36.661955,16.4,22.64,57.0
662819,2023-12-19,20:30:38,2023-12-19,20:45:52,15.23,2.61,4.58,-1.245380,36.661895,-1.235170,36.671602,10.28,14.7,30.0
662819,2023-12-19,20:48:31,2023-12-19,20:55:25,6.9,0.88,3.28,-1.235170,36.671602,-1.241385,36.666658,7.65,14.59,17.0
662819,2023-12-19,20:56:23,2023-12-19,21:05:03,8.67,1.4,3.05,-1.241385,36.666658,-1.245108,36.662010,9.69,14.95,28.0
662819,2023-12-19,21:05:58,2023-12-19,21:11:00,5.03,0.37,3.0,-1.245108,36.662010,-1.243338,36.660577,4.41,10.94,21.0
662819,2023-12-19,21:11:01,2023-12-19,21:39:02,28.02,8.61,5.22,-1.243338,36.660577,,,18.44,22.66,50.0
662819,2023-12-20,07:31:50,2023-12-20,07:48:38,16.8,6.77,3.55,,,-1.245420,36.661830,24.18,30.66,50.0
662819,2023-12-20,07:55:09,2023-12-20,08:03:55,8.77,0.96,3.22,-1.245420,36.661830,-1.245353,36.661847,6.57,10.38,29.0
662819,2023-12-20,08:06:59,2023-12-20,08:14:23,7.4,0.63,3.88,-1.245353,36.661847,-1.248367,36.664238,5.11,10.74,16.0
662819,2023-12-20,08:14:54,2023-12-20,08:21:25,6.52,0.64,3.65,-1.248367,36.664238,-1.245400,36.661827,5.89,13.38,30.0
662819,2023-12-20,08:50:57,2023-12-20,08:56:11,5.23,0.38,3.78,-1.245400,36.661827,-1.248675,36.661880,4.36,15.72,18.0
662819,2023-12-20,08:58:35,2023-12-20,09:03:45,5.17,0.36,3.65,-1.248675,36.661880,-1.245408,36.661872,4.18,14.21,16.0
662819,2023-12-20,09:25:30,2023-12-20,09:30:23,4.88,0.34,3.68,-1.245380,36.661875,-1.245413,36.661847,4.18,17.0,29.0
662819,2023-12-20,09:45:57,2023-12-20,09:51:29,5.53,0.54,2.95,-1.245413,36.661847,-1.242092,36.659230,5.86,12.56,17.0
662819,2023-12-20,09:56:00,2023-12-20,10:01:33,5.55,0.48,3.72,-1.242092,36.659230,-1.245428,36.661847,5.19,15.74,28.0
662819,2023-12-20,10:52:34,2023-12-20,10:57:39,5.08,0.32,3.52,-1.245290,36.661928,-1.243702,36.664307,3.78,12.31,20.0
662819,2023-12-20,11:02:11,2023-12-20,11:07:04,4.88,0.33,3.43,-1.243702,36.664307,-1.245252,36.661910,4.06,13.66,21.0
662819,2023-12-20,11:07:38,2023-12-20,11:12:29,4.85,0.35,3.28,-1.245252,36.661910,-1.245108,36.662015,4.33,13.38,20.0
662819,2023-12-20,11:30:52,2023-12-20,12:02:00,31.13,7.66,10.07,-1.245108,36.662015,-1.247315,36.661032,14.76,21.82,46.0
662819,2023-12-20,12:06:55,2023-12-20,12:32:00,25.08,6.17,6.58,-1.247315,36.661032,-1.245358,36.661848,14.76,20.01,46.0
662819,2023-12-20,13:21:59,2023-12-20,13:34:29,12.5,2.78,2.68,-1.245358,36.661848,-1.254785,36.650220,13.34,16.99,30.0
662819,2023-12-20,13:35:25,2023-12-20,13:49:52,14.45,2.74,3.8,-1.254785,36.650220,-1.245372,36.661865,11.38,15.44,38.0
662819,2023-12-20,16:00:00,2023-12-20,16:13:32,13.53,2.03,5.78,-1.245188,36.661943,-1.246008,36.662280,9.0,15.72,28.0
662819,2023-12-20,17:10:40,2023-12-20,17:18:21,7.68,1.7,3.25,-1.245557,36.661808,-1.239220,36.652142,13.28,23.02,40.0
662819,2023-12-20,17:22:08,2023-12-20,17:28:53,6.75,1.41,3.75,-1.239220,36.652142,-1.247140,36.660562,12.53,28.2,38.0
662819,2023-12-20,17:31:18,2023-12-20,17:36:30,5.2,0.3,3.72,-1.247140,36.660562,-1.245460,36.661848,3.46,12.16,21.0
662819,2023-12-20,17:40:33,2023-12-20,17:45:41,5.13,0.28,3.5,-1.245460,36.661848,-1.244662,36.664122,3.27,10.31,20.0
662819,2023-12-20,17:46:45,2023-12-20,17:51:27,4.7,0.35,2.78,-1.244662,36.664122,-1.245397,36.661892,4.47,10.94,21.0
662819,2023-12-20,18:06:37,2023-12-20,18:19:45,13.13,4.54,3.28,-1.245397,36.661892,-1.275757,36.685533,20.75,27.65,53.0
662819,2023-12-20,18:28:04,2023-12-20,18:40:48,12.73,4.57,3.65,-1.275757,36.685533,-1.245435,36.661888,21.54,30.2,55.0
662819,2023-12-20,18:50:51,2023-12-20,18:57:24,6.55,0.99,3.0,-1.245390,36.661905,-1.242290,36.657542,9.07,16.73,38.0
662819,2023-12-20,19:01:18,2023-12-20,19:08:45,7.45,0.95,3.78,-1.242290,36.657542,-1.245400,36.661907,7.65,15.53,28.0
662819,2023-12-20,20:41:24,2023-12-20,20:49:38,8.23,1.4,2.18,-1.245400,36.661907,-1.254330,36.668262,10.21,13.88,22.0
662819,2023-12-20,20:54:18,2023-12-20,21:02:49,8.52,1.4,3.32,-1.254330,36.668262,-1.245358,36.661878,9.86,16.15,33.0
662819,2023-12-20,21:07:21,2023-12-20,21:32:41,25.33,10.5,4.28,-1.245358,36.661878,-1.247612,36.661287,24.87,29.93,52.0
662819,2023-12-20,21:37:30,2023-12-20,21:54:52,17.37,6.76,2.7,-1.247612,36.661287,,,23.35,27.65,56.0
662819,2023-12-21,07:41:22,2023-12-21,08:02:13,20.85,7.12,5.7,,,-1.247435,36.660592,20.49,28.2,57.0
662819,2023-12-21,08:02:53,2023-12-21,08:29:41,26.8,6.55,9.03,-1.247435,36.660592,-1.245287,36.661922,14.66,22.12,57.0
662819,2023-12-21,08:45:46,2023-12-21,09:00:20,14.57,3.41,4.68,-1.245287,36.661922,-1.237328,36.686122,14.04,20.69,58.0
662819,2023-12-21,09:00:25,2023-12-21,09:16:52,16.45,3.32,5.52,-1.237328,36.686122,-1.245155,36.661980,12.11,18.23,53.0
662819,2023-12-21,09:49:43,2023-12-21,09:55:19,5.6,0.5,3.48,-1.245155,36.661980,-1.249383,36.662483,5.36,14.15,21.0
662819,2023-12-21,09:56:22,2023-12-21,10:02:15,5.88,0.52,3.32,-1.249383,36.662483,-1.245383,36.661840,5.31,12.19,19.0
662819,2023-12-21,10:03:42,2023-12-21,10:18:27,14.75,0.97,9.4,-1.245383,36.661840,-1.245397,36.661803,3.95,10.88,24.0
662819,2023-12-21,12:53:30,2023-12-21,13:01:08,7.63,0.97,4.88,-1.245408,36.661855,-1.245137,36.661947,7.63,21.16,23.0
662819,2023-12-21,14:30:11,2023-12-21,14:34:54,4.72,0.31,3.17,-1.245137,36.661947,-1.245008,36.662060,3.94,12.0,22.0
662819,2023-12-21,14:59:01,2023-12-21,15:33:04,34.05,8.24,7.7,-1.245008,36.662060,-1.242720,36.641330,14.52,18.76,44.0
662819,2023-12-21,15:49:56,2023-12-21,15:59:10,9.23,2.91,3.9,-1.242720,36.641330,-1.245448,36.661780,18.92,32.76,55.0
662819,2023-12-21,16:36:53,2023-12-21,16:58:37,21.73,4.7,6.17,-1.245548,36.661962,-1.245618,36.661813,12.98,18.12,53.0
662819,2023-12-21,18:06:50,2023-12-21,18:17:07,10.28,3.36,3.8,-1.245618,36.661813,-1.246268,36.640378,19.61,31.11,56.0
662819,2023-12-21,18:18:27,2023-12-21,18:40:52,22.42,5.93,6.73,-1.246268,36.640378,-1.245415,36.661895,15.87,22.68,53.0
662819,2023-12-21,18:57:04,2023-12-21,19:04:11,7.12,1.48,2.0,-1.245415,36.661895,-1.244693,36.651442,12.47,17.34,39.0
662819,2023-12-21,19:05:05,2023-12-21,19:14:23,9.3,1.47,3.72,-1.244693,36.651442,-1.245430,36.661870,9.48,15.81,31.0
662819,2023-12-21,19:15:43,2023-12-21,19:44:18,28.58,7.75,5.45,-1.245430,36.661870,-1.245163,36.661955,16.27,20.1,54.0
662819,2023-12-21,19:51:27,2023-12-21,20:00:31,9.07,1.2,3.93,-1.245163,36.661955,-1.247762,36.666262,7.94,14.01,30.0
662819,2023-12-21,20:01:31,2023-12-21,20:09:52,8.35,1.09,3.73,-1.247762,36.666262,-1.245362,36.661870,7.83,14.16,31.0
662819,2023-12-21,20:30:20,2023-12-21,20:40:12,9.87,1.44,3.75,-1.245362,36.661870,-1.246508,36.667632,8.75,14.12,22.0
662819,2023-12-21,20:46:33,2023-12-21,21:02:40,16.12,2.15,7.05,-1.246508,36.667632,-1.244262,36.662712,8.0,14.22,39.0
662819,2023-12-21,21:13:14,2023-12-21,21:34:49,21.58,8.26,2.9,-1.245268,36.661998,,,22.97,26.53,47.0
662983,2023-12-13,14:26:51,2023-12-13,14:33:18,6.45,2.54,0.0,,,-1.289120,36.827235,23.63,23.63,59.0
662983,2023-12-13,14:33:36,2023-12-13,14:35:31,1.92,0.5,0.33,-1.289120,36.827235,-1.286535,36.830493,15.63,18.87,34.0
662983,2023-12-13,15:12:27,2023-12-13,15:13:33,1.1,0.25,0.02,-1.286410,36.830538,-1.285552,36.832130,13.64,13.89,24.0
662983,2023-12-13,15:15:35,2023-12-13,15:17:18,1.72,0.42,0.17,-1.285552,36.832130,-1.281948,36.833260,14.65,16.26,17.0
662983,2023-12-13,15:21:41,2023-12-13,15:24:47,3.1,1.17,0.17,-1.281948,36.833260,-1.272132,36.836070,22.65,23.96,49.0
662983,2023-12-13,15:24:54,2023-12-13,15:51:37,26.72,20.94,0.35,-1.272132,36.836070,-1.148823,36.955615,47.02,47.65,63.0
662983,2023-12-13,15:57:30,2023-12-13,15:58:43,1.22,0.28,0.18,-1.148823,36.955615,-1.147918,36.954083,13.77,16.15,20.0
662983,2023-12-13,16:41:18,2023-12-13,16:43:32,2.23,0.65,0.2,-1.147348,36.954603,-1.148030,36.959225,17.49,19.21,36.0
662983,2023-12-13,16:53:56,2023-12-13,16:54:51,0.92,0.13,0.35,-1.146925,36.959543,-1.147133,36.958375,8.48,13.68,17.0
662983,2023-12-13,16:57:56,2023-12-13,17:02:59,5.05,1.71,0.15,-1.147920,36.959085,-1.153863,36.964332,20.32,20.94,42.0
662983,2023-12-13,17:07:31,2023-12-13,17:11:28,3.95,1.41,0.37,-1.153863,36.964332,-1.148820,36.960885,21.42,23.63,59.0
662983,2023-12-13,17:27:33,2023-12-13,17:30:09,2.6,0.7,0.15,-1.148200,36.959225,-1.147935,36.954095,16.15,17.14,24.0
662983,2023-12-13,17:39:14,2023-12-13,17:42:43,3.48,0.96,0.0,-1.148017,36.953612,-1.141473,36.957522,16.55,16.55,27.0
662983,2023-12-13,17:45:52,2023-12-13,17:48:57,3.08,0.96,0.08,-1.141473,36.957522,-1.147800,36.954013,18.7,19.2,30.0
662983,2023-12-13,17:59:19,2023-12-13,18:02:58,3.65,1.65,0.0,-1.147800,36.954013,-1.151543,36.941657,27.12,27.12,45.0
662983,2023-12-13,18:03:18,2023-12-13,18:04:44,1.43,0.34,0.0,-1.151543,36.941657,-1.153900,36.939908,14.27,14.27,17.0
662983,2023-12-13,18:05:03,2023-12-13,18:06:14,1.18,0.31,0.0,-1.153900,36.939908,-1.156493,36.939377,15.76,15.76,17.0
662983,2023-12-13,18:07:02,2023-12-13,18:08:09,1.12,0.19,0.38,-1.156493,36.939377,-1.154860,36.939550,10.18,15.41,19.0
662983,2023-12-13,18:13:04,2023-12-13,18:14:51,1.78,0.45,0.45,-1.154860,36.939550,-1.151130,36.938637,15.17,20.3,28.0
662983,2023-12-13,18:14:52,2023-12-13,18:18:34,3.7,1.57,0.63,-1.151130,36.938637,-1.149718,36.952465,25.46,30.68,57.0
662983,2023-12-13,18:21:33,2023-12-13,18:26:46,5.22,1.83,0.0,-1.149718,36.952465,-1.143357,36.966728,21.03,21.03,31.0
662983,2023-12-13,18:48:32,2023-12-13,18:49:44,1.2,0.23,0.22,-1.143625,36.969640,-1.142843,36.968212,11.5,14.08,18.0
662983,2023-12-13,18:51:47,2023-12-13,18:52:49,1.03,0.26,0.0,-1.142843,36.968212,-1.143838,36.966198,15.15,15.15,17.0
662983,2023-12-13,18:52:50,2023-12-13,18:57:14,4.4,1.69,0.42,-1.143838,36.966198,-1.147940,36.954122,23.05,25.48,40.0
662983,2023-12-13,20:55:02,2023-12-13,20:58:59,3.95,1.84,0.33,-1.147367,36.954628,-1.151155,36.961862,27.95,30.5,48.0
662983,2023-12-13,21:00:58,2023-12-13,21:04:19,3.35,1.08,0.82,-1.151155,36.961862,-1.143555,36.966417,19.34,25.61,46.0
662983,2023-12-13,21:04:36,2023-12-13,21:07:39,3.05,1.03,0.5,-1.143555,36.966417,-1.148582,36.959367,20.26,24.24,31.0
662983,2023-12-13,21:09:30,2023-12-13,21:13:57,4.45,1.64,0.07,-1.148582,36.959367,-1.151938,36.947823,22.11,22.47,41.0
662983,2023-12-13,21:28:50,2023-12-13,21:33:12,4.37,1.48,0.0,-1.151938,36.947823,-1.147858,36.959133,20.32,20.32,29.0
662983,2023-12-13,21:43:31,2023-12-13,21:47:23,3.87,1.07,0.0,-1.146967,36.959448,-1.147572,36.954033,16.59,16.59,22.0
662983,2023-12-13,21:47:28,2023-12-13,21:50:56,3.47,1.13,0.23,-1.147572,36.954033,-1.151930,36.947820,19.54,20.93,34.0
662983,2023-12-13,21:56:59,2023-12-13,21:58:17,1.3,0.25,0.5,-1.151930,36.947820,-1.149770,36.948263,11.54,18.75,21.0
662983,2023-12-13,21:58:32,2023-12-13,22:01:18,2.77,0.81,0.33,-1.149770,36.948263,-1.156180,36.947460,17.55,19.92,28.0
662983,2023-12-13,22:02:09,2023-12-13,22:08:01,5.87,2.09,0.0,-1.156180,36.947460,-1.147850,36.959388,21.36,21.36,33.0
662983,2023-12-13,22:14:57,2023-12-13,22:17:13,2.27,0.73,0.28,-1.147023,36.959348,,,19.3,22.01,40.0
662983,2023-12-14,06:00:35,2023-12-14,06:04:05,3.5,1.12,0.22,,,-1.149168,36.962048,19.2,20.49,32.0
662983,2023-12-14,06:04:28,2023-12-14,06:06:25,1.95,0.55,0.0,-1.149168,36.962048,-1.146953,36.959170,16.92,16.92,27.0
662983,2023-12-14,06:06:38,2023-12-14,06:09:37,2.98,0.81,0.48,-1.146953,36.959170,-1.147918,36.954053,16.31,19.44,27.0
662983,2023-12-14,06:29:00,2023-12-14,06:36:48,7.8,3.44,0.25,-1.147915,36.953653,-1.164478,36.959660,26.46,27.34,39.0
662983,2023-12-14,06:38:12,2023-12-14,06:45:58,7.77,4.64,0.4,-1.164478,36.959660,-1.133233,36.974333,35.83,37.77,60.0
662983,2023-12-14,06:46:32,2023-12-14,06:52:43,6.18,3.19,0.43,-1.133233,36.974333,-1.147902,36.954118,30.97,33.29,59.0
662983,2023-12-14,07:27:08,2023-12-14,07:29:39,2.52,0.86,0.48,-1.147902,36.954118,-1.148018,36.960672,20.48,25.29,33.0
662983,2023-12-14,07:30:06,2023-12-14,07:31:07,1.02,0.19,0.13,-1.148018,36.960672,-1.146900,36.959713,11.18,12.81,23.0
662983,2023-12-14,07:32:10,2023-12-14,07:33:24,1.23,0.32,0.0,-1.146900,36.959713,-1.148715,36.958108,15.61,15.61,18.0
662983,2023-12-14,07:33:25,2023-12-14,07:35:34,2.15,0.56,0.32,-1.148715,36.958108,-1.147932,36.954063,15.63,18.36,26.0
662983,2023-12-14,07:38:59,2023-12-14,07:41:17,2.3,0.7,0.07,-1.148165,36.953237,-1.147992,36.958672,18.26,18.83,27.0
662983,2023-12-14,07:43:09,2023-12-14,07:46:24,3.25,1.16,0.0,-1.147992,36.958672,-1.143110,36.966860,21.42,21.42,30.0
662983,2023-12-14,07:46:32,2023-12-14,07:48:20,1.8,0.41,0.07,-1.143110,36.966860,-1.140153,36.968998,13.67,14.22,18.0
662983,2023-12-14,07:48:49,2023-12-14,07:50:05,1.27,0.29,0.0,-1.140153,36.968998,-1.138737,36.970393,13.7,13.7,19.0
662983,2023-12-14,07:53:42,2023-12-14,07:59:06,5.4,2.24,0.43,-1.138737,36.970393,-1.148915,36.956937,24.89,27.04,37.0
662983,2023-12-14,08:06:27,2023-12-14,08:08:21,1.9,0.48,0.0,-1.148915,36.956937,-1.147408,36.953980,15.16,15.16,23.0
662983,2023-12-14,08:42:27,2023-12-14,08:48:47,6.33,2.3,0.38,-1.147365,36.954560,-1.151238,36.966368,21.8,23.19,39.0
662983,2023-12-14,09:01:07,2023-12-14,09:07:03,5.93,2.35,0.3,-1.151238,36.966368,-1.147507,36.954685,23.78,25.04,50.0
662983,2023-12-14,12:24:44,2023-12-14,12:30:10,5.43,1.71,0.0,-1.147832,36.954000,-1.157113,36.946173,18.9,18.9,28.0
662983,2023-12-14,12:40:44,2023-12-14,12:46:11,5.45,1.78,0.17,-1.157113,36.946173,-1.147467,36.954660,19.6,20.23,39.0
662983,2023-12-14,14:07:24,2023-12-14,14:13:46,6.37,2.25,0.0,-1.147927,36.954148,-1.160758,36.944683,21.19,21.19,40.0
662983,2023-12-14,14:13:47,2023-12-14,14:16:29,2.7,0.92,0.0,-1.160758,36.944683,-1.160155,36.940713,20.44,20.44,41.0
662983,2023-12-14,14:25:26,2023-12-14,14:32:20,6.9,2.57,0.27,-1.160155,36.940713,-1.147938,36.954015,22.35,23.26,39.0
662983,2023-12-14,14:33:28,2023-12-14,14:36:11,2.72,1.1,0.0,-1.147938,36.954015,-1.154212,36.959653,24.26,24.26,39.0
662983,2023-12-14,14:37:43,2023-12-14,14:40:24,2.68,1.13,0.3,-1.154212,36.959653,-1.147947,36.953932,25.3,28.49,48.0
662983,2023-12-14,14:42:42,2023-12-14,14:45:35,2.88,0.9,0.02,-1.147947,36.953932,-1.147980,36.960983,18.75,18.88,26.0
662983,2023-12-14,14:45:37,2023-12-14,14:49:41,4.07,1.39,0.0,-1.147980,36.960983,-1.152940,36.964553,20.49,20.49,38.0
662983,2023-12-14,14:53:51,2023-12-14,14:57:33,3.7,1.22,0.18,-1.152940,36.964553,-1.146848,36.961962,19.78,20.8,49.0
662983,2023-12-14,15:11:06,2023-12-14,15:13:56,2.83,0.95,0.15,-1.147075,36.960937,-1.147850,36.954420,20.14,21.27,39.0
662983,2023-12-14,15:17:53,2023-12-14,15:22:22,4.48,1.61,0.4,-1.147850,36.954420,-1.149907,36.962313,21.56,23.68,35.0
662983,2023-12-14,15:22:30,2023-12-14,15:23:30,1.0,0.15,0.48,-1.149907,36.962313,-1.151165,36.961915,9.0,17.31,25.0
662983,2023-12-14,15:23:53,2023-12-14,15:28:08,4.25,1.7,0.43,-1.151165,36.961915,-1.147953,36.955460,24.0,26.7,43.0
662983,2023-12-14,16:23:23,2023-12-14,16:25:09,1.77,0.41,0.27,-1.147442,36.954627,-1.147985,36.954028,13.9,16.4,29.0
662983,2023-12-14,16:29:30,2023-12-14,16:31:22,1.87,0.52,0.0,-1.147985,36.954028,-1.147128,36.950033,16.68,16.68,26.0
662983,2023-12-14,16:33:59,2023-12-14,16:35:42,1.72,0.5,0.0,-1.147128,36.950033,-1.147733,36.954018,17.44,17.44,35.0
662983,2023-12-14,16:39:48,2023-12-14,16:42:51,3.05,0.78,0.37,-1.147930,36.954013,-1.148225,36.959935,15.34,17.46,23.0
662983,2023-12-14,16:43:09,2023-12-14,16:44:14,1.08,0.18,0.45,-1.148225,36.959935,-1.147673,36.961395,10.0,17.14,20.0
662983,2023-12-14,16:45:46,2023-12-14,16:48:15,2.48,0.65,0.48,-1.147673,36.961395,-1.149000,36.956445,15.73,19.5,24.0
662983,2023-12-14,16:54:46,2023-12-14,16:56:15,1.48,0.3,0.37,-1.149000,36.956445,-1.147950,36.954102,12.16,16.22,22.0
662983,2023-12-14,17:24:07,2023-12-14,17:25:15,1.13,0.28,0.0,-1.147950,36.954102,-1.146862,36.955962,14.87,14.87,17.0
662983,2023-12-14,19:22:20,2023-12-14,19:24:09,1.82,0.54,0.0,-1.148895,36.953352,-1.150677,36.951760,17.8,17.8,28.0
662983,2023-12-14,19:24:22,2023-12-14,19:26:26,2.07,0.61,0.0,-1.150677,36.951760,-1.155295,36.948983,17.68,17.68,26.0
662983,2023-12-14,19:28:55,2023-12-14,19:30:35,1.67,0.37,0.37,-1.155295,36.948983,-1.152613,36.950738,13.29,17.08,19.0
662983,2023-12-14,21:07:06,2023-12-14,21:13:22,6.27,2.32,0.17,-1.151527,36.946710,-1.146967,36.959445,22.2,22.82,47.0
662983,2023-12-14,21:23:19,2023-12-14,21:26:17,2.97,0.95,0.62,-1.147148,36.959130,,,19.19,24.26,40.0
662983,2023-12-15,06:25:40,2023-12-15,06:28:42,3.03,0.97,0.4,,,-1.147172,36.962275,19.21,22.13,31.0
662983,2023-12-15,06:28:54,2023-12-15,06:31:53,2.98,0.96,0.17,-1.147172,36.962275,-1.141430,36.968175,19.33,20.5,38.0
662983,2023-12-15,06:32:22,2023-12-15,06:34:33,2.18,0.56,0.35,-1.141430,36.968175,-1.137907,36.971693,15.41,18.36,22.0
662983,2023-12-15,06:36:15,2023-12-15,06:37:56,1.68,0.47,0.0,-1.137907,36.971693,-1.140138,36.969062,16.79,16.79,20.0
662983,2023-12-15,06:37:57,2023-12-15,06:43:42,5.75,2.67,0.12,-1.140138,36.969062,-1.154855,36.959918,27.86,28.45,54.0
662983,2023-12-15,06:45:17,2023-12-15,06:48:11,2.9,1.17,0.47,-1.154855,36.959918,-1.147027,36.958888,24.21,28.89,57.0
662983,2023-12-15,06:49:31,2023-12-15,06:51:55,2.4,0.76,0.45,-1.147027,36.958888,-1.147865,36.954147,19.0,23.38,37.0
662983,2023-12-15,07:25:28,2023-12-15,07:28:21,2.88,1.0,0.0,-1.147967,36.953788,-1.147055,36.960933,20.83,20.83,30.0
662983,2023-12-15,07:51:39,2023-12-15,07:54:15,2.6,1.1,0.17,-1.147003,36.961653,-1.148052,36.953705,25.38,27.16,47.0
662983,2023-12-15,07:58:16,2023-12-15,08:01:10,2.9,0.94,0.42,-1.148052,36.953705,-1.147433,36.960270,19.45,22.74,45.0
662983,2023-12-15,08:06:28,2023-12-15,08:10:59,4.52,1.35,0.45,-1.147433,36.960270,-1.143673,36.969677,17.92,19.9,36.0
662983,2023-12-15,08:13:12,2023-12-15,08:19:09,5.95,2.21,0.45,-1.143673,36.969677,-1.147915,36.954092,22.29,24.11,39.0
662983,2023-12-15,08:30:26,2023-12-15,08:37:55,7.48,3.16,0.17,-1.147930,36.953133,-1.132910,36.973912,25.35,25.94,43.0
662983,2023-12-15,08:44:05,2023-12-15,08:47:47,3.7,1.94,0.47,-1.132910,36.973912,-1.146602,36.963685,31.46,36.04,58.0
662983,2023-12-15,08:47:48,2023-12-15,08:51:22,3.57,1.25,0.4,-1.146602,36.963685,-1.147903,36.954087,21.01,23.66,34.0
662983,2023-12-15,08:56:47,2023-12-15,09:00:37,3.83,1.15,0.22,-1.147903,36.954087,-1.141292,36.957287,18.02,19.11,29.0
662983,2023-12-15,09:02:00,2023-12-15,09:05:24,3.4,1.12,0.43,-1.141292,36.957287,-1.147967,36.954100,19.76,22.63,37.0
662983,2023-12-15,09:21:36,2023-12-15,09:28:08,6.53,2.55,0.0,-1.147853,36.953925,-1.157360,36.960430,23.43,23.43,36.0
662983,2023-12-15,09:33:40,2023-12-15,09:40:14,6.57,2.54,0.42,-1.157360,36.960430,-1.147718,36.955008,23.2,24.78,40.0
662983,2023-12-15,09:45:53,2023-12-15,09:48:25,2.53,1.06,0.0,-1.147718,36.955008,-1.154467,36.959570,25.14,25.14,51.0
662983,2023-12-15,09:48:35,2023-12-15,09:50:30,1.92,0.53,0.0,-1.154467,36.959570,-1.158945,36.958248,16.56,16.56,23.0
662983,2023-12-15,09:51:24,2023-12-15,09:55:41,4.28,1.69,0.45,-1.158945,36.958248,-1.147900,36.954033,23.69,26.48,54.0
662983,2023-12-15,10:01:24,2023-12-15,10:03:52,2.47,0.63,0.3,-1.147900,36.954033,-1.151215,36.958143,15.3,17.42,27.0
662983,2023-12-15,10:05:14,2023-12-15,10:07:25,2.18,0.72,0.48,-1.151215,36.958143,-1.147897,36.954023,19.82,25.41,35.0
662983,2023-12-15,10:10:45,2023-12-15,10:15:35,4.83,1.68,0.17,-1.147897,36.954023,-1.143348,36.966565,20.87,21.63,28.0
662983,2023-12-15,10:15:36,2023-12-15,10:17:52,2.27,0.64,0.0,-1.143348,36.966565,-1.141033,36.970528,16.92,16.92,30.0
662983,2023-12-15,10:20:00,2023-12-15,10:24:25,4.42,1.82,0.32,-1.141033,36.970528,-1.148598,36.958368,24.71,26.63,41.0
662983,2023-12-15,10:31:48,2023-12-15,10:33:36,1.8,0.56,0.02,-1.148598,36.958368,-1.147370,36.954610,18.67,18.88,25.0
662983,2023-12-15,10:49:27,2023-12-15,10:52:06,2.65,0.78,0.0,-1.147837,36.954053,-1.148100,36.960403,17.66,17.66,31.0
662983,2023-12-15,10:52:07,2023-12-15,10:57:16,5.15,1.81,0.0,-1.148100,36.960403,-1.151335,36.968695,21.09,21.09,30.0
662983,2023-12-15,10:59:51,2023-12-15,11:01:13,1.37,0.27,0.47,-1.151335,36.968695,-1.151223,36.966418,11.82,18.0,18.0
662983,2023-12-15,11:02:56,2023-12-15,11:07:54,4.97,1.69,0.45,-1.151223,36.966418,-1.148627,36.959293,20.4,22.43,33.0
662983,2023-12-15,11:13:17,2023-12-15,11:15:23,2.1,0.62,0.0,-1.148627,36.959293,-1.147823,36.954773,17.71,17.71,26.0
662983,2023-12-15,11:34:04,2023-12-15,11:38:48,4.73,1.78,0.3,-1.148003,36.953628,-1.160060,36.958493,22.58,24.11,41.0
662983,2023-12-15,11:38:58,2023-12-15,11:45:20,6.37,3.12,0.03,-1.160060,36.958493,-1.173405,36.977715,29.39,29.53,50.0
662983,2023-12-15,11:57:46,2023-12-15,12:03:25,5.65,2.5,0.48,-1.171060,36.978432,-1.165397,36.958718,26.55,29.01,41.0
662983,2023-12-15,12:03:40,2023-12-15,12:09:44,6.07,2.61,0.45,-1.165397,36.958718,-1.147927,36.954080,25.8,27.86,59.0
662983,2023-12-15,12:28:44,2023-12-15,12:34:29,5.75,1.79,0.23,-1.147892,36.953145,-1.143900,36.966543,18.68,19.46,28.0
662983,2023-12-15,12:34:50,2023-12-15,12:35:53,1.05,0.2,0.25,-1.143900,36.966543,-1.142473,36.967593,11.43,15.0,17.0
662983,2023-12-15,13:15:12,2023-12-15,13:16:12,1.0,0.18,0.32,-1.143482,36.968527,-1.143457,36.968557,10.8,15.88,29.0
662983,2023-12-15,13:17:42,2023-12-15,13:21:39,3.95,1.67,0.45,-1.143457,36.968557,-1.148930,36.956885,25.37,28.63,48.0
662983,2023-12-15,13:21:40,2023-12-15,13:23:45,2.08,0.91,0.37,-1.148930,36.956885,-1.154883,36.959850,26.25,31.93,57.0
662983,2023-12-15,13:24:36,2023-12-15,13:31:41,7.08,2.6,0.0,-1.154883,36.959850,-1.140417,36.969500,22.03,22.03,32.0
662983,2023-12-15,13:40:02,2023-12-15,13:43:40,3.63,1.68,0.23,-1.140417,36.969500,-1.146528,36.964115,27.77,29.65,54.0
662983,2023-12-15,13:47:26,2023-12-15,13:50:01,2.58,0.86,0.47,-1.146528,36.964115,-1.148918,36.956953,20.0,24.45,39.0
662983,2023-12-15,13:53:32,2023-12-15,13:55:14,1.7,0.4,0.35,-1.148918,36.956953,-1.147877,36.954097,14.12,17.78,31.0
662983,2023-12-15,13:59:31,2023-12-15,14:02:23,2.87,0.97,0.0,-1.147877,36.954097,-1.145772,36.959378,20.28,20.28,35.0
662983,2023-12-15,14:02:49,2023-12-15,14:06:06,3.28,0.85,0.77,-1.145772,36.959378,-1.147757,36.955438,15.55,20.32,34.0
662983,2023-12-15,14:06:12,2023-12-15,14:09:00,2.8,1.01,0.0,-1.147757,36.955438,-1.149220,36.962010,21.64,21.64,37.0
662983,2023-12-15,14:13:09,2023-12-15,14:16:24,3.25,1.05,0.45,-1.149220,36.962010,-1.147857,36.954158,19.38,22.5,37.0
662983,2023-12-15,16:22:59,2023-12-15,16:24:17,1.3,0.33,0.0,-1.147833,36.953990,-1.148898,36.956577,15.23,15.23,18.0
662983,2023-12-15,16:24:47,2023-12-15,16:26:03,1.27,0.32,0.0,-1.148898,36.956577,-1.148053,36.959213,15.12,15.12,24.0
662983,2023-12-15,16:37:54,2023-12-15,16:40:27,2.55,0.64,0.28,-1.148237,36.959243,-1.147745,36.954520,15.06,16.92,21.0
662983,2023-12-15,16:58:12,2023-12-15,17:00:08,1.93,0.61,0.03,-1.147907,36.954142,-1.148007,36.958693,18.96,19.26,28.0
662983,2023-12-15,17:03:13,2023-12-15,17:05:40,2.45,0.64,0.37,-1.148007,36.958693,-1.147922,36.954157,15.67,18.46,25.0
662983,2023-12-15,17:09:56,2023-12-15,17:17:59,8.05,2.74,0.0,-1.147922,36.954157,-1.151598,36.969758,20.42,20.42,46.0
662983,2023-12-15,17:20:52,2023-12-15,17:28:59,8.12,3.44,0.43,-1.151598,36.969758,-1.147923,36.954040,25.42,26.84,59.0
662983,2023-12-15,17:36:58,2023-12-15,17:39:06,2.13,0.62,0.0,-1.147923,36.954040,-1.147670,36.958288,17.46,17.46,22.0
662983,2023-12-15,17:42:11,2023-12-15,17:44:34,2.38,0.64,0.4,-1.147670,36.958288,-1.147928,36.954047,16.13,19.39,32.0
662983,2023-12-15,17:53:57,2023-12-15,17:56:33,2.6,0.72,0.2,-1.147928,36.954047,-1.148112,36.959222,16.62,18.0,25.0
662983,2023-12-15,18:16:31,2023-12-15,18:18:34,2.05,0.69,0.42,-1.147937,36.958947,-1.147902,36.954058,20.2,25.4,47.0
662983,2023-12-15,18:21:16,2023-12-15,18:24:00,2.73,0.75,0.42,-1.147902,36.954058,-1.143597,36.957732,16.48,19.48,29.0
662983,2023-12-15,18:25:38,2023-12-15,18:27:12,1.57,0.44,0.0,-1.143597,36.957732,-1.147075,36.958532,16.82,16.82,22.0
662983,2023-12-15,18:34:54,2023-12-15,18:38:08,3.23,0.97,0.2,-1.147202,36.959147,-1.146630,36.955260,18.02,19.21,33.0
662983,2023-12-15,18:50:36,2023-12-15,18:54:29,3.88,1.2,0.1,-1.148152,36.953717,-1.146843,36.959410,18.56,19.05,40.0
662983,2023-12-15,18:58:57,2023-12-15,19:02:01,3.07,0.84,0.58,-1.147857,36.959375,-1.147343,36.954652,16.42,20.24,30.0
662983,2023-12-15,19:17:36,2023-12-15,19:22:56,5.33,1.53,0.4,-1.147343,36.954652,-1.155112,36.946592,17.22,18.62,29.0
662983,2023-12-15,20:03:32,2023-12-15,20:07:32,4.0,1.67,0.25,-1.151477,36.946658,-1.147025,36.959102,25.05,26.72,49.0
662983,2023-12-15,20:15:59,2023-12-15,20:18:27,2.47,0.69,0.17,-1.147025,36.959102,-1.147808,36.954735,16.76,18.0,25.0
662983,2023-12-15,20:27:59,2023-12-15,20:31:00,3.02,0.89,0.37,-1.147808,36.954735,-1.150698,36.948022,17.68,20.15,33.0
662983,2023-12-15,20:32:53,2023-12-15,20:34:34,1.68,0.46,0.37,-1.150698,36.948022,-1.149757,36.951482,16.43,21.07,28.0
662983,2023-12-15,20:38:48,2023-12-15,20:39:53,1.08,0.18,0.35,-1.149757,36.951482,-1.149462,36.953078,10.0,14.79,21.0
662983,2023-12-15,20:45:50,2023-12-15,20:51:35,5.75,2.42,0.02,-1.149462,36.953078,-1.152838,36.932723,25.25,25.34,36.0
662983,2023-12-15,21:11:20,2023-12-15,21:21:26,10.1,3.78,0.52,-1.152747,36.931868,-1.142053,36.958158,22.46,23.67,42.0
662983,2023-12-15,21:21:45,2023-12-15,21:23:35,1.83,0.66,0.0,-1.142053,36.958158,-1.146912,36.959510,21.64,21.64,46.0
662983,2023-12-15,21:33:33,2023-12-15,21:36:33,3.0,0.96,0.18,-1.146912,36.959510,,,19.2,20.43,31.0
662983,2023-12-16,06:04:31,2023-12-16,06:07:14,2.72,0.9,0.38,,,-1.146693,36.960208,19.85,23.08,32.0
662983,2023-12-16,06:10:27,2023-12-16,06:13:15,2.8,0.86,0.2,-1.146693,36.960208,-1.147695,36.954845,18.43,19.85,32.0
662983,2023-12-16,06:13:27,2023-12-16,06:15:02,1.58,0.36,0.4,-1.147695,36.954845,-1.149407,36.957040,13.67,18.31,24.0
662983,2023-12-16,06:15:28,2023-12-16,06:17:17,1.82,0.45,0.42,-1.149407,36.957040,-1.147912,36.954052,14.84,19.29,30.0
662983,2023-12-16,06:20:53,2023-12-16,06:22:27,1.57,0.45,0.0,-1.147912,36.954052,-1.145198,36.955602,17.2,17.2,19.0
662983,2023-12-16,06:23:15,2023-12-16,06:24:34,1.32,0.26,0.35,-1.145198,36.955602,-1.145575,36.957577,11.82,16.08,18.0
662983,2023-12-16,06:25:23,2023-12-16,06:27:34,2.18,0.66,0.0,-1.145575,36.957577,-1.147818,36.954048,18.17,18.17,26.0
662983,2023-12-16,06:37:37,2023-12-16,06:42:14,4.62,2.12,0.0,-1.147980,36.954017,-1.151670,36.937513,27.53,27.53,34.0
662983,2023-12-16,06:48:12,2023-12-16,06:52:02,3.83,1.6,0.42,-1.151670,36.937513,-1.149940,36.951388,25.07,28.15,40.0
662983,2023-12-16,06:52:16,2023-12-16,06:58:48,6.53,2.7,0.0,-1.149940,36.951388,-1.165412,36.957972,24.81,24.81,50.0
662983,2023-12-16,06:59:54,2023-12-16,07:06:04,6.17,2.5,0.77,-1.165412,36.957972,-1.147912,36.954170,24.31,27.78,43.0
662983,2023-12-16,07:10:27,2023-12-16,07:11:49,1.37,0.36,0.0,-1.147912,36.954170,-1.145292,36.955325,15.77,15.77,21.0
662983,2023-12-16,07:14:15,2023-12-16,07:17:34,3.32,1.04,0.07,-1.145292,36.955325,-1.147377,36.954625,18.8,19.2,29.0
662983,2023-12-16,07:28:32,2023-12-16,07:30:40,2.13,0.83,0.42,-1.147945,36.954055,-1.147963,36.960765,23.38,29.12,42.0
662983,2023-12-16,07:30:41,2023-12-16,07:33:08,2.45,0.9,0.17,-1.147963,36.960765,-1.148002,36.953812,22.04,23.68,47.0
662983,2023-12-16,07:36:18,2023-12-16,07:39:03,2.75,0.98,0.0,-1.148002,36.953812,-1.147152,36.960830,21.38,21.38,34.0
662983,2023-12-16,07:48:00,2023-12-16,07:49:31,1.52,0.36,0.48,-1.146953,36.960993,-1.148787,36.958528,14.21,20.77,44.0
662983,2023-12-16,07:49:48,2023-12-16,07:52:05,2.28,0.6,0.37,-1.148787,36.958528,-1.147940,36.954103,15.79,18.85,30.0
662983,2023-12-16,07:57:57,2023-12-16,08:00:52,2.92,0.88,0.48,-1.148090,36.953422,-1.147503,36.960288,18.08,21.64,28.0
662983,2023-12-16,08:02:57,2023-12-16,08:05:27,2.5,0.93,0.0,-1.147503,36.960288,-1.143315,36.966780,22.32,22.32,39.0
662983,2023-12-16,08:06:01,2023-12-16,08:07:25,1.4,0.33,0.15,-1.143315,36.966780,-1.143622,36.969587,14.14,15.84,21.0
662983,2023-12-16,08:15:41,2023-12-16,08:19:02,3.35,1.23,0.0,-1.143622,36.969587,-1.147183,36.961497,22.03,22.03,42.0
662983,2023-12-16,08:22:53,2023-12-16,08:25:39,2.77,0.89,0.45,-1.147580,36.960617,-1.147905,36.954078,19.28,23.02,31.0
662983,2023-12-16,08:40:40,2023-12-16,08:47:18,6.63,2.36,0.43,-1.147905,36.954078,-1.151237,36.966343,21.36,22.84,30.0
662983,2023-12-16,08:49:45,2023-12-16,09:02:12,12.45,6.36,0.0,-1.151237,36.966343,-1.153760,36.919407,30.65,30.65,55.0
662983,2023-12-16,09:08:38,2023-12-16,09:16:39,8.02,3.86,0.48,-1.153760,36.919407,-1.149792,36.952163,28.88,30.72,40.0
662983,2023-12-16,09:20:44,2023-12-16,09:24:45,4.02,1.54,0.6,-1.149792,36.952163,-1.147837,36.960395,22.99,27.02,42.0
662983,2023-12-16,09:26:39,2023-12-16,09:29:16,2.62,0.84,0.47,-1.147837,36.960395,-1.147948,36.954145,19.24,23.44,40.0
662983,2023-12-16,09:33:40,2023-12-16,09:35:19,1.65,0.46,0.0,-1.147858,36.953357,-1.146133,36.950607,16.73,16.73,25.0
662983,2023-12-16,09:37:45,2023-12-16,09:39:28,1.72,0.53,0.0,-1.146133,36.950607,-1.147860,36.954027,18.49,18.49,28.0
662983,2023-12-16,09:50:29,2023-12-16,09:53:30,3.02,1.01,0.12,-1.147935,36.954012,-1.146915,36.961953,20.07,20.9,42.0
662983,2023-12-16,09:54:49,2023-12-16,09:58:14,3.42,1.08,0.37,-1.146915,36.961953,-1.147957,36.954003,18.95,21.25,27.0
662983,2023-12-16,10:10:55,2023-12-16,10:14:14,3.32,0.96,0.35,-1.147823,36.953348,-1.146887,36.960163,17.35,19.39,26.0
662983,2023-12-16,10:20:04,2023-12-16,10:21:19,1.25,0.28,0.13,-1.146887,36.960163,-1.146532,36.957965,13.44,15.0,20.0
662983,2023-12-16,10:25:24,2023-12-16,10:27:25,2.02,0.39,0.8,-1.146532,36.957965,-1.144020,36.956282,11.58,19.18,42.0
662983,2023-12-16,10:34:54,2023-12-16,10:36:45,1.85,0.57,0.0,-1.144020,36.956282,-1.147507,36.954687,18.49,18.49,35.0
662983,2023-12-16,10:56:04,2023-12-16,10:58:23,2.32,0.62,0.0,-1.147887,36.954048,-1.147965,36.958877,16.03,16.03,21.0
662983,2023-12-16,11:08:31,2023-12-16,11:09:44,1.22,0.24,0.15,-1.148198,36.959250,-1.148818,36.957208,11.8,13.46,23.0
662983,2023-12-16,11:09:49,2023-12-16,11:11:58,2.15,0.46,0.45,-1.148818,36.957208,-1.147925,36.954067,12.84,16.24,26.0
662983,2023-12-16,11:32:46,2023-12-16,11:35:28,2.7,0.74,0.02,-1.147925,36.954067,-1.147838,36.959765,16.44,16.57,26.0
662983,2023-12-16,11:39:26,2023-12-16,11:42:24,2.97,0.78,0.45,-1.147838,36.959765,-1.147923,36.954102,15.76,18.57,36.0
662983,2023-12-16,11:48:28,2023-12-16,11:49:52,1.4,0.35,0.0,-1.147923,36.954102,-1.148917,36.956257,15.0,15.0,18.0
662983,2023-12-16,11:49:58,2023-12-16,11:51:35,1.62,0.38,0.22,-1.148917,36.956257,-1.148660,36.959165,14.07,16.29,20.0
662983,2023-12-16,11:51:36,2023-12-16,11:52:36,1.0,0.2,0.3,-1.148660,36.959165,-1.148830,36.957402,12.0,17.14,20.0
662983,2023-12-16,11:52:37,2023-12-16,11:54:05,1.47,0.41,0.0,-1.148830,36.957402,-1.147820,36.954730,16.73,16.73,30.0
662983,2023-12-16,12:11:53,2023-12-16,12:13:46,1.88,0.52,0.18,-1.147923,36.954112,-1.150420,36.951488,16.6,18.35,29.0
662983,2023-12-16,12:21:47,2023-12-16,12:26:20,4.55,1.19,0.48,-1.150420,36.951488,-1.150597,36.954192,15.69,17.54,21.0
662983,2023-12-16,12:29:24,2023-12-16,12:30:50,1.43,0.3,0.38,-1.150597,36.954192,-1.148087,36.954057,12.59,17.14,22.0
662983,2023-12-16,12:33:14,2023-12-16,12:35:19,2.08,0.6,0.0,-1.148087,36.954057,-1.143417,36.955273,17.31,17.31,28.0
662983,2023-12-16,12:41:19,2023-12-16,12:43:11,1.87,0.57,0.0,-1.143417,36.955273,-1.147432,36.954008,18.29,18.29,42.0
662983,2023-12-16,12:58:10,2023-12-16,13:02:54,4.73,1.6,0.13,-1.147817,36.953978,-1.144115,36.966438,20.3,20.87,32.0
662983,2023-12-16,13:03:08,2023-12-16,13:04:23,1.25,0.3,0.0,-1.144115,36.966438,-1.142568,36.968022,14.4,14.4,17.0
662983,2023-12-16,13:05:10,2023-12-16,13:07:17,2.12,0.61,0.0,-1.142568,36.968022,-1.147493,36.966778,17.26,17.26,20.0
662983,2023-12-16,13:10:29,2023-12-16,13:11:28,0.98,0.25,0.0,-1.146648,36.966458,-1.144807,36.967665,15.31,15.31,23.0
662983,2023-12-16,13:11:40,2023-12-16,13:18:19,6.65,2.17,0.0,-1.144807,36.967665,-1.147568,36.954670,19.58,19.58,43.0
662983,2023-12-16,13:57:30,2023-12-16,13:59:47,2.28,0.62,0.0,-1.147878,36.953973,-1.144422,36.957260,16.32,16.32,20.0
662983,2023-12-16,14:05:15,2023-12-16,14:07:39,2.4,0.61,0.2,-1.145140,36.957355,-1.148452,36.960015,15.25,16.64,20.0
662983,2023-12-16,14:08:03,2023-12-16,14:11:03,3.0,0.78,0.47,-1.148452,36.960015,-1.147887,36.954067,15.6,18.5,28.0
662983,2023-12-16,14:13:14,2023-12-16,14:15:39,2.42,0.67,0.0,-1.147887,36.954067,-1.144648,36.957488,16.61,16.61,28.0
662983,2023-12-16,14:15:40,2023-12-16,14:16:43,1.05,0.22,0.38,-1.144648,36.957488,-1.146493,36.957987,12.57,19.7,21.0
662983,2023-12-16,14:19:15,2023-12-16,14:22:24,3.15,1.09,0.27,-1.146493,36.957987,-1.147888,36.954117,20.76,22.71,46.0
662983,2023-12-16,14:28:15,2023-12-16,14:32:19,4.07,1.06,0.4,-1.147888,36.954117,-1.146898,36.959160,15.63,17.33,25.0
662983,2023-12-16,14:33:13,2023-12-16,14:36:33,3.33,1.06,0.43,-1.146898,36.959160,-1.147907,36.954135,19.1,21.93,37.0
662983,2023-12-16,14:48:30,2023-12-16,14:51:53,3.38,1.1,0.62,-1.147907,36.954135,-1.146972,36.959095,19.53,23.91,33.0
662983,2023-12-16,14:54:54,2023-12-16,15:00:54,6.0,2.63,0.0,-1.146972,36.959095,-1.150508,36.937705,26.3,26.3,38.0
662983,2023-12-16,15:01:54,2023-12-16,15:08:03,6.15,2.49,0.3,-1.150508,36.937705,-1.147938,36.959147,24.29,25.54,39.0
662983,2023-12-16,15:13:16,2023-12-16,15:16:10,2.9,0.84,0.38,-1.147120,36.958607,-1.147982,36.953778,17.38,20.0,33.0
662983,2023-12-16,15:26:37,2023-12-16,15:29:12,2.58,0.88,0.37,-1.147913,36.953908,-1.150517,36.948042,20.47,23.89,34.0
662983,2023-12-16,15:33:53,2023-12-16,15:36:43,2.83,0.98,0.13,-1.151293,36.947545,-1.147978,36.954007,20.78,21.78,40.0
662983,2023-12-16,16:01:56,2023-12-16,16:03:02,1.1,0.28,0.0,-1.147798,36.953932,-1.148782,36.955577,15.27,15.27,21.0
662983,2023-12-16,16:03:03,2023-12-16,16:05:33,2.5,0.67,0.27,-1.148782,36.955577,-1.146863,36.960202,16.08,18.03,26.0
662983,2023-12-16,16:15:09,2023-12-16,16:18:46,3.62,1.21,0.0,-1.146863,36.960202,-1.147607,36.954017,20.06,20.06,31.0
662983,2023-12-16,16:25:56,2023-12-16,16:28:16,2.33,0.65,0.0,-1.147842,36.954018,-1.147955,36.958325,16.74,16.74,22.0
662983,2023-12-16,16:35:06,2023-12-16,16:40:18,5.2,2.48,0.05,-1.147118,36.958925,-1.133062,36.974355,28.62,28.89,53.0
662983,2023-12-16,16:40:19,2023-12-16,16:41:17,0.97,0.24,0.0,-1.133062,36.974355,-1.133358,36.976030,14.85,14.85,22.0
662983,2023-12-16,16:41:58,2023-12-16,16:46:57,4.98,1.76,0.0,-1.133358,36.976030,-1.143212,36.988103,21.2,21.2,35.0
662983,2023-12-16,16:52:39,2023-12-16,16:55:19,2.67,0.72,0.4,-1.143212,36.988103,-1.139093,36.983140,16.18,19.03,23.0
662983,2023-12-16,16:57:56,2023-12-16,17:00:36,2.67,0.84,0.0,-1.139093,36.983140,-1.135067,36.976813,18.88,18.88,24.0
662983,2023-12-16,17:03:05,2023-12-16,17:05:12,2.12,0.59,0.0,-1.135067,36.976813,-1.137105,36.972180,16.7,16.7,17.0
662983,2023-12-16,17:12:03,2023-12-16,17:16:11,4.13,1.72,0.1,-1.137105,36.972180,-1.147038,36.962168,24.99,25.61,39.0
662983,2023-12-16,17:17:46,2023-12-16,17:21:05,3.32,1.08,0.27,-1.147038,36.962168,-1.147972,36.954112,19.52,21.25,32.0
662983,2023-12-16,17:33:50,2023-12-16,17:35:43,1.88,0.46,0.43,-1.147972,36.954112,-1.149993,36.951648,14.68,19.03,24.0
662983,2023-12-16,17:35:44,2023-12-16,17:41:23,5.65,2.25,0.0,-1.149993,36.951648,-1.157302,36.937037,23.89,23.89,49.0
662983,2023-12-16,17:49:21,2023-12-16,17:55:18,5.95,2.53,0.4,-1.157302,36.937037,-1.165220,36.957490,25.51,27.35,48.0
662983,2023-12-16,17:56:00,2023-12-16,17:58:59,2.98,1.2,0.48,-1.165220,36.957490,-1.154917,36.960070,24.16,28.8,57.0
662983,2023-12-16,17:59:00,2023-12-16,18:01:48,2.8,1.23,0.0,-1.154917,36.960070,-1.147997,36.953867,26.36,26.36,54.0
662983,2023-12-16,18:09:11,2023-12-16,18:11:26,2.25,0.7,0.0,-1.147982,36.953553,-1.147655,36.958313,18.67,18.67,32.0
662983,2023-12-16,18:12:58,2023-12-16,18:14:42,1.73,0.38,0.38,-1.147655,36.958313,-1.148858,36.960823,13.18,16.89,21.0
662983,2023-12-16,18:16:28,2023-12-16,18:17:52,1.4,0.34,0.48,-1.148858,36.960823,-1.148785,36.957880,14.57,22.17,27.0
662983,2023-12-16,18:18:06,2023-12-16,18:22:59,4.88,2.47,0.28,-1.148785,36.957880,-1.133525,36.972892,30.37,32.22,55.0
662983,2023-12-16,18:25:44,2023-12-16,18:26:56,1.2,0.21,0.5,-1.133525,36.972892,-1.134995,36.971680,10.5,18.0,19.0
662983,2023-12-16,18:27:07,2023-12-16,18:28:25,1.3,0.34,0.18,-1.134995,36.971680,-1.132952,36.973890,15.69,18.21,31.0
662983,2023-12-16,18:28:45,2023-12-16,18:29:54,1.15,0.23,0.18,-1.132952,36.973890,-1.132823,36.975807,12.0,14.23,21.0
662983,2023-12-16,18:34:32,2023-12-16,18:37:39,3.12,0.82,0.42,-1.132823,36.975807,-1.134687,36.972610,15.77,18.22,23.0
662983,2023-12-16,18:38:00,2023-12-16,18:39:10,1.17,0.26,0.0,-1.134687,36.972610,-1.133205,36.974365,13.33,13.33,22.0
662983,2023-12-16,18:40:16,2023-12-16,18:44:24,4.13,2.24,0.0,-1.133205,36.974365,-1.146502,36.961630,32.54,32.54,60.0
662983,2023-12-16,18:44:25,2023-12-16,18:45:24,0.98,0.25,0.0,-1.146502,36.961630,-1.146930,36.959473,15.31,15.31,18.0
662983,2023-12-16,18:51:13,2023-12-16,18:52:43,1.5,0.31,0.4,-1.146993,36.959230,-1.148800,36.957280,12.4,16.91,20.0
662983,2023-12-16,18:53:23,2023-12-16,18:55:18,1.92,0.48,0.18,-1.148800,36.957280,-1.147980,36.954040,15.0,16.55,23.0
662983,2023-12-16,19:09:32,2023-12-16,19:13:13,3.68,1.09,0.1,-1.147980,36.954040,-1.149158,36.961758,17.77,18.27,27.0
662983,2023-12-16,19:16:17,2023-12-16,19:18:02,1.75,0.43,0.47,-1.149158,36.961758,-1.148783,36.958585,14.74,20.16,27.0
662983,2023-12-16,19:19:57,2023-12-16,19:22:00,2.05,0.5,0.0,-1.148783,36.958585,-1.147735,36.954993,14.63,14.63,19.0
662983,2023-12-16,19:29:22,2023-12-16,19:34:05,4.72,1.97,0.42,-1.147612,36.955067,-1.150798,36.938968,25.04,27.49,34.0
662983,2023-12-16,19:35:26,2023-12-16,19:38:56,3.5,1.43,0.08,-1.150798,36.938968,-1.149897,36.951512,24.51,25.09,37.0
662983,2023-12-16,19:46:10,2023-12-16,19:47:47,1.62,0.36,0.22,-1.149677,36.951520,-1.147953,36.953938,13.33,15.43,16.0
662983,2023-12-16,20:06:19,2023-12-16,20:09:58,3.65,1.1,0.0,-1.148057,36.953693,-1.147240,36.962258,18.08,18.08,26.0
662983,2023-12-16,20:10:15,2023-12-16,20:13:47,3.53,1.06,0.0,-1.147240,36.962258,-1.143435,36.969163,18.02,18.02,30.0
662983,2023-12-16,20:14:21,2023-12-16,20:15:48,1.45,0.31,0.32,-1.143435,36.969163,-1.143592,36.971907,12.83,16.46,19.0
662983,2023-12-16,20:27:07,2023-12-16,20:27:55,0.8,0.33,0.52,-1.143685,36.969795,-1.143765,36.969930,24.75,70.71,42.0
662983,2023-12-16,20:49:21,2023-12-16,20:55:18,5.95,2.01,0.0,-1.143765,36.969930,,,20.27,20.27,35.0
662983,2023-12-17,06:23:50,2023-12-17,06:24:38,0.8,0.1,0.37,,,-1.147923,36.953988,7.5,13.95,17.0
662983,2023-12-17,06:36:17,2023-12-17,06:43:31,7.23,2.44,0.0,-1.147978,36.953665,-1.138570,36.970150,20.25,20.25,30.0
662983,2023-12-17,06:45:25,2023-12-17,06:46:33,1.13,0.2,0.35,-1.138570,36.970150,-1.137872,36.971698,10.62,15.38,17.0
662983,2023-12-17,06:47:44,2023-12-17,06:49:18,1.57,0.43,0.0,-1.137872,36.971698,-1.140365,36.969388,16.43,16.43,17.0
662983,2023-12-17,06:49:20,2023-12-17,06:53:54,4.57,1.62,0.0,-1.140365,36.969388,-1.147008,36.958757,21.27,21.27,32.0
662983,2023-12-17,06:54:08,2023-12-17,06:56:50,2.7,0.77,0.38,-1.147008,36.958757,-1.147913,36.954063,17.11,19.91,26.0
662983,2023-12-17,07:01:10,2023-12-17,07:06:55,5.75,1.9,0.0,-1.147913,36.954063,-1.142610,36.968085,19.83,19.83,27.0
662983,2023-12-17,07:11:27,2023-12-17,07:16:52,5.42,1.96,0.73,-1.143393,36.968698,-1.147885,36.954070,21.7,25.07,32.0
662983,2023-12-17,07:22:26,2023-12-17,07:24:48,2.37,0.75,0.17,-1.147885,36.954070,-1.147000,36.958807,18.99,20.45,31.0
662983,2023-12-17,07:29:14,2023-12-17,07:31:37,2.38,0.9,0.0,-1.147000,36.958807,-1.149082,36.952420,22.69,22.69,48.0
662983,2023-12-17,07:34:16,2023-12-17,07:35:31,1.25,0.24,0.35,-1.149082,36.952420,-1.147932,36.954048,11.52,16.0,18.0
662983,2023-12-17,07:45:23,2023-12-17,07:47:04,1.68,0.6,0.0,-1.147932,36.954048,-1.148725,36.958013,21.43,21.43,39.0
662983,2023-12-17,08:07:17,2023-12-17,08:08:28,1.18,0.29,0.43,-1.147485,36.957722,-1.148945,36.956555,14.75,23.2,37.0
662983,2023-12-17,08:11:34,2023-12-17,08:12:59,1.42,0.34,0.43,-1.148945,36.956555,-1.147913,36.954138,14.37,20.61,42.0
662983,2023-12-17,08:17:50,2023-12-17,08:20:15,2.42,0.76,0.0,-1.147913,36.954138,-1.147008,36.959063,18.84,18.84,27.0
662983,2023-12-17,08:23:59,2023-12-17,08:25:19,1.33,0.34,0.0,-1.147128,36.959137,-1.146870,36.961872,15.34,15.34,18.0
662983,2023-12-17,08:25:23,2023-12-17,08:29:19,3.93,1.37,0.52,-1.146870,36.961872,-1.151245,36.966382,20.92,24.11,31.0
662983,2023-12-17,08:31:47,2023-12-17,08:37:40,5.88,2.35,0.28,-1.151245,36.966382,-1.147410,36.954617,23.98,25.18,39.0
662983,2023-12-17,08:47:28,2023-12-17,08:49:46,2.3,0.67,0.32,-1.147410,36.954617,-1.148097,36.959230,17.48,20.3,28.0
662983,2023-12-17,08:50:20,2023-12-17,08:52:13,1.88,0.68,0.48,-1.148097,36.959230,-1.147855,36.954322,21.7,29.14,54.0
662983,2023-12-17,08:58:26,2023-12-17,09:00:53,2.45,0.69,0.0,-1.147917,36.953895,-1.144047,36.957425,16.9,16.9,25.0
662983,2023-12-17,09:00:54,2023-12-17,09:02:16,1.37,0.29,0.33,-1.144047,36.957425,-1.142082,36.957993,12.7,16.73,25.0
662983,2023-12-17,09:04:47,2023-12-17,09:08:22,3.58,0.92,0.18,-1.142082,36.957993,-1.147595,36.954075,15.42,16.24,23.0
662983,2023-12-17,09:13:10,2023-12-17,09:15:41,2.52,0.75,0.27,-1.148023,36.953430,-1.148323,36.959528,17.86,20.0,28.0
662983,2023-12-17,09:22:05,2023-12-17,09:23:03,0.97,0.24,0.0,-1.147935,36.959257,-1.147968,36.958373,14.85,14.85,25.0
662983,2023-12-17,09:23:12,2023-12-17,09:25:15,2.05,0.57,0.62,-1.147968,36.958373,-1.147383,36.954582,16.68,23.92,46.0
662983,2023-12-17,09:59:23,2023-12-17,10:07:31,8.13,4.67,0.47,-1.147383,36.954582,-1.129380,36.988140,34.46,36.58,61.0
662983,2023-12-17,10:08:33,2023-12-17,10:48:40,40.12,28.95,0.62,-1.129380,36.988140,-1.057140,37.185253,43.3,43.97,61.0
662983,2023-12-17,10:49:34,2023-12-17,11:32:38,43.07,34.1,0.0,-1.057140,37.185253,-1.180537,37.443387,47.5,47.5,61.0
662983,2023-12-17,11:40:05,2023-12-17,11:41:16,1.18,0.28,0.37,-1.180537,37.443387,-1.182030,37.444963,14.24,20.74,37.0
662983,2023-12-17,11:43:51,2023-12-17,11:45:43,1.87,0.51,0.4,-1.182030,37.444963,-1.185783,37.447312,16.36,20.82,31.0
662983,2023-12-17,11:47:19,2023-12-17,11:51:00,3.68,1.52,0.1,-1.185783,37.447312,-1.197873,37.444682,24.78,25.47,59.0
662983,2023-12-17,11:51:06,2023-12-17,11:53:48,2.7,0.76,0.0,-1.197873,37.444682,-1.202888,37.443900,16.89,16.89,25.0
662983,2023-12-17,11:54:11,2023-12-17,11:59:23,5.2,1.49,0.0,-1.202888,37.443900,-1.214013,37.441327,17.19,17.19,24.0
662983,2023-12-17,15:51:50,2023-12-17,15:53:16,1.43,0.39,0.0,-1.214383,37.441025,-1.211512,37.440653,16.36,16.36,23.0
662983,2023-12-17,15:53:17,2023-12-17,15:54:37,1.33,0.4,0.0,-1.211512,37.440653,-1.208650,37.438950,18.05,18.05,25.0
662983,2023-12-17,15:54:52,2023-12-17,15:56:21,1.48,0.31,0.3,-1.208650,37.438950,-1.207237,37.436813,12.57,15.76,20.0
662983,2023-12-17,16:02:07,2023-12-17,16:08:56,6.82,1.93,0.0,-1.207237,37.436813,-1.202528,37.443845,16.98,16.98,25.0
662983,2023-12-17,16:09:34,2023-12-17,16:13:00,3.43,0.93,0.48,-1.202528,37.443845,-1.195507,37.444507,16.27,18.92,25.0
662983,2023-12-17,16:13:07,2023-12-17,16:16:38,3.52,1.26,0.0,-1.195507,37.444507,-1.185668,37.447917,21.48,21.48,28.0
662983,2023-12-17,16:21:24,2023-12-17,16:23:34,2.17,0.52,0.38,-1.185668,37.447917,-1.182045,37.444967,14.38,17.43,26.0
662983,2023-12-17,16:25:51,2023-12-17,16:27:43,1.87,0.57,0.4,-1.182045,37.444967,-1.180832,37.443627,18.29,23.27,41.0
662983,2023-12-17,17:41:56,2023-12-17,17:44:25,2.48,0.64,0.22,-1.180613,37.443410,-1.184407,37.447652,15.48,16.99,17.0
662983,2023-12-17,18:00:59,2023-12-17,18:02:03,1.07,0.28,0.0,-1.184407,37.447652,-1.182805,37.445798,15.7,15.7,20.0
662983,2023-12-17,18:05:46,2023-12-17,18:07:06,1.33,0.33,0.0,-1.182805,37.445798,-1.180877,37.443577,14.89,14.89,17.0
662983,2023-12-17,20:20:36,2023-12-17,20:32:53,12.28,10.3,0.48,-1.180653,37.443470,-1.118670,37.377702,50.33,52.37,60.0
662983,2023-12-17,20:33:36,2023-12-17,20:43:01,9.42,6.88,0.47,-1.118670,37.377702,-1.090645,37.324182,43.82,46.12,60.0
662983,2023-12-17,20:49:35,2023-12-17,21:36:46,47.18,32.33,0.43,-1.090645,37.324182,-1.049658,37.058602,41.11,41.49,61.0
662983,2023-12-17,21:37:06,2023-12-17,21:40:20,3.23,2.13,0.5,-1.049658,37.058602,-1.067397,37.051392,39.57,46.81,61.0
662983,2023-12-17,21:40:31,2023-12-17,21:55:33,15.03,13.45,0.17,-1.067397,37.051392,-1.143293,36.966647,53.69,54.31,62.0
662983,2023-12-17,21:59:30,2023-12-17,22:01:38,2.13,0.83,0.0,-1.143133,36.966845,-1.146473,36.961625,23.38,23.38,40.0
662983,2023-12-17,22:02:16,2023-12-17,22:06:14,3.97,1.18,0.37,-1.146473,36.961625,-1.148123,36.953225,17.83,19.67,34.0
662983,2023-12-17,22:08:59,2023-12-17,22:10:07,1.13,0.2,0.4,-1.148123,36.953225,,,10.62,16.44,22.0
662983,2023-12-18,06:08:21,2023-12-18,06:14:24,6.05,3.06,0.03,,,-1.160830,36.959938,30.35,30.5,58.0
662983,2023-12-18,06:16:50,2023-12-18,06:22:39,5.82,2.92,0.03,-1.160830,36.959938,-1.147953,36.953695,30.1,30.26,57.0
662983,2023-12-18,06:25:02,2023-12-18,06:27:43,2.68,0.85,0.42,-1.147953,36.953695,-1.148053,36.960247,19.03,22.57,34.0
662983,2023-12-18,06:28:38,2023-12-18,06:31:06,2.47,0.88,0.3,-1.148053,36.960247,-1.143608,36.966292,21.38,24.33,39.0
662983,2023-12-18,06:31:23,2023-12-18,06:32:50,1.45,0.33,0.33,-1.143608,36.966292,-1.141403,36.968203,13.66,17.68,22.0
662983,2023-12-18,06:33:23,2023-12-18,06:35:38,2.25,0.56,0.35,-1.141403,36.968203,-1.137870,36.971707,14.93,17.68,19.0
662983,2023-12-18,06:37:31,2023-12-18,06:43:19,5.8,2.47,0.3,-1.137870,36.971707,-1.148265,36.955527,25.55,26.95,42.0
662983,2023-12-18,06:44:15,2023-12-18,06:45:18,1.05,0.17,0.35,-1.148265,36.955527,-1.147902,36.954057,9.71,14.57,21.0
662983,2023-12-18,06:54:18,2023-12-18,06:59:00,4.7,2.24,0.0,-1.147902,36.954057,-1.153810,36.961882,28.6,28.6,49.0
662983,2023-12-18,07:00:58,2023-12-18,07:05:49,4.85,2.19,0.42,-1.153810,36.961882,-1.147892,36.954140,27.09,29.66,43.0
662983,2023-12-18,07:06:20,2023-12-18,07:10:55,4.58,2.14,0.45,-1.147892,36.954140,-1.135215,36.949432,28.03,31.09,57.0
662983,2023-12-18,07:10:56,2023-12-18,07:15:51,4.92,2.0,0.37,-1.135215,36.949432,-1.147857,36.954130,24.39,26.37,42.0
662983,2023-12-18,07:19:18,2023-12-18,07:26:11,6.88,2.82,0.0,-1.147857,36.954130,-1.152128,36.969413,24.59,24.59,35.0
662983,2023-12-18,07:30:45,2023-12-18,07:37:37,6.87,2.84,0.45,-1.152128,36.969413,-1.147892,36.954123,24.8,26.54,43.0
662983,2023-12-18,07:39:24,2023-12-18,07:46:02,6.63,2.53,0.45,-1.147892,36.954123,-1.159702,36.941243,22.9,24.56,40.0
662983,2023-12-18,07:46:19,2023-12-18,07:55:16,8.95,3.68,0.7,-1.159702,36.941243,-1.147925,36.954087,24.67,26.76,53.0
662983,2023-12-18,08:18:21,2023-12-18,08:24:03,5.7,2.21,0.45,-1.148100,36.953317,-1.143677,36.969648,23.26,25.26,41.0
662983,2023-12-18,08:24:43,2023-12-18,08:30:03,5.33,2.24,0.17,-1.143677,36.969648,-1.147972,36.953827,25.22,26.05,43.0
662983,2023-12-18,08:32:24,2023-12-18,08:34:04,1.67,0.53,0.45,-1.147972,36.953827,-1.150098,36.951138,19.04,26.07,43.0
662983,2023-12-18,08:34:05,2023-12-18,08:35:33,1.47,0.52,0.43,-1.150098,36.951138,-1.147942,36.954063,21.22,30.0,48.0
662983,2023-12-18,08:37:19,2023-12-18,08:45:39,8.33,4.58,0.32,-1.147942,36.954063,-1.168253,36.968262,32.99,34.31,57.0
662983,2023-12-18,08:45:57,2023-12-18,08:47:56,1.98,0.87,0.47,-1.168253,36.968262,-1.166080,36.960783,26.36,34.57,53.0
662983,2023-12-18,08:47:59,2023-12-18,08:53:44,5.75,2.81,0.43,-1.166080,36.960783,-1.147418,36.954600,29.32,31.69,57.0
662983,2023-12-18,09:08:37,2023-12-18,09:12:18,3.68,1.49,0.0,-1.147927,36.954068,-1.150858,36.942792,24.29,24.29,38.0
662983,2023-12-18,09:16:01,2023-12-18,09:17:14,1.22,0.33,0.0,-1.150858,36.942792,-1.151250,36.942810,16.23,16.23,29.0
662983,2023-12-18,09:17:30,2023-12-18,09:18:39,1.15,0.26,0.32,-1.151250,36.942810,-1.149925,36.944612,13.57,18.8,29.0
662983,2023-12-18,09:18:40,2023-12-18,09:21:44,3.07,1.24,0.27,-1.149925,36.944612,-1.148022,36.954033,24.23,26.57,39.0
662983,2023-12-18,09:28:27,2023-12-18,09:35:18,6.85,2.73,0.0,-1.148022,36.954033,-1.151492,36.969360,23.91,23.91,37.0
662983,2023-12-18,09:35:45,2023-12-18,09:42:06,6.35,2.73,0.47,-1.151492,36.969360,-1.147898,36.954085,25.8,27.86,47.0
662983,2023-12-18,09:42:34,2023-12-18,09:45:38,3.07,0.97,0.33,-1.147898,36.954085,-1.146892,36.959908,18.96,21.24,30.0
662983,2023-12-18,09:48:38,2023-12-18,09:53:48,5.17,2.03,0.32,-1.146892,36.959908,-1.151488,36.969395,23.56,25.11,41.0
662983,2023-12-18,09:53:49,2023-12-18,09:55:27,1.63,0.38,0.15,-1.151488,36.969395,-1.153835,36.970302,13.99,15.41,21.0
662983,2023-12-18,10:02:14,2023-12-18,10:08:11,5.95,2.22,0.45,-1.153835,36.970302,-1.148630,36.959213,22.39,24.22,43.0
662983,2023-12-18,10:11:28,2023-12-18,10:13:44,2.27,0.67,0.45,-1.148630,36.959213,-1.147913,36.954125,17.71,22.09,37.0
662983,2023-12-18,10:28:04,2023-12-18,10:33:17,5.22,1.94,0.0,-1.147913,36.954125,-1.151458,36.962872,22.3,22.3,32.0
662983,2023-12-18,10:41:09,2023-12-18,10:53:17,12.13,5.93,0.43,-1.151345,36.962350,-1.152323,36.917673,29.33,30.41,40.0
662983,2023-12-18,10:54:02,2023-12-18,11:03:05,9.05,4.32,0.52,-1.152323,36.917673,-1.148043,36.954068,28.64,30.39,42.0
662983,2023-12-18,11:03:40,2023-12-18,11:05:58,2.3,0.65,0.0,-1.148043,36.954068,-1.148102,36.958485,16.96,16.96,25.0
662983,2023-12-18,11:07:28,2023-12-18,11:09:34,2.1,0.63,0.42,-1.148102,36.958485,-1.147928,36.954118,18.0,22.5,30.0
662983,2023-12-18,12:07:27,2023-12-18,12:09:39,2.2,0.71,0.0,-1.147980,36.953867,-1.148485,36.959752,19.36,19.36,29.0
662983,2023-12-18,12:10:55,2023-12-18,12:12:28,1.55,0.37,0.25,-1.148537,36.959933,-1.148803,36.956915,14.32,17.08,26.0
662983,2023-12-18,12:13:33,2023-12-18,12:15:06,1.55,0.34,0.3,-1.148803,36.956915,-1.147932,36.954070,13.16,16.32,18.0
662983,2023-12-18,12:43:39,2023-12-18,12:47:36,3.95,1.3,0.32,-1.147953,36.953910,-1.150217,36.944607,19.75,21.49,29.0
662983,2023-12-18,12:48:38,2023-12-18,12:50:51,2.22,0.79,0.42,-1.150217,36.944607,-1.149927,36.951452,21.35,26.33,36.0
662983,2023-12-18,12:55:37,2023-12-18,12:57:00,1.38,0.38,0.0,-1.149927,36.951452,-1.148235,36.954098,16.52,16.52,18.0
662983,2023-12-18,13:13:49,2023-12-18,13:16:46,2.95,1.08,0.02,-1.147857,36.953998,-1.154138,36.959718,21.97,22.12,33.0
662983,2023-12-18,13:20:38,2023-12-18,13:22:56,2.3,0.72,0.37,-1.154138,36.959718,-1.148978,36.956530,18.78,22.38,29.0
662983,2023-12-18,16:18:57,2023-12-18,16:22:23,3.43,0.98,0.25,-1.147353,36.954567,-1.150787,36.947947,17.14,18.49,28.0
662983,2023-12-18,16:22:36,2023-12-18,16:24:19,1.72,0.38,0.4,-1.150787,36.947947,-1.154067,36.946912,13.26,17.27,23.0
662983,2023-12-18,19:29:07,2023-12-18,19:30:16,1.15,0.3,0.0,-1.151563,36.946675,-1.149712,36.948342,15.65,15.65,19.0
662983,2023-12-18,19:30:17,2023-12-18,19:31:25,1.13,0.34,0.0,-1.149712,36.948342,-1.149925,36.951390,18.05,18.05,30.0
662983,2023-12-18,19:31:27,2023-12-18,19:33:09,1.7,0.48,0.35,-1.149925,36.951390,-1.147950,36.954073,16.94,21.33,34.0
662983,2023-12-18,19:37:03,2023-12-18,19:40:11,3.13,1.15,0.17,-1.147950,36.954073,-1.147098,36.959122,22.04,23.31,55.0
662983,2023-12-18,19:44:14,2023-12-18,19:47:58,3.73,1.23,0.15,-1.147098,36.959122,-1.147812,36.953953,19.79,20.61,34.0
662983,2023-12-18,20:55:06,2023-12-18,20:57:36,2.5,0.78,0.43,-1.147347,36.954643,-1.147120,36.959033,18.72,22.61,36.0
662983,2023-12-18,21:00:51,2023-12-18,21:04:03,3.2,0.88,0.1,-1.147120,36.959033,,,16.5,17.03,37.0
662983,2023-12-19,06:14:35,2023-12-19,06:28:52,14.28,8.62,0.3,,,-1.203877,36.917312,36.22,37.0,60.0
662983,2023-12-19,06:33:45,2023-12-19,06:45:38,11.88,7.85,0.65,-1.203877,36.917312,-1.151843,36.957973,39.65,41.94,60.0
662983,2023-12-19,06:54:52,2023-12-19,06:58:03,3.18,0.95,0.38,-1.148158,36.953632,-1.147413,36.960230,17.92,20.36,27.0
662983,2023-12-19,07:00:29,2023-12-19,07:04:27,3.97,1.36,0.45,-1.147413,36.960230,-1.143568,36.969673,20.55,23.18,41.0
662983,2023-12-19,07:17:37,2023-12-19,07:23:33,5.93,2.21,0.43,-1.143568,36.969673,-1.147933,36.954087,22.36,24.11,36.0
662983,2023-12-19,07:25:10,2023-12-19,07:27:27,2.28,0.76,0.18,-1.147933,36.954087,-1.148693,36.959488,20.0,21.71,38.0
662983,2023-12-19,07:27:47,2023-12-19,07:29:52,2.08,0.55,0.33,-1.148693,36.959488,-1.148078,36.955532,15.87,18.86,28.0
662983,2023-12-19,07:30:06,2023-12-19,07:34:18,4.2,1.59,0.42,-1.148078,36.955532,-1.160163,36.958423,22.71,25.24,36.0
662983,2023-12-19,07:34:26,2023-12-19,07:38:01,3.58,1.62,0.45,-1.160163,36.958423,-1.148177,36.955485,27.15,31.05,42.0
662983,2023-12-19,07:38:41,2023-12-19,07:40:26,1.75,0.52,0.08,-1.148177,36.955485,-1.147817,36.959507,17.83,18.68,26.0
662983,2023-12-19,07:41:05,2023-12-19,07:44:49,3.73,1.35,0.35,-1.147817,36.959507,-1.151387,36.949792,21.72,23.96,52.0
662983,2023-12-19,07:49:10,2023-12-19,07:52:20,3.17,1.3,0.17,-1.151387,36.949792,-1.146973,36.958913,24.61,26.0,40.0
662983,2023-12-19,07:52:28,2023-12-19,07:54:06,1.63,0.46,0.45,-1.146973,36.958913,-1.149038,36.956072,16.93,23.39,37.0
662983,2023-12-19,07:54:25,2023-12-19,07:55:49,1.4,0.35,0.33,-1.149038,36.956072,-1.147977,36.953748,15.0,19.63,33.0
662983,2023-12-19,08:03:46,2023-12-19,08:06:19,2.55,0.81,0.0,-1.148113,36.953352,-1.147992,36.959068,19.06,19.06,29.0
662983,2023-12-19,08:09:46,2023-12-19,08:12:15,2.48,0.68,0.27,-1.147992,36.959068,-1.147897,36.954107,16.45,18.46,24.0
662983,2023-12-19,08:16:42,2023-12-19,08:19:03,2.35,0.64,0.35,-1.147897,36.954107,-1.148138,36.959253,16.34,19.2,26.0
662983,2023-12-19,08:20:21,2023-12-19,08:22:35,2.23,0.71,0.45,-1.148138,36.959253,-1.147912,36.954063,19.1,23.93,37.0
662983,2023-12-19,08:54:09,2023-12-19,08:55:49,1.67,0.54,0.03,-1.147912,36.954063,-1.147145,36.950160,19.4,19.76,46.0
662983,2023-12-19,08:56:42,2023-12-19,08:58:33,1.85,0.51,0.43,-1.147145,36.950160,-1.147860,36.954112,16.54,21.55,39.0
662983,2023-12-19,09:14:45,2023-12-19,09:17:39,2.9,0.84,0.25,-1.147860,36.954112,-1.147785,36.960373,17.38,19.02,25.0
662983,2023-12-19,09:25:23,2023-12-19,09:28:05,2.7,0.84,0.4,-1.147785,36.960373,-1.147917,36.954095,18.67,21.91,40.0
662983,2023-12-19,09:37:53,2023-12-19,09:39:40,1.78,0.42,0.52,-1.147917,36.954095,-1.148792,36.956882,14.16,20.0,25.0
662983,2023-12-19,09:39:41,2023-12-19,09:48:00,8.32,3.86,0.45,-1.148792,36.956882,-1.128638,36.982072,27.84,29.43,41.0
662983,2023-12-19,09:51:37,2023-12-19,10:00:25,8.8,4.39,0.2,-1.128638,36.982072,-1.147807,36.953970,29.93,30.63,58.0
662983,2023-12-19,10:10:00,2023-12-19,10:12:06,2.1,0.52,0.0,-1.147807,36.953970,-1.146083,36.950618,14.86,14.86,20.0
662983,2023-12-19,10:36:42,2023-12-19,10:39:09,2.45,0.69,0.27,-1.144948,36.949898,-1.147820,36.954047,16.9,18.99,27.0
662983,2023-12-19,10:58:30,2023-12-19,11:01:30,3.0,0.95,0.4,-1.147390,36.954588,-1.147262,36.961958,19.0,21.92,31.0
662983,2023-12-19,11:01:44,2023-12-19,11:10:13,8.48,4.8,0.0,-1.147262,36.961958,-1.173537,36.977762,33.96,33.96,59.0
662983,2023-12-19,11:16:31,2023-12-19,11:17:38,1.12,0.28,0.0,-1.171012,36.978487,-1.173128,36.977395,15.0,15.0,17.0
662983,2023-12-19,11:18:55,2023-12-19,11:24:31,5.6,2.61,0.0,-1.173128,36.977395,-1.164357,36.957063,27.96,27.96,57.0
662983,2023-12-19,11:24:42,2023-12-19,11:26:49,2.12,0.56,0.38,-1.164357,36.957063,-1.159568,36.958592,15.85,19.31,31.0
662983,2023-12-19,11:36:28,2023-12-19,11:40:48,4.33,1.74,0.58,-1.159568,36.958592,-1.147962,36.954155,24.11,27.84,43.0
662983,2023-12-19,12:13:48,2023-12-19,12:16:10,2.37,0.64,0.0,-1.147968,36.954047,-1.144463,36.957333,16.2,16.2,21.0
662983,2023-12-19,12:16:13,2023-12-19,12:17:54,1.68,0.44,0.0,-1.144463,36.957333,-1.146730,36.960413,15.71,15.71,20.0
662983,2023-12-19,12:23:34,2023-12-19,12:26:58,3.4,0.9,0.35,-1.146730,36.960413,-1.147952,36.954058,15.88,17.7,24.0
662983,2023-12-19,12:37:29,2023-12-19,12:42:59,5.5,2.21,0.0,-1.147952,36.954058,-1.151393,36.936238,24.11,24.11,39.0
662983,2023-12-19,12:54:13,2023-12-19,12:59:29,5.27,2.2,0.3,-1.151400,36.936227,-1.147982,36.954047,25.05,26.56,55.0
662983,2023-12-19,13:02:12,2023-12-19,13:05:10,2.97,0.76,0.05,-1.147982,36.954047,-1.145688,36.957562,15.35,15.62,21.0
662983,2023-12-19,13:07:28,2023-12-19,13:08:23,0.92,0.2,0.15,-1.145688,36.957562,-1.144793,36.957052,13.04,15.58,17.0
662983,2023-12-19,13:09:26,2023-12-19,13:11:15,1.82,0.48,0.0,-1.144793,36.957052,-1.147548,36.953992,15.82,15.82,17.0
662983,2023-12-19,13:39:10,2023-12-19,13:55:14,16.07,8.03,0.0,-1.147763,36.954063,-1.184640,36.995083,29.98,29.98,58.0
662983,2023-12-19,14:05:27,2023-12-19,14:07:20,1.88,0.42,0.48,-1.184640,36.995083,-1.183432,36.991733,13.4,18.0,24.0
662983,2023-12-19,14:07:42,2023-12-19,14:15:28,7.77,4.57,0.0,-1.183432,36.991733,-1.163827,36.957258,35.29,35.29,59.0
662983,2023-12-19,14:15:29,2023-12-19,14:19:06,3.62,1.83,0.0,-1.163827,36.957258,-1.149030,36.956857,30.33,30.33,57.0
662983,2023-12-19,14:19:14,2023-12-19,14:20:59,1.75,0.38,0.38,-1.149030,36.956857,-1.147915,36.954062,13.03,16.64,22.0
662983,2023-12-19,14:27:32,2023-12-19,14:34:27,6.92,2.22,0.43,-1.147915,36.954062,-1.164173,36.957045,19.25,20.52,29.0
662983,2023-12-19,14:37:07,2023-12-19,14:41:50,4.72,2.3,0.23,-1.164173,36.957045,-1.147937,36.954043,29.24,30.73,53.0
662983,2023-12-19,14:50:27,2023-12-19,14:51:53,1.43,0.3,0.38,-1.147930,36.953963,-1.149443,36.953102,12.59,17.14,21.0
662983,2023-12-19,14:58:26,2023-12-19,15:01:12,2.77,1.04,0.0,-1.149443,36.953102,-1.149117,36.944787,22.53,22.53,28.0
662983,2023-12-19,15:03:05,2023-12-19,15:06:47,3.7,1.23,0.48,-1.149117,36.944787,-1.147932,36.954017,19.95,22.92,26.0
662983,2023-12-19,15:18:59,2023-12-19,15:21:50,2.85,0.81,0.0,-1.147932,36.954017,-1.142045,36.956732,17.05,17.05,36.0
662983,2023-12-19,15:21:51,2023-12-19,15:25:17,3.43,1.08,0.47,-1.142045,36.956732,-1.135537,36.952800,18.89,21.89,36.0
662983,2023-12-19,15:29:56,2023-12-19,15:32:24,2.47,0.68,0.0,-1.135537,36.952800,-1.130027,36.951002,16.52,16.52,16.0
662983,2023-12-19,15:32:29,2023-12-19,15:39:50,7.35,3.03,0.0,-1.130027,36.951002,-1.113838,36.944717,24.73,24.73,40.0
662983,2023-12-19,16:00:58,2023-12-19,16:03:32,2.57,0.72,0.0,-1.130918,36.950755,-1.136933,36.951365,16.81,16.81,18.0
662983,2023-12-19,16:03:46,2023-12-19,16:05:36,1.83,0.44,0.27,-1.136933,36.951365,-1.139487,36.954278,14.43,16.92,21.0
662983,2023-12-19,16:14:46,2023-12-19,16:16:14,1.47,0.49,0.0,-1.139487,36.954278,-1.142200,36.956538,20.0,20.0,37.0
662983,2023-12-19,16:16:20,2023-12-19,16:19:29,3.15,0.82,0.28,-1.142200,36.956538,-1.147397,36.954592,15.62,17.14,25.0
662983,2023-12-19,16:21:15,2023-12-19,16:24:45,3.5,1.17,0.45,-1.147397,36.954592,-1.139487,36.954247,20.06,23.02,60.0
662983,2023-12-19,16:26:24,2023-12-19,16:30:01,3.62,1.06,0.0,-1.139487,36.954247,-1.146460,36.955197,17.57,17.57,50.0
662983,2023-12-19,16:57:14,2023-12-19,17:00:15,3.02,0.83,0.18,-1.147878,36.954023,-1.148313,36.960933,16.49,17.54,23.0
662983,2023-12-19,17:07:12,2023-12-19,17:11:02,3.83,2.14,0.45,-1.148313,36.960933,-1.133558,36.973112,33.52,37.99,59.0
662983,2023-12-19,17:11:29,2023-12-19,17:13:34,2.08,0.54,0.0,-1.133558,36.973112,-1.134633,36.976488,15.58,15.58,22.0
662983,2023-12-19,17:13:35,2023-12-19,17:17:35,4.0,1.7,0.0,-1.134633,36.976488,-1.143715,36.988633,25.5,25.5,47.0
662983,2023-12-19,17:17:39,2023-12-19,17:20:18,2.65,0.87,0.0,-1.143715,36.988633,-1.149182,36.992532,19.7,19.7,35.0
662983,2023-12-19,17:35:59,2023-12-19,17:41:31,5.53,2.49,0.0,-1.149182,36.992532,-1.134945,36.976773,27.02,27.02,47.0
662983,2023-12-19,17:42:44,2023-12-19,17:48:37,5.88,2.66,0.03,-1.134945,36.976773,-1.148860,36.960877,27.14,27.28,59.0
662983,2023-12-19,18:56:29,2023-12-19,18:57:28,0.98,0.17,0.28,-1.148860,36.960877,-1.148557,36.959450,10.41,14.57,19.0
662983,2023-12-19,19:03:53,2023-12-19,19:07:54,4.02,1.16,0.0,-1.148557,36.959450,-1.147375,36.954030,17.31,17.31,27.0
662983,2023-12-19,19:12:21,2023-12-19,19:14:48,2.45,0.62,0.0,-1.147375,36.954030,-1.150412,36.957925,15.18,15.18,19.0
662983,2023-12-19,19:20:08,2023-12-19,19:22:01,1.88,0.53,0.0,-1.150412,36.957925,-1.147823,36.954805,16.91,16.91,26.0
662983,2023-12-19,19:42:56,2023-12-19,19:46:00,3.07,1.02,0.0,-1.147380,36.954615,-1.150830,36.947973,19.93,19.93,29.0
662983,2023-12-19,20:21:56,2023-12-19,20:24:12,2.27,0.6,0.33,-1.151350,36.946757,-1.149872,36.951488,15.86,18.56,25.0
662983,2023-12-19,20:29:50,2023-12-19,20:31:48,1.97,0.47,0.37,-1.149872,36.951488,,,14.31,17.62,24.0
662983,2023-12-20,05:59:23,2023-12-20,06:02:27,3.07,0.93,0.38,,,-1.146697,36.960188,18.18,20.74,26.0
662983,2023-12-20,06:05:47,2023-12-20,06:08:41,2.9,0.87,0.37,-1.146697,36.960188,-1.145492,36.955003,18.0,20.63,28.0
662983,2023-12-20,06:09:22,2023-12-20,06:11:19,1.95,0.5,0.0,-1.145492,36.955003,-1.142040,36.956725,15.38,15.38,26.0
662983,2023-12-20,06:11:20,2023-12-20,06:19:12,7.87,2.72,0.42,-1.142040,36.956725,-1.125892,36.952443,20.74,21.91,57.0
662983,2023-12-20,06:20:28,2023-12-20,06:22:45,2.28,0.67,0.0,-1.125892,36.952443,-1.130600,36.950632,17.63,17.63,24.0
662983,2023-12-20,06:22:46,2023-12-20,06:34:30,11.73,5.32,0.87,-1.130600,36.950632,-1.147953,36.953943,27.21,29.39,61.0
662983,2023-12-20,06:39:43,2023-12-20,06:43:01,3.3,0.98,0.4,-1.147953,36.953943,-1.146730,36.960172,17.82,20.28,26.0
662983,2023-12-20,06:46:28,2023-12-20,06:49:08,2.67,1.02,0.42,-1.146730,36.960172,-1.147913,36.954070,22.92,27.2,45.0
662983,2023-12-20,07:05:44,2023-12-20,07:08:48,3.07,0.99,0.47,-1.147887,36.953175,-1.146787,36.960183,19.35,22.85,31.0
662983,2023-12-20,07:11:24,2023-12-20,07:13:56,2.53,1.03,0.12,-1.146787,36.960183,-1.147960,36.953970,24.43,25.64,43.0
662983,2023-12-20,07:35:53,2023-12-20,07:40:34,4.68,1.69,0.1,-1.147960,36.953970,-1.143348,36.966602,21.67,22.14,30.0
662983,2023-12-20,07:40:47,2023-12-20,07:42:03,1.27,0.24,0.42,-1.143348,36.966602,-1.141712,36.967982,11.34,16.94,21.0
662983,2023-12-20,07:50:05,2023-12-20,07:56:01,5.93,2.61,0.47,-1.141712,36.967982,-1.148585,36.959257,26.41,28.68,58.0
662983,2023-12-20,08:01:17,2023-12-20,08:03:42,2.42,0.69,0.38,-1.148585,36.959257,-1.147923,36.954040,17.11,20.29,36.0
662983,2023-12-20,08:25:53,2023-12-20,08:27:59,2.1,0.58,0.22,-1.147923,36.954040,-1.148145,36.958420,16.57,18.51,27.0
662983,2023-12-20,08:32:07,2023-12-20,08:33:49,1.7,0.45,0.0,-1.148145,36.958420,-1.146875,36.961850,15.88,15.88,19.0
662983,2023-12-20,08:33:55,2023-12-20,08:38:01,4.1,1.16,0.42,-1.146875,36.961850,-1.143603,36.969605,16.98,18.91,33.0
662983,2023-12-20,08:44:19,2023-12-20,08:45:35,1.27,0.35,0.0,-1.143603,36.969605,-1.145323,36.968532,16.54,16.54,16.0
662983,2023-12-20,08:50:13,2023-12-20,08:55:47,5.57,2.3,0.62,-1.145323,36.968532,-1.149470,36.953277,24.78,27.88,57.0
662983,2023-12-20,08:55:48,2023-12-20,08:56:52,1.07,0.22,0.45,-1.149470,36.953277,-1.148025,36.954048,12.34,21.29,29.0
662983,2023-12-20,09:15:17,2023-12-20,09:17:46,2.48,0.62,0.28,-1.148025,36.954048,-1.143932,36.955763,15.0,16.91,21.0
662983,2023-12-20,09:18:36,2023-12-20,09:20:41,2.08,0.58,0.0,-1.143932,36.955763,-1.147833,36.954503,16.73,16.73,25.0
662983,2023-12-20,09:30:29,2023-12-20,09:34:12,3.72,1.83,0.0,-1.147953,36.954053,-1.141667,36.967198,29.52,29.52,57.0
662983,2023-12-20,09:34:31,2023-12-20,09:36:12,1.68,0.48,0.45,-1.141667,36.967198,-1.141563,36.964377,17.14,23.41,51.0
662983,2023-12-20,09:41:18,2023-12-20,09:45:14,3.93,1.47,0.47,-1.141563,36.964377,-1.130577,36.958987,22.44,25.49,37.0
662983,2023-12-20,09:45:51,2023-12-20,09:55:35,9.73,3.6,0.33,-1.130577,36.958987,-1.147782,36.953668,22.2,22.98,50.0
662983,2023-12-20,09:59:35,2023-12-20,10:05:57,6.37,2.6,0.33,-1.147782,36.953668,-1.157548,36.959885,24.49,25.83,59.0
662983,2023-12-20,10:09:20,2023-12-20,10:13:00,3.67,1.46,0.45,-1.157548,36.959885,-1.146962,36.962932,23.87,27.2,41.0
662983,2023-12-20,10:13:15,2023-12-20,10:16:55,3.67,1.14,0.38,-1.146962,36.962932,-1.147905,36.954127,18.64,20.79,28.0
662983,2023-12-20,11:05:50,2023-12-20,11:08:57,3.12,1.15,0.0,-1.147905,36.954127,-1.154252,36.959672,22.12,22.12,38.0
662983,2023-12-20,11:10:42,2023-12-20,11:13:37,2.92,1.06,0.0,-1.154252,36.959672,-1.147843,36.954622,21.78,21.78,31.0
662983,2023-12-20,11:17:01,2023-12-20,11:19:36,2.58,0.67,0.47,-1.147942,36.954163,-1.151235,36.958135,15.58,19.05,27.0
662983,2023-12-20,11:21:34,2023-12-20,11:24:34,3.0,0.72,0.37,-1.151235,36.958135,-1.147887,36.954068,14.4,16.43,23.0
662983,2023-12-20,11:57:44,2023-12-20,12:05:27,7.72,2.66,0.0,-1.147887,36.954068,-1.151463,36.969345,20.67,20.67,34.0
662983,2023-12-20,12:05:34,2023-12-20,12:06:35,1.02,0.2,0.12,-1.151463,36.969345,-1.152093,36.971015,11.76,13.33,21.0
662983,2023-12-20,12:12:21,2023-12-20,12:20:07,7.77,2.77,0.37,-1.151610,36.969632,-1.147940,36.954085,21.39,22.46,31.0
662983,2023-12-20,12:24:01,2023-12-20,12:25:50,1.82,0.55,0.0,-1.147940,36.954085,-1.150400,36.951047,18.13,18.13,41.0
662983,2023-12-20,13:00:00,2023-12-20,13:03:04,3.07,0.9,0.0,-1.153463,36.949043,-1.148132,36.954073,17.59,17.59,33.0
662983,2023-12-20,13:07:18,2023-12-20,13:09:33,2.25,0.65,0.22,-1.148132,36.954073,-1.148100,36.958388,17.33,19.21,26.0
662983,2023-12-20,13:14:40,2023-12-20,13:17:03,2.38,0.61,0.33,-1.148100,36.958388,-1.147930,36.954077,15.38,17.85,27.0
662983,2023-12-20,13:31:15,2023-12-20,13:34:09,2.9,0.89,0.0,-1.148007,36.953793,-1.142038,36.956607,18.41,18.41,29.0
662983,2023-12-20,13:35:42,2023-12-20,13:38:13,2.52,0.86,0.45,-1.142038,36.956607,-1.147918,36.954168,20.48,24.93,41.0
662983,2023-12-20,13:40:44,2023-12-20,13:43:23,2.65,0.77,0.0,-1.147918,36.954168,-1.147802,36.960275,17.43,17.43,24.0
662983,2023-12-20,13:44:35,2023-12-20,13:46:22,1.78,0.45,0.47,-1.147802,36.960275,-1.148918,36.956550,15.17,20.61,24.0
662983,2023-12-20,13:58:10,2023-12-20,13:59:41,1.52,0.35,0.42,-1.148918,36.956550,-1.147883,36.954127,13.82,19.09,23.0
662983,2023-12-20,14:23:40,2023-12-20,14:25:46,2.1,0.51,0.48,-1.147838,36.954068,-1.148468,36.958357,14.57,18.89,23.0
662983,2023-12-20,14:31:49,2023-12-20,14:33:57,2.13,0.48,0.47,-1.148468,36.958357,-1.146982,36.962292,13.52,17.35,20.0
662983,2023-12-20,14:33:58,2023-12-20,14:39:22,5.4,3.08,0.0,-1.146982,36.962292,-1.129813,36.982215,34.22,34.22,59.0
662983,2023-12-20,16:24:42,2023-12-20,16:25:49,1.12,0.2,0.35,-1.128568,36.981943,-1.126793,36.981788,10.71,15.58,17.0
662983,2023-12-20,16:38:06,2023-12-20,16:48:32,10.43,4.56,0.35,-1.126793,36.981788,-1.147885,36.954108,26.23,27.14,60.0
662983,2023-12-20,16:49:29,2023-12-20,16:51:34,2.08,0.52,0.08,-1.147885,36.954108,-1.147250,36.949973,15.0,15.6,18.0
662983,2023-12-20,16:53:03,2023-12-20,16:54:46,1.72,0.49,0.17,-1.147250,36.949973,-1.147563,36.953977,17.09,18.97,32.0
662983,2023-12-20,17:08:11,2023-12-20,17:11:07,2.93,0.73,0.37,-1.147972,36.953952,-1.147372,36.958188,14.95,17.11,23.0
662983,2023-12-20,17:12:00,2023-12-20,17:14:18,2.3,0.59,0.0,-1.147372,36.958188,-1.145285,36.955478,15.39,15.39,20.0
662983,2023-12-20,17:14:26,2023-12-20,17:16:09,1.72,0.41,0.37,-1.145285,36.955478,-1.147900,36.954068,14.3,18.22,24.0
662983,2023-12-20,17:31:46,2023-12-20,17:34:22,2.6,0.65,0.03,-1.147900,36.954068,-1.148120,36.958532,15.0,15.18,19.0
662983,2023-12-20,17:39:25,2023-12-20,17:41:18,1.88,0.62,0.03,-1.148120,36.958532,-1.147948,36.954143,19.79,20.11,43.0
662983,2023-12-20,17:43:57,2023-12-20,17:47:44,3.78,1.2,0.3,-1.147948,36.954143,-1.154843,36.959485,19.05,20.69,38.0
662983,2023-12-20,17:48:01,2023-12-20,17:51:34,3.55,1.18,0.5,-1.154843,36.959485,-1.147933,36.954190,19.94,23.21,42.0
662983,2023-12-20,18:04:38,2023-12-20,18:06:51,2.22,0.62,0.0,-1.147920,36.953900,-1.147678,36.958268,16.76,16.76,19.0
662983,2023-12-20,18:12:04,2023-12-20,18:14:11,2.12,0.55,0.0,-1.147678,36.958268,-1.147762,36.955032,15.57,15.57,21.0
662983,2023-12-20,19:00:48,2023-12-20,19:03:00,2.2,0.57,0.0,-1.147932,36.954002,-1.143557,36.955160,15.55,15.55,21.0
662983,2023-12-20,19:03:56,2023-12-20,19:05:34,1.63,0.39,0.28,-1.143557,36.955160,-1.140685,36.956613,14.36,17.33,32.0
662983,2023-12-20,19:07:18,2023-12-20,19:10:20,3.03,0.92,0.15,-1.140685,36.956613,-1.147822,36.954483,18.22,19.17,28.0
662983,2023-12-20,19:21:36,2023-12-20,19:24:49,3.22,1.12,0.0,-1.147822,36.954483,-1.151085,36.946898,20.87,20.87,33.0
662983,2023-12-20,20:52:44,2023-12-20,20:56:45,4.02,1.44,0.4,-1.151427,36.946723,-1.148068,36.958372,21.49,23.87,33.0
662983,2023-12-20,21:02:29,2023-12-20,21:04:14,1.75,0.46,0.0,-1.148068,36.958372,-1.147890,36.956060,15.77,15.77,27.0
662983,2023-12-20,21:08:45,2023-12-20,21:10:24,1.65,0.32,0.47,-1.147890,36.956060,,,11.64,16.27,18.0
662983,2023-12-21,05:58:12,2023-12-21,06:03:58,5.77,2.18,0.0,,,-1.140188,36.969157,22.67,22.67,41.0
662983,2023-12-21,06:04:22,2023-12-21,06:06:06,1.73,0.4,0.28,-1.140188,36.969157,-1.137860,36.971720,13.87,16.55,18.0
662983,2023-12-21,06:06:53,2023-12-21,06:13:01,6.13,2.69,0.32,-1.137860,36.971720,-1.147898,36.954008,26.33,27.78,45.0
662983,2023-12-21,07:02:10,2023-12-21,07:07:27,5.28,2.23,0.18,-1.147898,36.954008,-1.163477,36.957378,25.34,26.24,42.0
662983,2023-12-21,07:08:04,2023-12-21,07:09:22,1.3,0.25,0.4,-1.163477,36.957378,-1.165117,36.958488,11.54,16.67,22.0
662983,2023-12-21,07:11:27,2023-12-21,07:15:38,4.18,2.32,0.3,-1.165117,36.958488,-1.147158,36.955325,33.3,35.88,60.0
662983,2023-12-21,07:28:33,2023-12-21,07:35:25,6.87,2.84,0.0,-1.147923,36.954072,-1.139557,36.963575,24.8,24.8,38.0
662983,2023-12-21,07:38:14,2023-12-21,07:39:51,1.62,0.55,0.0,-1.139557,36.963575,-1.141598,36.967248,20.37,20.37,30.0
662983,2023-12-21,07:40:46,2023-12-21,07:46:19,5.55,1.82,0.0,-1.141598,36.967248,-1.147790,36.954870,19.68,19.68,26.0
662983,2023-12-21,08:17:21,2023-12-21,08:21:48,4.45,1.46,0.0,-1.147903,36.954148,-1.157045,36.957625,19.69,19.69,29.0
662983,2023-12-21,08:22:14,2023-12-21,08:23:39,1.42,0.32,0.23,-1.157045,36.957625,-1.159630,36.956710,13.52,16.13,16.0
662983,2023-12-21,08:25:48,2023-12-21,08:30:50,5.03,1.85,0.4,-1.159630,36.956710,-1.147913,36.954053,22.07,23.97,42.0
662983,2023-12-21,08:36:41,2023-12-21,08:41:29,4.8,1.71,0.17,-1.147913,36.954053,-1.143645,36.966740,21.38,22.16,34.0
662983,2023-12-21,08:48:05,2023-12-21,08:49:41,1.6,0.44,0.0,-1.143645,36.966740,-1.145217,36.968277,16.5,16.5,16.0
662983,2023-12-21,08:49:47,2023-12-21,08:51:27,1.67,0.38,0.17,-1.145217,36.968277,-1.142453,36.967688,13.65,15.2,19.0
662983,2023-12-21,08:52:51,2023-12-21,08:57:35,4.73,1.92,0.42,-1.142453,36.967688,-1.147928,36.954082,24.36,26.73,39.0
662983,2023-12-21,09:26:24,2023-12-21,09:29:32,3.13,1.16,0.0,-1.147928,36.954082,-1.154010,36.959380,22.24,22.24,32.0
662983,2023-12-21,09:29:33,2023-12-21,09:30:31,0.97,0.26,0.0,-1.154010,36.959380,-1.155613,36.958040,16.08,16.08,19.0
662983,2023-12-21,09:33:38,2023-12-21,09:37:00,3.37,0.97,0.0,-1.155613,36.958040,-1.155250,36.958625,17.27,17.27,19.0
662983,2023-12-21,09:37:01,2023-12-21,09:41:37,4.6,1.3,0.32,-1.155250,36.958625,-1.147900,36.954083,16.96,18.22,28.0
662983,2023-12-21,10:16:07,2023-12-21,10:18:12,2.08,0.56,0.42,-1.147900,36.954083,-1.148545,36.958083,16.15,20.24,27.0
662983,2023-12-21,10:18:54,2023-12-21,10:20:58,2.07,0.56,0.4,-1.148545,36.958083,-1.147887,36.954028,16.23,20.12,28.0
662983,2023-12-21,11:11:48,2023-12-21,11:19:44,7.93,3.23,0.0,-1.147747,36.953888,-1.152362,36.927272,24.44,24.44,40.0
662983,2023-12-21,11:19:48,2023-12-21,11:20:46,0.97,0.23,0.0,-1.152362,36.927272,-1.154073,36.926532,14.23,14.23,17.0
662983,2023-12-21,11:21:08,2023-12-21,11:22:58,1.83,0.69,0.33,-1.154073,36.926532,-1.159128,36.923177,22.62,27.6,39.0
662983,2023-12-21,11:25:02,2023-12-21,11:27:39,2.62,0.9,0.0,-1.159128,36.923177,-1.152402,36.927277,20.61,20.61,40.0
662983,2023-12-21,11:27:55,2023-12-21,11:35:53,7.97,3.23,0.17,-1.152402,36.927277,-1.147847,36.953948,24.32,24.85,38.0
662983,2023-12-21,11:40:44,2023-12-21,11:48:09,7.42,2.57,0.32,-1.147847,36.953948,-1.159923,36.940987,20.78,21.72,37.0
662983,2023-12-21,11:56:32,2023-12-21,11:58:11,1.65,0.48,0.0,-1.159923,36.940987,-1.159925,36.941123,17.45,17.45,26.0
662983,2023-12-21,11:58:12,2023-12-21,12:04:27,6.25,2.62,0.45,-1.159925,36.941123,-1.148093,36.953172,25.15,27.1,47.0
662983,2023-12-21,12:09:11,2023-12-21,12:15:36,6.42,2.34,0.48,-1.148093,36.953172,-1.154535,36.960755,21.87,23.64,54.0
662983,2023-12-21,12:15:37,2023-12-21,12:22:28,6.85,3.9,0.37,-1.154535,36.960755,-1.170962,36.978558,34.16,36.11,59.0
662983,2023-12-21,12:24:49,2023-12-21,12:36:05,11.27,5.32,0.53,-1.170962,36.978558,-1.147383,36.954625,28.32,29.72,55.0
662983,2023-12-21,12:46:11,2023-12-21,12:48:39,2.47,0.77,0.45,-1.147368,36.954602,-1.145648,36.959167,18.7,22.87,32.0
662983,2023-12-21,13:16:19,2023-12-21,13:18:53,2.57,0.78,0.47,-1.145648,36.959167,-1.147328,36.954643,18.21,22.29,37.0
662983,2023-12-21,16:52:17,2023-12-21,16:55:53,3.6,0.84,0.5,-1.147777,36.954265,-1.153600,36.956995,14.0,16.26,21.0
662983,2023-12-21,16:55:54,2023-12-21,16:58:41,2.78,0.81,0.27,-1.153600,36.956995,-1.147962,36.954035,17.48,19.36,26.0
662983,2023-12-21,17:13:05,2023-12-21,17:15:52,2.78,0.8,0.0,-1.147962,36.954035,-1.148058,36.960713,17.27,17.27,24.0
662983,2023-12-21,17:22:44,2023-12-21,17:25:30,2.77,0.87,0.38,-1.148058,36.960713,-1.147905,36.954075,18.84,21.84,28.0
662983,2023-12-21,17:32:49,2023-12-21,17:35:02,2.22,0.61,0.1,-1.147905,36.954075,-1.148395,36.958997,16.49,17.26,22.0
662983,2023-12-21,17:40:14,2023-12-21,17:44:09,3.92,1.35,0.27,-1.148395,36.958997,-1.154843,36.959448,20.66,22.19,31.0
662983,2023-12-21,17:50:10,2023-12-21,17:53:14,3.07,1.19,0.45,-1.154843,36.959448,-1.147935,36.954113,23.26,27.25,44.0
662983,2023-12-21,18:00:37,2023-12-21,18:06:43,6.1,2.42,0.62,-1.147935,36.954113,-1.147887,36.954058,23.8,26.5,58.0
662983,2023-12-21,18:46:07,2023-12-21,18:53:37,7.5,2.73,0.0,-1.147887,36.954058,-1.153367,36.932567,21.84,21.84,31.0
662983,2023-12-21,19:00:43,2023-12-21,19:06:22,5.65,1.6,0.33,-1.153367,36.932567,-1.161888,36.921592,16.99,18.05,38.0
662983,2023-12-21,19:12:13,2023-12-21,19:18:01,5.8,2.21,0.0,-1.161888,36.921592,-1.151367,36.933765,22.86,22.86,55.0
662983,2023-12-21,19:18:06,2023-12-21,19:24:37,6.52,2.82,0.18,-1.151367,36.933765,-1.148177,36.958377,25.95,26.69,40.0
662983,2023-12-21,19:31:37,2023-12-21,19:33:27,1.83,0.5,0.2,-1.148177,36.958377,-1.144748,36.957110,16.39,18.4,24.0
662983,2023-12-21,19:33:28,2023-12-21,19:35:45,2.28,0.65,0.2,-1.144748,36.957110,-1.148050,36.954012,17.11,18.75,42.0
662983,2023-12-21,19:59:56,2023-12-21,20:01:01,1.08,0.22,0.0,-1.150162,36.951435,-1.151692,36.951355,12.22,12.22,17.0
662983,2023-12-21,20:21:12,2023-12-21,20:22:56,1.73,0.55,0.1,-1.150707,36.951730,,,19.08,20.25,37.0
663045,2023-12-10,09:58:57,2023-12-10,10:01:12,2.25,0.68,0.0,,,-0.483040,36.516573,18.13,18.13,27.0
663045,2023-12-10,10:40:37,2023-12-10,10:42:58,2.35,0.61,0.18,-0.483040,36.516573,-0.479970,36.520967,15.57,16.87,19.0
663045,2023-12-10,11:10:12,2023-12-10,11:43:15,33.05,18.63,0.47,-0.479970,36.520967,-0.355942,36.494942,33.82,34.31,58.0
663045,2023-12-10,11:45:09,2023-12-10,11:46:48,1.65,0.47,0.32,-0.355942,36.494942,-0.352155,36.495395,17.09,21.2,32.0
663045,2023-12-10,11:50:40,2023-12-10,11:54:16,3.6,1.29,0.47,-0.352155,36.495395,-0.340650,36.495425,21.5,24.73,32.0
663045,2023-12-10,11:54:41,2023-12-10,11:57:39,2.97,0.73,0.32,-0.340650,36.495425,-0.334162,36.495790,14.75,16.53,18.0
663045,2023-12-10,12:10:47,2023-12-10,12:16:35,5.8,2.01,0.35,-0.334162,36.495790,-0.316848,36.494877,20.79,22.13,37.0
663045,2023-12-10,12:17:24,2023-12-10,12:18:23,0.98,0.23,0.0,-0.316848,36.494877,-0.314903,36.494112,14.08,14.08,18.0
663045,2023-12-10,12:38:33,2023-12-10,12:45:35,7.03,2.05,0.18,-0.314903,36.494112,-0.297653,36.487737,17.5,17.96,21.0
663045,2023-12-10,13:36:55,2023-12-10,13:40:24,3.48,1.79,0.0,-0.297653,36.487737,-0.282305,36.482867,30.86,30.86,37.0
663045,2023-12-10,19:57:33,2023-12-10,19:59:21,1.8,0.43,0.32,-0.246667,36.435772,-0.250405,36.434713,14.33,17.43,21.0
663045,2023-12-10,20:00:29,2023-12-10,20:03:38,3.15,0.85,0.15,-0.250405,36.434713,-0.248138,36.435457,16.19,17.0,28.0
663045,2023-12-10,20:41:21,2023-12-10,20:42:19,0.97,0.15,0.5,-0.248138,36.435457,-0.246800,36.435770,9.28,19.15,18.0
663045,2023-12-10,20:42:20,2023-12-10,20:45:19,2.98,0.79,0.0,-0.246800,36.435770,-0.243923,36.441102,15.91,15.91,21.0
663045,2023-12-10,20:45:20,2023-12-10,20:46:54,1.57,0.34,0.37,-0.243923,36.441102,,,12.99,17.0,16.0
663045,2023-12-11,07:13:07,2023-12-11,07:17:05,3.97,1.05,0.38,,,-0.248067,36.435477,15.87,17.55,19.0
663045,2023-12-11,07:23:18,2023-12-11,07:27:34,4.27,1.45,0.17,-0.248067,36.435477,-0.237457,36.431317,20.37,21.22,36.0
663045,2023-12-11,07:43:42,2023-12-11,07:45:38,1.93,0.68,0.0,-0.237457,36.431317,-0.242393,36.434780,21.14,21.14,27.0
663045,2023-12-11,18:48:43,2023-12-11,18:52:13,3.5,1.41,0.15,-0.472485,36.508947,-0.484580,36.512448,24.17,25.25,32.0
663045,2023-12-11,18:58:24,2023-12-11,19:02:24,4.0,1.09,0.38,-0.484580,36.512448,-0.479982,36.521022,16.35,18.07,19.0
663045,2023-12-11,19:08:41,2023-12-11,19:11:35,2.9,1.13,0.33,-0.479982,36.521022,-0.484587,36.512428,23.38,26.38,39.0
663045,2023-12-11,19:16:44,2023-12-11,19:18:36,1.87,0.62,0.0,-0.484587,36.512428,-0.482853,36.516538,19.89,19.89,27.0
663045,2023-12-11,20:06:03,2023-12-11,20:08:34,2.52,0.7,0.42,-0.483577,36.516827,,,16.67,20.0,23.0
663045,2023-12-12,13:33:30,2023-12-12,13:35:35,2.08,0.66,0.0,,,-0.482913,36.516523,19.04,19.04,23.0
663045,2023-12-12,13:55:39,2023-12-12,13:57:55,2.27,0.58,0.32,-0.482913,36.516523,-0.484560,36.512422,15.33,17.85,26.0
663045,2023-12-12,14:02:38,2023-12-12,14:14:07,11.48,8.68,0.0,-0.484560,36.512422,-0.545113,36.548320,45.37,45.37,63.0
663045,2023-12-12,19:27:36,2023-12-12,19:30:57,3.35,1.47,0.47,-1.174137,36.758902,-1.165073,36.750102,26.33,30.62,37.0
663045,2023-12-12,19:32:18,2023-12-12,19:39:03,6.75,2.4,0.47,-1.165073,36.750102,-1.174492,36.758867,21.33,22.93,37.0
663045,2023-12-12,19:52:42,2023-12-12,19:59:47,7.08,3.55,0.33,-1.174553,36.758688,-1.192345,36.744078,30.08,31.56,46.0
663045,2023-12-12,20:01:33,2023-12-12,20:09:16,7.72,3.42,0.18,-1.191158,36.743810,-1.174538,36.758738,26.58,27.21,42.0
663045,2023-12-12,20:19:31,2023-12-12,20:23:40,4.15,1.46,0.52,-1.174538,36.758738,-1.179880,36.748015,21.11,24.13,31.0
663045,2023-12-12,20:23:43,2023-12-12,20:27:04,3.35,1.27,0.28,-1.179880,36.748015,-1.174858,36.757123,22.75,24.82,35.0
663045,2023-12-12,20:27:11,2023-12-12,20:35:03,7.87,3.4,0.27,-1.174858,36.757123,-1.192618,36.743873,25.92,26.84,40.0
663045,2023-12-12,20:36:32,2023-12-12,20:45:23,8.85,3.58,0.33,-1.192618,36.743873,-1.174510,36.758623,24.27,25.21,40.0
663045,2023-12-12,20:45:38,2023-12-12,20:47:24,1.77,0.43,0.5,-1.174510,36.758623,-1.175272,36.754798,14.58,20.31,27.0
663045,2023-12-12,20:47:33,2023-12-12,20:48:59,1.43,0.45,0.27,-1.175272,36.754798,-1.174482,36.758752,18.88,23.28,32.0
663045,2023-12-12,21:19:50,2023-12-12,21:22:10,2.33,0.72,0.0,-1.174482,36.758752,-1.174592,36.753023,18.54,18.54,23.0
663045,2023-12-12,21:24:44,2023-12-12,21:28:03,3.32,1.06,0.47,-1.172092,36.751360,-1.174488,36.758768,19.16,22.32,36.0
663045,2023-12-12,22:14:39,2023-12-12,22:17:37,2.97,1.0,0.0,-1.174488,36.758768,-1.177557,36.751968,20.2,20.2,25.0
663045,2023-12-12,22:18:07,2023-12-12,22:21:04,2.95,1.0,0.32,-1.177557,36.751968,-1.174467,36.758740,20.34,22.81,29.0
663045,2023-12-12,22:21:59,2023-12-12,22:26:38,4.65,1.96,0.48,-1.174467,36.758740,-1.184230,36.749052,25.29,28.2,52.0
663045,2023-12-12,22:26:39,2023-12-12,22:34:06,7.45,2.94,0.07,-1.184230,36.749052,-1.176135,36.763337,23.68,23.9,31.0
663045,2023-12-12,22:44:55,2023-12-12,22:47:00,2.08,0.58,0.42,-1.176135,36.763337,-1.172053,36.760162,16.73,20.96,25.0
663045,2023-12-12,22:47:55,2023-12-12,22:49:28,1.55,0.39,0.4,-1.172053,36.760162,-1.174457,36.758805,15.1,20.35,29.0
663045,2023-12-12,23:02:37,2023-12-12,23:06:36,3.98,1.6,0.38,-1.174507,36.759010,-1.187382,36.763787,24.12,26.67,34.0
663045,2023-12-12,23:06:48,2023-12-12,23:10:18,3.5,1.62,0.33,-1.187382,36.763787,-1.174460,36.758883,27.77,30.66,39.0
663045,2023-12-12,23:10:38,2023-12-12,23:13:45,3.12,1.39,0.0,-1.174460,36.758883,-1.185167,36.762792,26.73,26.73,46.0
663045,2023-12-12,23:14:15,2023-12-12,23:17:37,3.37,1.38,0.4,-1.185167,36.762792,-1.174498,36.758940,24.57,27.88,38.0
663045,2023-12-12,23:42:45,2023-12-12,23:52:50,10.08,4.0,0.37,-1.174470,36.758693,-1.158810,36.756310,23.81,24.72,34.0
663045,2023-12-12,23:53:16,2023-12-13,00:01:42,8.43,4.01,0.4,-1.158810,36.756310,,,28.54,29.96,44.0
663045,2023-12-13,00:52:02,2023-12-13,00:54:34,2.53,0.94,0.18,,,-1.176120,36.763307,22.29,24.0,32.0
663045,2023-12-13,07:18:43,2023-12-13,07:21:58,3.25,0.95,0.4,-1.176120,36.763307,-1.174467,36.758940,17.54,20.0,32.0
663045,2023-12-13,07:23:01,2023-12-13,07:25:54,2.88,0.96,0.18,-1.174467,36.758940,-1.176167,36.763315,20.0,21.33,29.0
663045,2023-12-13,07:28:22,2023-12-13,07:31:30,3.13,0.94,0.48,-1.176167,36.763315,-1.174503,36.758935,18.02,21.28,32.0
663045,2023-12-13,08:07:24,2023-12-13,08:16:25,9.02,5.29,0.57,-1.174503,36.758935,-1.208750,36.788035,35.19,37.56,55.0
663045,2023-12-13,08:18:22,2023-12-13,08:19:47,1.42,0.34,0.48,-1.208750,36.788035,-1.210937,36.790188,14.37,21.7,31.0
663045,2023-12-13,08:19:48,2023-12-13,08:44:20,24.53,13.94,0.0,-1.210937,36.790188,-1.299527,36.824432,34.1,34.1,56.0
663045,2023-12-13,08:44:25,2023-12-13,08:47:08,2.72,1.1,0.13,-1.299527,36.824432,-1.304828,36.827657,24.26,25.48,58.0
663045,2023-12-13,12:41:54,2023-12-13,12:45:28,3.57,1.04,0.33,-1.304828,36.827657,-1.297605,36.823182,17.48,19.26,42.0
663045,2023-12-13,12:46:04,2023-12-13,12:51:12,5.13,2.0,0.0,-1.297605,36.823182,-1.281940,36.814767,23.39,23.39,43.0
663045,2023-12-13,12:51:13,2023-12-13,12:57:36,6.38,2.74,0.03,-1.281940,36.814767,-1.277668,36.821613,25.77,25.89,39.0
663045,2023-12-13,12:57:59,2023-12-13,12:59:52,1.88,0.46,0.17,-1.277668,36.821613,-1.279837,36.824483,14.68,16.14,20.0
663045,2023-12-13,12:59:53,2023-12-13,13:01:18,1.42,0.4,0.2,-1.279837,36.824483,-1.280780,36.827883,16.9,19.67,29.0
663045,2023-12-13,14:24:10,2023-12-13,14:29:09,4.98,1.56,0.05,-1.280505,36.828342,-1.274348,36.823345,18.8,18.99,37.0
663045,2023-12-13,14:29:14,2023-12-13,14:57:27,28.22,15.93,0.93,-1.274348,36.823345,-1.174485,36.758890,33.87,35.02,60.0
663045,2023-12-13,15:01:25,2023-12-13,15:03:42,2.28,0.75,0.2,-1.174485,36.758890,-1.175670,36.752577,19.74,21.63,34.0
663045,2023-12-13,15:04:24,2023-12-13,15:06:41,2.28,0.67,0.07,-1.175670,36.752577,-1.174688,36.758055,17.63,18.19,26.0
663045,2023-12-13,15:07:07,2023-12-13,15:11:10,4.05,1.39,0.0,-1.174688,36.758055,-1.178273,36.747030,20.59,20.59,28.0
663045,2023-12-13,15:11:14,2023-12-13,15:14:47,3.55,0.9,0.4,-1.178273,36.747030,-1.176983,36.741643,15.21,17.14,20.0
663045,2023-12-13,15:14:48,2023-12-13,15:17:55,3.12,0.93,0.0,-1.176983,36.741643,-1.178352,36.747262,17.88,17.88,24.0
663045,2023-12-13,15:17:59,2023-12-13,15:21:28,3.48,1.39,0.28,-1.178352,36.747262,-1.174512,36.758855,23.97,26.06,37.0
663045,2023-12-13,16:11:08,2023-12-13,16:14:19,3.18,0.96,0.32,-1.174512,36.758855,-1.176165,36.763287,18.11,20.14,27.0
663045,2023-12-13,16:48:29,2023-12-13,16:51:10,2.68,0.92,0.0,-1.176165,36.763287,-1.174263,36.759017,20.6,20.6,30.0
663045,2023-12-13,17:05:02,2023-12-13,17:06:20,1.3,0.26,0.33,-1.174263,36.759017,-1.174895,36.756753,12.0,16.08,22.0
663045,2023-12-13,17:06:28,2023-12-13,17:07:31,1.05,0.22,0.33,-1.174895,36.756753,-1.174522,36.758717,12.57,18.33,24.0
663045,2023-12-13,17:23:10,2023-12-13,17:27:21,4.18,1.52,0.15,-1.174522,36.758717,-1.165743,36.761748,21.82,22.63,36.0
663045,2023-12-13,17:28:57,2023-12-13,17:30:06,1.15,0.2,0.47,-1.165743,36.761748,-1.167140,36.762787,10.43,17.65,19.0
663045,2023-12-13,17:31:09,2023-12-13,17:33:43,2.57,1.19,0.2,-1.167140,36.762787,-1.174480,36.758845,27.78,30.13,61.0
663045,2023-12-13,17:34:20,2023-12-13,17:35:27,1.12,0.26,0.17,-1.174480,36.758845,-1.174845,36.757383,13.93,16.42,18.0
663045,2023-12-13,17:36:58,2023-12-13,17:40:04,3.1,0.82,0.8,-1.174845,36.757383,-1.174537,36.758828,15.87,21.39,38.0
663045,2023-12-13,17:56:05,2023-12-13,17:57:52,1.78,0.7,0.47,-1.174643,36.758438,-1.175915,36.752302,23.6,32.06,36.0
663045,2023-12-13,17:57:53,2023-12-13,17:59:49,1.93,0.75,0.37,-1.175915,36.752302,-1.174533,36.758855,23.32,28.85,43.0
663045,2023-12-13,19:21:00,2023-12-13,19:23:56,2.93,1.06,0.37,-1.174533,36.758855,-1.166950,36.753888,21.71,24.84,32.0
663045,2023-12-13,19:34:22,2023-12-13,19:37:08,2.77,1.02,0.0,-1.167320,36.754023,-1.174508,36.759182,22.09,22.09,29.0
663045,2023-12-13,19:38:14,2023-12-13,19:42:57,4.72,2.0,0.43,-1.174700,36.759105,-1.184262,36.749075,25.42,27.97,42.0
663045,2023-12-13,19:42:58,2023-12-13,19:47:00,4.03,1.52,0.37,-1.184262,36.749075,-1.175207,36.754628,22.63,24.92,32.0
663045,2023-12-13,19:47:05,2023-12-13,19:49:57,2.87,1.0,0.0,-1.175207,36.754628,-1.178302,36.746988,20.91,20.91,34.0
663045,2023-12-13,19:50:02,2023-12-13,19:51:50,1.8,0.41,0.38,-1.178302,36.746988,-1.178942,36.743417,13.67,17.32,21.0
663045,2023-12-13,19:51:53,2023-12-13,19:53:48,1.92,0.51,0.0,-1.178942,36.743417,-1.178922,36.747617,15.94,15.94,20.0
663045,2023-12-13,19:53:49,2023-12-13,19:56:13,2.4,0.74,0.43,-1.178922,36.747617,-1.175467,36.753260,18.5,22.54,25.0
663045,2023-12-13,19:58:00,2023-12-13,19:59:52,1.87,0.62,0.27,-1.175467,36.753260,-1.174497,36.758782,19.89,23.25,28.0
663045,2023-12-13,20:16:00,2023-12-13,20:18:34,2.57,0.82,0.17,-1.174497,36.758782,-1.172038,36.754780,19.14,20.5,26.0
663045,2023-12-13,20:20:18,2023-12-13,20:21:45,1.45,0.33,0.38,-1.172038,36.754780,-1.175017,36.754813,13.66,18.5,26.0
663045,2023-12-13,20:21:46,2023-12-13,20:23:06,1.33,0.45,0.45,-1.175017,36.754813,-1.174495,36.758785,20.3,30.68,37.0
663045,2023-12-13,21:48:49,2023-12-13,21:50:36,1.78,0.64,0.0,-1.174615,36.758237,-1.174645,36.753117,21.57,21.57,31.0
663045,2023-12-13,21:54:55,2023-12-13,21:56:36,1.68,0.6,0.08,-1.175392,36.753475,-1.174455,36.758783,21.43,22.5,31.0
663045,2023-12-13,21:58:04,2023-12-13,21:59:03,0.98,0.18,0.4,-1.174102,36.758895,-1.172592,36.758327,11.02,18.62,22.0
663045,2023-12-13,22:01:36,2023-12-13,22:10:18,8.7,4.11,0.0,-1.172592,36.758327,-1.175130,36.734800,28.34,28.34,42.0
663045,2023-12-13,22:10:28,2023-12-13,22:12:18,1.83,0.42,0.42,-1.175130,36.734800,-1.172292,36.732358,13.77,17.87,21.0
663045,2023-12-13,22:13:23,2023-12-13,22:15:26,2.05,0.52,0.0,-1.172292,36.732358,-1.175772,36.735383,15.22,15.22,19.0
663045,2023-12-13,22:15:27,2023-12-13,22:20:45,5.3,1.77,0.0,-1.175772,36.735383,-1.178232,36.746895,20.04,20.04,32.0
663045,2023-12-13,22:20:56,2023-12-13,22:24:49,3.88,1.53,0.45,-1.178232,36.746895,-1.174943,36.759217,23.66,26.76,35.0
663045,2023-12-13,22:47:01,2023-12-13,22:49:14,2.22,0.88,0.13,-1.173867,36.758785,,,23.78,25.26,31.0
663045,2023-12-14,11:20:22,2023-12-14,11:23:49,3.45,0.94,0.45,,,-1.174530,36.758982,16.35,18.8,23.0
663045,2023-12-14,11:27:41,2023-12-14,11:30:08,2.45,0.76,0.5,-1.174530,36.758982,-1.175923,36.752353,18.61,23.38,28.0
663045,2023-12-14,11:30:58,2023-12-14,11:33:26,2.47,0.74,0.52,-1.175923,36.752353,-1.174568,36.758862,17.98,22.77,35.0
663045,2023-12-14,12:18:22,2023-12-14,12:19:44,1.37,0.27,0.5,-1.174568,36.758862,-1.175032,36.756447,11.82,18.62,25.0
663045,2023-12-14,12:20:17,2023-12-14,12:21:35,1.3,0.26,0.32,-1.175032,36.756447,-1.174583,36.758723,12.0,15.92,23.0
663045,2023-12-14,12:29:35,2023-12-14,12:32:34,2.98,1.19,0.37,-1.174583,36.758723,-1.183927,36.763512,23.96,27.36,43.0
663045,2023-12-14,12:47:56,2023-12-14,12:51:09,3.22,1.18,0.1,-1.183927,36.763512,-1.174562,36.758812,21.99,22.69,33.0
663045,2023-12-14,13:19:35,2023-12-14,13:21:18,1.72,0.4,0.43,-1.174562,36.758812,-1.175110,36.755268,13.95,18.6,21.0
663045,2023-12-14,13:22:52,2023-12-14,13:25:37,2.75,0.9,0.35,-1.175110,36.755268,-1.176762,36.751960,19.64,22.5,27.0
663045,2023-12-14,13:26:06,2023-12-14,13:27:44,1.63,0.44,0.47,-1.176762,36.751960,-1.175140,36.755240,16.2,22.76,32.0
663045,2023-12-14,13:31:22,2023-12-14,13:33:43,2.35,0.81,0.33,-1.175140,36.755240,-1.179737,36.755442,20.68,24.06,41.0
663045,2023-12-14,13:33:52,2023-12-14,13:35:40,1.8,0.46,0.17,-1.179737,36.755442,-1.177447,36.755160,15.33,16.93,26.0
663045,2023-12-14,13:35:41,2023-12-14,13:37:57,2.27,0.8,0.33,-1.177447,36.755160,-1.174318,36.758912,21.15,24.74,33.0
663045,2023-12-14,13:39:53,2023-12-14,13:47:27,7.57,3.04,0.37,-1.174318,36.758912,-1.172783,36.776097,24.1,25.33,47.0
663045,2023-12-14,13:49:16,2023-12-14,13:57:09,7.88,4.24,0.37,-1.172783,36.776097,-1.178672,36.753643,32.28,33.87,74.0
663045,2023-12-14,13:58:55,2023-12-14,14:00:52,1.95,0.6,0.4,-1.178672,36.753643,-1.175158,36.755215,18.46,23.23,43.0
663045,2023-12-14,14:08:02,2023-12-14,14:09:27,1.42,0.36,0.43,-1.175158,36.755215,-1.174572,36.758378,15.21,21.82,42.0
663045,2023-12-14,14:10:23,2023-12-14,14:13:24,3.02,0.89,0.38,-1.174572,36.758378,-1.175615,36.761255,17.68,20.23,28.0
663045,2023-12-14,14:16:37,2023-12-14,14:19:04,2.45,0.86,0.0,-1.175615,36.761255,-1.173677,36.759300,21.06,21.06,37.0
663045,2023-12-14,15:13:43,2023-12-14,15:17:17,3.57,1.53,0.0,-1.174482,36.758882,-1.178357,36.746690,25.71,25.71,38.0
663045,2023-12-14,15:17:18,2023-12-14,15:20:21,3.05,0.85,0.3,-1.178357,36.746690,-1.179982,36.740217,16.72,18.55,24.0
663045,2023-12-14,15:23:58,2023-12-14,15:27:22,3.4,1.04,0.0,-1.179982,36.740217,-1.176375,36.745643,18.35,18.35,25.0
663045,2023-12-14,15:27:23,2023-12-14,15:28:27,1.07,0.3,0.0,-1.176375,36.745643,-1.178378,36.746262,16.82,16.82,19.0
663045,2023-12-14,15:28:58,2023-12-14,15:33:43,4.75,1.52,0.3,-1.178378,36.746262,-1.174545,36.758787,19.2,20.49,29.0
663045,2023-12-14,16:32:26,2023-12-14,16:35:57,3.52,0.94,0.12,-1.174545,36.758787,-1.176142,36.763280,16.02,16.59,20.0
663045,2023-12-14,16:41:58,2023-12-14,16:45:41,3.72,0.95,0.13,-1.176142,36.763280,-1.174583,36.758788,15.32,15.88,20.0
663045,2023-12-14,16:48:05,2023-12-14,16:49:51,1.77,0.5,0.17,-1.174583,36.758788,-1.174783,36.754798,16.95,18.75,28.0
663045,2023-12-14,16:50:37,2023-12-14,16:52:15,1.63,0.44,0.33,-1.174965,36.754800,-1.174593,36.758750,16.2,20.31,31.0
663045,2023-12-14,17:27:21,2023-12-14,17:32:29,5.13,2.17,0.4,-1.174512,36.758818,-1.174567,36.758793,25.38,27.53,47.0
663045,2023-12-14,17:38:16,2023-12-14,17:40:41,2.42,0.78,0.38,-1.174567,36.758793,-1.176108,36.751960,19.34,22.94,29.0
663045,2023-12-14,17:40:44,2023-12-14,17:42:56,2.2,0.78,0.35,-1.176108,36.751960,-1.174525,36.758725,21.27,25.3,35.0
663045,2023-12-14,18:11:08,2023-12-14,18:14:02,2.9,0.93,0.45,-1.174873,36.757503,-1.172053,36.751320,19.24,22.78,36.0
663045,2023-12-14,18:17:28,2023-12-14,18:19:11,1.72,0.62,0.0,-1.175025,36.753133,-1.174575,36.758578,21.63,21.63,44.0
663045,2023-12-14,18:20:54,2023-12-14,18:25:34,4.67,2.07,0.43,-1.174523,36.758910,-1.174543,36.758840,26.6,29.29,56.0
663045,2023-12-14,18:33:05,2023-12-14,18:34:15,1.17,0.3,0.0,-1.174543,36.758840,-1.175080,36.756157,15.38,15.38,26.0
663045,2023-12-14,18:38:02,2023-12-14,18:40:17,2.25,0.78,0.17,-1.175240,36.755107,-1.178822,36.752318,20.8,22.5,33.0
663045,2023-12-14,18:42:41,2023-12-14,18:45:54,3.22,1.15,0.17,-1.178822,36.752318,-1.174540,36.758822,21.43,22.62,36.0
663045,2023-12-14,19:23:05,2023-12-14,19:24:19,1.23,0.23,0.4,-1.174540,36.758822,-1.174907,36.756825,11.22,16.63,23.0
663045,2023-12-14,19:24:20,2023-12-14,19:27:45,3.42,1.76,0.45,-1.174907,36.756825,-1.184308,36.749143,30.88,35.56,42.0
663045,2023-12-14,19:28:13,2023-12-14,19:33:00,4.78,1.98,0.28,-1.184308,36.749143,-1.174537,36.758710,24.85,26.4,38.0
663045,2023-12-14,19:33:40,2023-12-14,19:36:45,3.08,0.95,0.32,-1.174537,36.758710,-1.176167,36.763365,18.51,20.65,24.0
663045,2023-12-14,19:41:37,2023-12-14,19:44:18,2.68,0.96,0.32,-1.176167,36.763365,-1.174448,36.758835,21.49,24.41,30.0
663045,2023-12-14,19:45:36,2023-12-14,19:47:05,1.48,0.46,0.47,-1.174448,36.758835,-1.175265,36.754750,18.65,27.33,35.0
663045,2023-12-14,19:47:06,2023-12-14,19:48:35,1.48,0.45,0.48,-1.175265,36.754750,-1.174493,36.758700,18.24,27.0,37.0
663045,2023-12-14,19:49:07,2023-12-14,19:55:46,6.65,3.45,0.0,-1.174493,36.758700,-1.154235,36.738037,31.13,31.13,47.0
663045,2023-12-14,19:55:49,2023-12-14,19:57:45,1.93,0.52,0.03,-1.154235,36.738037,-1.151008,36.741437,16.17,16.42,18.0
663045,2023-12-14,19:58:22,2023-12-14,20:07:41,9.32,4.13,0.47,-1.151008,36.741437,-1.175887,36.759607,26.59,28.0,41.0
663045,2023-12-14,20:08:02,2023-12-14,20:10:25,2.38,0.64,0.37,-1.175887,36.759607,-1.181012,36.762112,16.13,19.1,21.0
663045,2023-12-14,20:12:20,2023-12-14,20:14:57,2.62,0.82,0.08,-1.181012,36.762112,-1.174535,36.758865,18.78,19.37,25.0
663045,2023-12-14,20:19:35,2023-12-14,20:21:36,2.02,0.88,0.0,-1.174535,36.758702,-1.177897,36.755897,26.14,26.14,47.0
663045,2023-12-14,20:23:06,2023-12-14,20:25:32,2.43,0.68,0.25,-1.177897,36.755897,-1.174448,36.758883,16.79,18.72,33.0
663045,2023-12-14,20:59:14,2023-12-14,21:00:41,1.45,0.38,0.17,-1.174540,36.758698,-1.175617,36.756085,15.72,17.81,27.0
663045,2023-12-14,21:00:59,2023-12-14,21:02:23,1.4,0.33,0.45,-1.175617,36.756085,-1.174520,36.758753,14.14,20.84,25.0
663045,2023-12-14,21:42:02,2023-12-14,21:46:15,4.22,2.57,0.45,-1.175577,36.759463,-1.191257,36.775052,36.54,40.9,61.0
663045,2023-12-14,21:48:17,2023-12-14,21:53:06,4.82,2.68,0.28,-1.191138,36.774800,-1.174498,36.758902,33.36,35.42,45.0
663045,2023-12-14,22:04:44,2023-12-14,22:09:08,4.4,2.0,0.48,-1.174560,36.758612,-1.174493,36.758765,27.27,30.61,52.0
663045,2023-12-14,23:08:14,2023-12-14,23:11:12,2.97,1.18,0.18,-1.174538,36.758570,-1.179160,36.754612,23.84,25.38,45.0
663045,2023-12-14,23:12:20,2023-12-14,23:14:54,2.57,0.99,0.4,-1.179160,36.754612,-1.174640,36.758730,23.11,27.37,48.0
663045,2023-12-14,23:34:25,2023-12-14,23:42:32,8.12,4.34,0.0,-1.174478,36.758877,-1.175133,36.734807,32.07,32.07,54.0
663045,2023-12-14,23:43:44,2023-12-14,23:52:44,9.0,5.05,0.47,-1.175133,36.734807,-1.174995,36.759222,33.67,35.52,63.0
663045,2023-12-14,23:52:45,2023-12-14,23:55:22,2.62,1.02,0.28,-1.174995,36.759222,,,23.36,26.15,40.0
663045,2023-12-15,07:46:53,2023-12-15,08:01:59,15.1,8.97,0.63,,,-1.174218,36.758997,35.64,37.19,59.0
663045,2023-12-15,08:48:32,2023-12-15,08:52:26,3.9,1.49,0.42,-1.174610,36.758840,-1.174528,36.758678,22.92,25.69,38.0
663045,2023-12-15,09:03:18,2023-12-15,09:05:45,2.45,0.73,0.47,-1.174528,36.758678,-1.175925,36.752305,17.88,22.12,28.0
663045,2023-12-15,09:07:00,2023-12-15,09:09:02,2.03,0.74,0.23,-1.175925,36.752305,-1.174583,36.758730,21.87,24.67,38.0
663045,2023-12-15,09:43:12,2023-12-15,09:50:31,7.32,5.09,0.47,-1.174583,36.758730,-1.194375,36.731393,41.72,44.58,81.0
663045,2023-12-15,09:50:34,2023-12-15,09:58:21,7.78,3.74,0.8,-1.194375,36.731393,-1.179200,36.747632,28.84,32.15,51.0
663045,2023-12-15,09:58:35,2023-12-15,10:01:45,3.17,1.37,0.4,-1.179200,36.747632,-1.174580,36.758695,25.93,29.68,42.0
663045,2023-12-15,10:34:14,2023-12-15,10:37:11,2.95,0.97,0.35,-1.174580,36.758695,-1.178420,36.753897,19.73,22.38,29.0
663045,2023-12-15,10:38:01,2023-12-15,10:39:44,1.72,0.41,0.22,-1.178420,36.753897,-1.176495,36.756830,14.3,16.4,21.0
663045,2023-12-15,10:41:09,2023-12-15,10:42:38,1.48,0.41,0.33,-1.176495,36.756830,-1.174577,36.758732,16.62,21.39,41.0
663045,2023-12-15,11:08:19,2023-12-15,11:11:25,3.1,0.92,0.0,-1.174577,36.758732,-1.177663,36.754325,17.81,17.81,22.0
663045,2023-12-15,11:14:48,2023-12-15,11:17:25,2.62,0.72,0.38,-1.177663,36.754325,-1.174543,36.758710,16.49,19.29,23.0
663045,2023-12-15,11:44:19,2023-12-15,11:58:50,14.52,7.25,0.45,-1.174543,36.758710,-1.174568,36.758680,29.96,30.92,52.0
663045,2023-12-15,12:00:48,2023-12-15,12:08:56,8.13,3.53,0.42,-1.174568,36.758680,-1.148743,36.752110,26.05,27.47,38.0
663045,2023-12-15,12:11:37,2023-12-15,12:15:40,4.05,1.25,0.45,-1.148743,36.752110,-1.147558,36.761337,18.52,20.83,24.0
663045,2023-12-15,12:48:52,2023-12-15,12:53:03,4.18,1.19,0.48,-1.147558,36.761337,-1.148677,36.752173,17.08,19.3,23.0
663045,2023-12-15,12:53:54,2023-12-15,13:02:05,8.18,3.55,0.4,-1.148677,36.752173,-1.174585,36.759067,26.04,27.38,43.0
663045,2023-12-15,13:08:20,2023-12-15,13:09:32,1.2,0.25,0.28,-1.174585,36.759067,-1.174475,36.758920,12.5,16.3,19.0
663045,2023-12-15,14:19:31,2023-12-15,14:21:30,1.98,0.57,0.35,-1.174475,36.758920,-1.175598,36.754233,17.27,20.98,30.0
663045,2023-12-15,14:21:44,2023-12-15,14:23:31,1.78,0.47,0.13,-1.175598,36.754233,-1.177427,36.752123,15.84,17.09,26.0
663045,2023-12-15,14:24:56,2023-12-15,14:27:25,2.48,0.92,0.0,-1.177427,36.752123,-1.174525,36.758477,22.26,22.26,38.0
663045,2023-12-15,14:54:36,2023-12-15,15:01:02,6.43,3.48,0.45,-1.174525,36.758477,-1.191968,36.743912,32.47,34.92,56.0
663045,2023-12-15,15:01:37,2023-12-15,15:12:45,11.13,6.24,0.47,-1.191968,36.743912,-1.191257,36.774997,33.64,35.12,52.0
663045,2023-12-15,15:13:01,2023-12-15,15:21:43,8.7,5.19,0.48,-1.191257,36.774997,-1.159427,36.743522,35.79,37.88,55.0
663045,2023-12-15,15:21:44,2023-12-15,15:26:33,4.82,2.52,0.0,-1.159427,36.743522,-1.174478,36.758793,31.37,31.37,51.0
663045,2023-12-15,16:47:27,2023-12-15,16:49:59,2.53,0.72,0.47,-1.174478,36.758793,-1.172973,36.754448,17.08,20.97,29.0
663045,2023-12-15,16:50:52,2023-12-15,16:53:18,2.43,0.68,0.33,-1.172973,36.754448,-1.174520,36.758768,16.79,19.43,30.0
663045,2023-12-15,18:13:36,2023-12-15,18:17:29,3.88,1.84,0.25,-1.174520,36.758768,-1.178313,36.744058,28.45,30.41,62.0
663045,2023-12-15,18:18:33,2023-12-15,18:21:55,3.37,1.48,0.45,-1.178313,36.744058,-1.175112,36.755970,26.35,30.41,50.0
663045,2023-12-15,18:23:08,2023-12-15,18:30:10,7.03,3.98,0.0,-1.175112,36.755970,-1.194627,36.781523,33.97,33.97,50.0
663045,2023-12-15,18:34:00,2023-12-15,18:41:39,7.65,3.51,0.32,-1.195338,36.780975,-1.174538,36.758983,27.53,28.73,39.0
663045,2023-12-15,18:58:58,2023-12-15,19:02:05,3.12,1.1,0.37,-1.174538,36.758983,-1.183348,36.763343,21.15,24.0,32.0
663045,2023-12-15,19:04:18,2023-12-15,19:07:17,2.98,1.05,0.3,-1.182687,36.763057,-1.174515,36.758803,21.14,23.51,27.0
663045,2023-12-15,20:18:20,2023-12-15,20:19:21,1.02,0.17,0.38,-1.173230,36.758300,-1.172493,36.759597,10.0,15.94,22.0
663045,2023-12-15,20:22:50,2023-12-15,20:24:55,2.08,0.57,0.0,-1.172493,36.759597,-1.176013,36.763203,16.44,16.44,17.0
663045,2023-12-15,21:26:37,2023-12-15,21:32:19,5.7,2.7,0.42,-1.174423,36.758875,-1.191207,36.775005,28.42,30.68,38.0
663045,2023-12-15,21:33:16,2023-12-15,21:39:39,6.38,2.65,0.0,-1.191113,36.774698,-1.174538,36.759045,24.92,24.92,30.0
663045,2023-12-15,21:43:30,2023-12-15,21:45:07,1.62,0.43,0.33,-1.174493,36.758885,-1.175150,36.755133,15.93,20.0,28.0
663045,2023-12-15,21:47:53,2023-12-15,21:49:29,1.6,0.41,0.33,-1.175240,36.755068,-1.174523,36.758722,15.37,19.37,29.0
663045,2023-12-15,22:11:12,2023-12-15,22:13:15,2.05,0.68,0.0,-1.174520,36.758598,-1.174670,36.753080,19.9,19.9,26.0
663045,2023-12-15,22:18:11,2023-12-15,22:20:09,1.97,0.55,0.33,-1.174670,36.753080,-1.174637,36.757827,16.75,20.12,28.0
663045,2023-12-15,22:20:27,2023-12-15,22:21:52,1.42,0.32,0.42,-1.174637,36.757827,-1.175192,36.755035,13.52,19.2,24.0
663045,2023-12-15,22:22:41,2023-12-15,22:25:08,2.45,0.9,0.32,-1.175270,36.754407,-1.179618,36.750750,22.04,25.35,43.0
663045,2023-12-15,22:25:21,2023-12-15,22:29:21,4.0,1.39,0.28,-1.179618,36.750750,-1.174453,36.758763,20.85,22.42,33.0
663045,2023-12-15,22:57:30,2023-12-15,22:58:49,1.32,0.33,0.0,-1.174453,36.758763,-1.173097,36.756458,15.0,15.0,27.0
663045,2023-12-15,23:00:06,2023-12-15,23:01:53,1.78,0.39,0.35,-1.173097,36.756458,-1.174455,36.758895,13.15,16.36,23.0
663045,2023-12-15,23:09:29,2023-12-15,23:11:16,1.78,0.44,0.02,-1.174455,36.758895,-1.174455,36.758792,14.83,15.0,16.0
663045,2023-12-15,23:27:19,2023-12-15,23:29:56,2.62,0.77,0.17,-1.174207,36.758938,-1.174977,36.762442,17.63,18.86,26.0
663045,2023-12-15,23:31:18,2023-12-15,23:34:00,2.7,0.72,0.32,-1.174977,36.762442,-1.174453,36.758905,16.0,18.15,20.0
663045,2023-12-15,23:35:40,2023-12-15,23:44:30,8.83,4.33,0.33,-1.174453,36.758905,-1.174987,36.734722,29.42,30.56,49.0
663045,2023-12-15,23:46:43,2023-12-15,23:56:28,9.75,4.33,0.77,-1.174987,36.734722,-1.164280,36.749550,26.65,28.93,54.0
663045,2023-12-15,23:56:44,2023-12-16,00:01:46,5.03,2.22,0.0,-1.164280,36.749550,,,26.48,26.48,42.0
663045,2023-12-16,10:25:35,2023-12-16,10:26:53,1.3,0.25,0.48,,,-1.172547,36.759485,11.54,18.29,23.0
663045,2023-12-16,10:30:44,2023-12-16,10:32:49,2.08,0.58,0.0,-1.172547,36.759485,-1.176117,36.763148,16.73,16.73,19.0
663045,2023-12-16,12:20:08,2023-12-16,12:23:42,3.57,0.95,0.25,-1.176252,36.763222,-1.174518,36.758787,15.97,17.17,22.0
663045,2023-12-16,12:59:15,2023-12-16,13:04:50,5.58,2.7,0.45,-1.174518,36.758787,-1.191275,36.774968,29.03,31.58,47.0
663045,2023-12-16,13:06:02,2023-12-16,13:16:08,10.1,5.19,0.43,-1.191275,36.774968,-1.159433,36.743533,30.83,32.2,60.0
663045,2023-12-16,13:16:16,2023-12-16,13:21:30,5.23,2.51,0.47,-1.159433,36.743533,-1.174528,36.758807,28.8,31.64,45.0
663045,2023-12-16,13:44:36,2023-12-16,13:47:08,2.53,0.89,0.0,-1.174528,36.758807,-1.177983,36.755693,21.11,21.11,30.0
663045,2023-12-16,13:51:51,2023-12-16,13:54:51,3.0,0.93,0.55,-1.177983,36.755693,-1.174885,36.759158,18.6,22.78,37.0
663045,2023-12-16,14:20:48,2023-12-16,14:34:06,13.3,6.45,0.38,-1.174885,36.759158,-1.164118,36.728903,29.1,29.95,44.0
663045,2023-12-16,14:34:58,2023-12-16,14:36:21,1.38,0.26,0.42,-1.164118,36.728903,-1.162882,36.727248,11.3,16.25,25.0
663045,2023-12-16,14:36:37,2023-12-16,14:38:56,2.32,0.4,0.93,-1.162882,36.727248,-1.164152,36.728940,10.34,17.27,29.0
663045,2023-12-16,14:43:54,2023-12-16,14:56:42,12.8,7.02,0.17,-1.164152,36.728940,-1.176160,36.763332,32.91,33.35,54.0
663045,2023-12-16,15:13:21,2023-12-16,15:17:28,4.12,1.24,0.4,-1.176160,36.763332,-1.176960,36.760042,18.06,20.0,27.0
663045,2023-12-16,15:21:20,2023-12-16,15:22:47,1.45,0.37,0.0,-1.176960,36.760042,-1.174030,36.758627,15.31,15.31,21.0
663045,2023-12-16,15:28:50,2023-12-16,15:30:19,1.48,0.38,0.33,-1.174030,36.758627,-1.176913,36.760222,15.41,19.83,29.0
663045,2023-12-16,15:35:41,2023-12-16,15:37:07,1.43,0.31,0.32,-1.176913,36.760222,-1.174530,36.758860,13.01,16.76,22.0
663045,2023-12-16,16:38:23,2023-12-16,16:40:54,2.52,0.69,0.05,-1.174530,36.758860,-1.174977,36.753095,16.43,16.76,20.0
663045,2023-12-16,16:43:30,2023-12-16,16:45:30,2.0,0.64,0.28,-1.174977,36.753095,-1.174560,36.758705,19.2,22.33,32.0
663045,2023-12-16,16:59:14,2023-12-16,17:04:55,5.68,2.27,0.13,-1.174560,36.758705,-1.159532,36.752282,23.98,24.54,32.0
663045,2023-12-16,17:06:51,2023-12-16,17:11:54,5.05,2.26,0.32,-1.159532,36.752282,-1.174552,36.758792,26.85,28.67,43.0
663045,2023-12-16,17:22:31,2023-12-16,17:33:08,10.62,6.08,0.45,-1.174552,36.758792,-1.160597,36.728043,34.35,35.87,50.0
663045,2023-12-16,17:33:57,2023-12-16,17:35:10,1.22,0.21,0.5,-1.160597,36.728043,-1.159362,36.729008,10.33,17.5,22.0
663045,2023-12-16,17:35:11,2023-12-16,17:40:14,5.05,2.5,0.48,-1.159362,36.729008,-1.155067,36.737497,29.7,32.82,40.0
663045,2023-12-16,17:40:15,2023-12-16,17:47:49,7.57,3.35,0.98,-1.155067,36.737497,-1.174515,36.758883,26.55,30.5,45.0
663045,2023-12-16,17:54:50,2023-12-16,17:56:20,1.5,0.48,0.0,-1.174515,36.758883,-1.178220,36.759743,19.2,19.2,31.0
663045,2023-12-16,17:56:32,2023-12-16,17:57:52,1.33,0.25,0.47,-1.178220,36.759743,-1.177422,36.757855,11.28,17.44,20.0
663045,2023-12-16,17:58:07,2023-12-16,17:59:28,1.35,0.33,0.0,-1.177422,36.757855,-1.177883,36.760263,14.67,14.67,21.0
663045,2023-12-16,17:59:29,2023-12-16,18:00:44,1.25,0.4,0.1,-1.177883,36.760263,-1.174577,36.758952,19.2,20.87,36.0
663045,2023-12-16,18:07:52,2023-12-16,18:12:23,4.52,1.38,0.7,-1.174577,36.758952,-1.179075,36.747663,18.32,21.68,29.0
663045,2023-12-16,18:12:24,2023-12-16,18:15:45,3.35,1.88,0.17,-1.179075,36.747663,-1.190120,36.744660,33.67,35.47,40.0
663045,2023-12-16,18:18:38,2023-12-16,18:20:17,1.65,0.57,0.17,-1.190120,36.744660,-1.189645,36.748125,20.73,23.11,38.0
663045,2023-12-16,19:10:38,2023-12-16,19:16:48,6.17,2.47,0.33,-1.189087,36.749443,-1.174623,36.758255,24.02,25.38,32.0
663045,2023-12-16,19:17:11,2023-12-16,19:18:13,1.03,0.19,0.28,-1.174623,36.758255,-1.173057,36.758487,11.07,15.2,17.0
663045,2023-12-16,19:24:42,2023-12-16,19:27:30,2.8,0.79,0.0,-1.173057,36.758487,-1.176125,36.763280,16.93,16.93,26.0
663045,2023-12-16,19:33:55,2023-12-16,19:37:10,3.25,0.92,0.07,-1.176182,36.763297,-1.174283,36.759098,16.98,17.36,24.0
663045,2023-12-16,20:39:48,2023-12-16,20:41:52,2.07,0.73,0.45,-1.174460,36.758850,-1.176868,36.754882,21.16,27.04,39.0
663045,2023-12-16,20:41:53,2023-12-16,20:43:56,2.05,0.7,0.15,-1.176868,36.754882,-1.174497,36.758708,20.49,22.11,34.0
663045,2023-12-16,20:44:08,2023-12-16,20:51:47,7.65,3.74,0.47,-1.174497,36.758708,-1.191940,36.742225,29.33,31.25,45.0
663045,2023-12-16,20:52:14,2023-12-16,21:00:57,8.72,3.68,0.08,-1.191940,36.742225,-1.174513,36.758675,25.32,25.56,43.0
663045,2023-12-16,21:04:49,2023-12-16,21:09:36,4.78,2.71,0.45,-1.174513,36.758675,-1.191228,36.775033,34.02,37.55,63.0
663045,2023-12-16,21:09:43,2023-12-16,21:15:51,6.13,2.69,0.0,-1.191228,36.775033,-1.174535,36.758970,26.33,26.33,33.0
663045,2023-12-16,21:50:30,2023-12-16,21:56:53,6.38,2.86,0.17,-1.174523,36.758860,-1.165993,36.742672,26.9,27.63,60.0
663045,2023-12-16,22:00:55,2023-12-16,22:07:14,6.32,2.82,0.0,-1.165993,36.742672,-1.174445,36.758890,26.77,26.77,41.0
663045,2023-12-16,22:53:13,2023-12-16,23:00:25,7.2,2.83,0.0,-1.174483,36.758775,-1.162187,36.740412,23.58,23.58,34.0
663045,2023-12-16,23:00:26,2023-12-16,23:01:34,1.13,0.28,0.0,-1.162187,36.740412,-1.164012,36.738787,14.87,14.87,17.0
663045,2023-12-16,23:03:35,2023-12-16,23:10:51,7.27,3.13,0.17,-1.164012,36.738787,-1.174580,36.758713,25.83,26.45,42.0
663045,2023-12-16,23:16:40,2023-12-16,23:19:28,2.8,1.3,0.0,-1.174522,36.758980,-1.184770,36.763328,27.86,27.86,39.0
663045,2023-12-16,23:21:05,2023-12-16,23:23:51,2.77,1.27,0.47,-1.184770,36.763328,-1.174468,36.758868,27.51,33.13,56.0
663045,2023-12-16,23:26:27,2023-12-16,23:30:56,4.48,1.51,0.0,-1.174468,36.758868,-1.180383,36.750650,20.22,20.22,30.0
663045,2023-12-16,23:33:27,2023-12-16,23:37:02,3.58,1.44,0.43,-1.180383,36.750650,-1.174480,36.758530,24.13,27.43,43.0
663045,2023-12-16,23:40:24,2023-12-16,23:42:40,2.27,0.76,0.08,-1.172965,36.758723,,,20.09,20.82,27.0
663045,2023-12-17,09:25:36,2023-12-17,09:26:52,1.27,0.3,0.13,,,-1.178397,36.764825,14.17,15.79,24.0
663045,2023-12-17,09:30:43,2023-12-17,09:33:48,3.08,0.87,0.43,-1.178397,36.764825,-1.172135,36.760135,16.95,19.7,30.0
663045,2023-12-17,09:34:58,2023-12-17,09:37:00,2.03,0.59,0.05,-1.172135,36.760135,-1.176267,36.763380,17.44,17.88,25.0
663045,2023-12-17,10:11:44,2023-12-17,10:15:29,3.75,0.95,0.5,-1.176267,36.763380,-1.174412,36.758943,15.2,17.54,25.0
663045,2023-12-17,10:18:32,2023-12-17,10:26:06,7.57,5.92,0.55,-1.174412,36.758943,-1.212505,36.792162,46.92,50.6,77.0
663045,2023-12-17,10:26:17,2023-12-17,10:40:21,14.07,5.92,0.28,-1.212505,36.792162,-1.174540,36.758907,25.25,25.76,34.0
663045,2023-12-17,10:55:29,2023-12-17,11:00:37,5.13,2.16,0.47,-1.174540,36.758907,-1.161867,36.745253,25.26,27.81,34.0
663045,2023-12-17,11:07:25,2023-12-17,11:10:49,3.4,1.32,0.47,-1.161867,36.745253,-1.168290,36.755223,23.29,27.03,33.0
663045,2023-12-17,11:11:33,2023-12-17,11:18:00,6.45,2.51,0.35,-1.168290,36.755223,-1.179818,36.749073,23.35,24.69,35.0
663045,2023-12-17,11:20:01,2023-12-17,11:24:28,4.45,1.63,0.58,-1.179818,36.749073,-1.174523,36.758885,21.98,25.27,40.0
663045,2023-12-17,12:11:46,2023-12-17,12:15:02,3.27,1.13,0.43,-1.174523,36.758885,-1.180750,36.763930,20.73,23.87,43.0
663045,2023-12-17,12:35:17,2023-12-17,12:40:33,5.27,1.72,0.0,-1.180750,36.763930,-1.174757,36.753055,19.58,19.58,23.0
663045,2023-12-17,12:43:49,2023-12-17,12:45:48,1.98,0.67,0.18,-1.174757,36.753055,-1.174525,36.758878,20.3,22.33,31.0
663045,2023-12-17,13:39:38,2023-12-17,13:42:55,3.28,1.03,0.37,-1.174600,36.758985,-1.177657,36.752720,18.84,21.24,28.0
663045,2023-12-17,13:43:08,2023-12-17,13:45:57,2.82,1.02,0.3,-1.177657,36.752720,-1.174528,36.758862,21.7,24.29,39.0
663045,2023-12-17,14:30:05,2023-12-17,14:32:21,2.27,0.93,0.47,-1.174528,36.758862,-1.182000,36.762663,24.58,31.0,43.0
663045,2023-12-17,14:33:47,2023-12-17,14:36:29,2.7,0.95,0.32,-1.182000,36.762663,-1.174558,36.758848,21.11,23.95,30.0
663045,2023-12-17,14:43:56,2023-12-17,14:45:57,2.02,0.7,0.0,-1.174558,36.758848,-1.174757,36.753118,20.79,20.79,30.0
663045,2023-12-17,14:46:27,2023-12-17,14:49:08,2.68,0.66,0.33,-1.174757,36.753118,-1.169573,36.750263,14.78,16.85,18.0
663045,2023-12-17,14:49:15,2023-12-17,14:51:50,2.58,0.63,0.0,-1.169573,36.750263,-1.174283,36.752855,14.65,14.65,19.0
663045,2023-12-17,14:52:16,2023-12-17,14:54:21,2.08,0.71,0.35,-1.174283,36.752855,-1.174563,36.758712,20.48,24.62,36.0
663045,2023-12-17,15:03:56,2023-12-17,15:05:48,1.87,0.5,0.17,-1.174563,36.758712,-1.174697,36.754818,16.04,17.65,21.0
663045,2023-12-17,15:06:33,2023-12-17,15:07:56,1.38,0.38,0.0,-1.174697,36.754818,-1.171723,36.753542,16.52,16.52,18.0
663045,2023-12-17,15:11:21,2023-12-17,15:14:11,2.83,0.85,0.38,-1.171723,36.753542,-1.174528,36.758673,18.02,20.82,34.0
663045,2023-12-17,15:21:12,2023-12-17,15:24:10,2.97,1.13,0.0,-1.174528,36.758673,-1.176948,36.749507,22.83,22.83,44.0
663045,2023-12-17,15:26:01,2023-12-17,15:28:45,2.73,1.08,0.33,-1.176948,36.749507,-1.174513,36.758717,23.74,27.0,38.0
663045,2023-12-17,15:30:26,2023-12-17,15:38:56,8.5,3.14,0.48,-1.174513,36.758717,-1.174557,36.758765,22.16,23.49,35.0
663045,2023-12-17,15:43:04,2023-12-17,15:45:42,2.63,0.87,0.0,-1.174557,36.758765,-1.175633,36.751387,19.85,19.85,28.0
663045,2023-12-17,15:47:50,2023-12-17,15:50:09,2.32,0.82,0.45,-1.175633,36.751387,-1.174555,36.758682,21.21,26.31,37.0
663045,2023-12-17,15:54:37,2023-12-17,15:57:49,3.2,1.09,0.0,-1.174555,36.758682,-1.179368,36.753492,20.44,20.44,29.0
663045,2023-12-17,15:59:16,2023-12-17,16:04:18,5.03,2.02,0.0,-1.179368,36.753492,-1.176172,36.763352,24.1,24.1,42.0
663045,2023-12-17,16:09:45,2023-12-17,16:13:04,3.32,0.94,0.38,-1.176172,36.763352,-1.174505,36.758933,16.99,19.18,26.0
663045,2023-12-17,16:18:49,2023-12-17,16:23:03,4.23,1.53,0.0,-1.174505,36.758933,-1.180550,36.750725,21.7,21.7,36.0
663045,2023-12-17,16:24:38,2023-12-17,16:29:11,4.55,1.47,0.33,-1.180550,36.750725,-1.174592,36.758758,19.38,20.9,32.0
663045,2023-12-17,16:44:38,2023-12-17,16:46:44,2.1,0.73,0.0,-1.174592,36.758758,-1.174533,36.753003,20.86,20.86,30.0
663045,2023-12-17,16:46:49,2023-12-17,16:48:15,1.43,0.4,0.0,-1.174533,36.753003,-1.171698,36.751815,16.78,16.78,18.0
663045,2023-12-17,16:49:25,2023-12-17,16:51:39,2.23,0.59,0.35,-1.171698,36.751815,-1.175042,36.754803,15.87,18.83,25.0
663045,2023-12-17,16:51:40,2023-12-17,16:53:17,1.62,0.44,0.4,-1.175042,36.754803,-1.174588,36.758725,16.3,21.64,27.0
663045,2023-12-17,17:02:03,2023-12-17,17:04:17,2.23,0.87,0.1,-1.174588,36.758725,-1.178182,36.755812,23.41,24.51,41.0
663045,2023-12-17,17:05:35,2023-12-17,17:07:53,2.3,0.86,0.3,-1.178108,36.755758,-1.174575,36.758735,22.43,25.8,38.0
663045,2023-12-17,17:11:37,2023-12-17,17:23:44,12.12,5.55,0.03,-1.174575,36.758735,-1.142070,36.758732,27.48,27.54,47.0
663045,2023-12-17,18:54:21,2023-12-17,18:58:03,3.7,1.05,0.0,-1.140085,36.762298,-1.142265,36.753322,17.03,17.03,23.0
663045,2023-12-17,18:58:06,2023-12-17,18:59:08,1.03,0.26,0.0,-1.142265,36.753322,-1.142440,36.751037,15.15,15.15,16.0
663045,2023-12-17,18:59:25,2023-12-17,19:08:53,9.47,4.09,0.0,-1.142440,36.751037,-1.173238,36.758218,25.91,25.91,34.0
663045,2023-12-17,19:11:16,2023-12-17,19:13:21,2.08,0.44,0.38,-1.173238,36.758218,-1.172512,36.759500,12.69,15.53,18.0
663045,2023-12-17,19:15:07,2023-12-17,19:16:37,1.5,0.42,0.0,-1.172512,36.759500,-1.174705,36.762208,16.8,16.8,19.0
663045,2023-12-17,19:36:47,2023-12-17,19:39:49,3.03,0.88,0.0,-1.176115,36.763322,-1.173927,36.758900,17.43,17.43,23.0
663045,2023-12-17,19:41:05,2023-12-17,19:43:02,1.95,0.5,0.5,-1.173927,36.758900,-1.175242,36.754792,15.38,20.69,23.0
663045,2023-12-17,19:43:11,2023-12-17,19:44:48,1.62,0.45,0.03,-1.175242,36.754792,-1.174513,36.758772,16.67,16.98,33.0
663045,2023-12-17,19:46:17,2023-12-17,19:49:22,3.08,1.05,0.48,-1.174513,36.758772,-1.178993,36.753740,20.45,24.23,37.0
663045,2023-12-17,19:49:30,2023-12-17,19:52:19,2.82,1.01,0.33,-1.178993,36.753740,-1.174513,36.758807,21.49,24.34,38.0
663045,2023-12-17,20:13:33,2023-12-17,20:21:09,7.6,3.51,0.42,-1.174502,36.758635,-1.192047,36.743913,27.71,29.33,42.0
663045,2023-12-17,20:21:39,2023-12-17,20:29:37,7.97,3.53,0.37,-1.192047,36.743913,-1.174533,36.758772,26.57,27.87,41.0
663045,2023-12-17,20:38:38,2023-12-17,20:42:09,3.52,1.1,0.0,-1.174557,36.758538,-1.176945,36.749538,18.75,18.75,22.0
663045,2023-12-17,20:42:49,2023-12-17,20:46:00,3.18,1.08,0.28,-1.176945,36.749538,-1.174517,36.758713,20.38,22.34,33.0
663045,2023-12-17,21:19:08,2023-12-17,21:22:01,2.88,0.9,0.0,-1.174517,36.758713,-1.175820,36.763118,18.75,18.75,22.0
663045,2023-12-17,21:23:59,2023-12-17,21:38:37,14.63,8.27,0.42,-1.175820,36.763118,-1.190870,36.775105,33.92,34.92,73.0
663045,2023-12-17,21:39:51,2023-12-17,21:45:14,5.38,2.62,0.47,-1.190870,36.775105,-1.174938,36.759217,29.22,32.02,40.0
663045,2023-12-17,22:04:55,2023-12-17,22:07:41,2.77,0.84,0.0,-1.174310,36.758963,,,18.19,18.19,24.0
663045,2023-12-18,08:38:40,2023-12-18,08:40:35,1.92,0.65,0.42,,,-1.174088,36.758942,20.31,26.0,36.0
663045,2023-12-18,08:41:34,2023-12-18,08:44:21,2.78,1.22,0.37,-1.174088,36.758942,-1.183930,36.763565,26.33,30.37,38.0
663045,2023-12-18,09:15:12,2023-12-18,09:18:05,2.88,1.21,0.1,-1.183930,36.763565,-1.174138,36.758853,25.21,26.12,39.0
663045,2023-12-18,09:26:10,2023-12-18,09:27:25,1.25,0.28,0.25,-1.174498,36.758965,-1.175008,36.756473,13.44,16.8,29.0
663045,2023-12-18,09:34:43,2023-12-18,09:35:58,1.25,0.26,0.38,-1.175008,36.756473,-1.174572,36.758790,12.48,17.93,31.0
663045,2023-12-18,09:59:42,2023-12-18,10:01:57,2.25,0.81,0.17,-1.174572,36.758790,-1.176238,36.751863,21.6,23.37,39.0
663045,2023-12-18,10:03:57,2023-12-18,10:06:03,2.1,0.84,0.13,-1.176238,36.751863,-1.174688,36.759123,24.0,25.58,38.0
663045,2023-12-18,10:07:07,2023-12-18,10:09:26,2.32,0.78,0.48,-1.174688,36.759123,-1.175878,36.752217,20.17,25.43,36.0
663045,2023-12-18,10:09:39,2023-12-18,10:11:46,2.12,0.75,0.43,-1.175878,36.752217,-1.174518,36.758792,21.23,26.63,38.0
663045,2023-12-18,10:21:43,2023-12-18,10:27:57,6.23,2.22,0.42,-1.174518,36.758792,-1.176423,36.742973,21.38,22.93,51.0
663045,2023-12-18,10:28:03,2023-12-18,10:31:08,3.08,1.09,0.15,-1.176423,36.742973,-1.175917,36.735398,21.23,22.32,38.0
663045,2023-12-18,10:34:34,2023-12-18,10:42:17,7.72,3.98,0.45,-1.175917,36.735398,-1.172363,36.758275,30.93,32.85,50.0
663045,2023-12-18,10:42:46,2023-12-18,10:43:56,1.17,0.24,0.27,-1.172363,36.758275,-1.174422,36.758972,12.31,16.0,24.0
663045,2023-12-18,11:14:26,2023-12-18,11:17:56,3.5,1.48,0.17,-1.174422,36.758972,-1.178358,36.747238,25.37,26.67,50.0
663045,2023-12-18,11:17:59,2023-12-18,11:21:18,3.32,1.38,0.3,-1.178358,36.747238,-1.174555,36.758705,24.94,27.42,54.0
663045,2023-12-18,11:25:55,2023-12-18,11:27:06,1.18,0.24,0.38,-1.174555,36.758705,-1.176172,36.759872,12.2,18.0,30.0
663045,2023-12-18,11:32:14,2023-12-18,11:33:23,1.15,0.22,0.23,-1.176172,36.759872,-1.174528,36.758835,11.48,14.35,30.0
663045,2023-12-18,11:34:22,2023-12-18,11:38:32,4.17,1.47,0.0,-1.174528,36.758835,-1.180108,36.750353,21.15,21.15,32.0
663045,2023-12-18,11:38:33,2023-12-18,11:39:35,1.03,0.28,0.0,-1.180108,36.750353,-1.181393,36.752057,16.31,16.31,17.0
663045,2023-12-18,11:49:16,2023-12-18,11:54:18,5.03,1.75,0.42,-1.181393,36.752057,-1.176140,36.759667,20.87,22.78,39.0
663045,2023-12-18,11:54:27,2023-12-18,11:55:26,0.98,0.2,0.15,-1.176140,36.759667,-1.174577,36.758938,12.24,14.46,16.0
663045,2023-12-18,12:07:59,2023-12-18,12:16:11,8.2,3.0,0.45,-1.174577,36.758938,-1.195540,36.772472,21.95,23.23,35.0
663045,2023-12-18,12:17:28,2023-12-18,12:22:20,4.87,1.58,0.0,-1.195540,36.772472,-1.185858,36.764220,19.47,19.47,29.0
663045,2023-12-18,12:22:30,2023-12-18,12:26:08,3.63,1.42,0.13,-1.185858,36.764220,-1.174547,36.758808,23.47,24.34,38.0
663045,2023-12-18,12:38:23,2023-12-18,12:39:28,1.08,0.19,0.45,-1.174547,36.758808,-1.176058,36.759573,10.56,18.1,35.0
663045,2023-12-18,12:42:41,2023-12-18,12:43:47,1.1,0.19,0.37,-1.176058,36.759573,-1.174535,36.758890,10.36,15.62,20.0
663045,2023-12-18,12:43:48,2023-12-18,12:47:07,3.32,0.93,0.0,-1.174535,36.758890,-1.176058,36.763197,16.81,16.81,22.0
663045,2023-12-18,12:52:03,2023-12-18,12:55:25,3.37,1.1,0.45,-1.176058,36.763197,-1.173322,36.758168,19.58,22.6,33.0
663045,2023-12-18,12:56:28,2023-12-18,12:59:37,3.15,1.04,0.38,-1.173322,36.758168,-1.176695,36.764590,19.81,22.53,34.0
663045,2023-12-18,13:00:51,2023-12-18,13:03:53,3.03,1.03,0.0,-1.176695,36.764590,-1.173920,36.758847,20.4,20.4,27.0
663045,2023-12-18,13:10:33,2023-12-18,13:14:28,3.92,1.39,0.37,-1.173920,36.758847,-1.165790,36.763357,21.28,23.49,37.0
663045,2023-12-18,13:22:06,2023-12-18,13:26:08,4.03,1.45,0.43,-1.165790,36.763357,-1.171503,36.757840,21.59,24.17,39.0
663045,2023-12-18,13:29:02,2023-12-18,13:30:44,1.7,0.38,0.37,-1.171503,36.757840,-1.174527,36.758793,13.41,17.14,24.0
663045,2023-12-18,13:31:52,2023-12-18,13:33:33,1.68,0.41,0.35,-1.174527,36.758793,-1.175002,36.755255,14.64,18.5,32.0
663045,2023-12-18,13:34:04,2023-12-18,13:35:41,1.62,0.39,0.27,-1.175002,36.755255,-1.174555,36.758722,14.44,17.33,30.0
663045,2023-12-18,13:36:43,2023-12-18,13:39:31,2.8,0.99,0.47,-1.174555,36.758722,-1.177162,36.750368,21.21,25.49,31.0
663045,2023-12-18,13:39:55,2023-12-18,13:42:30,2.58,1.0,0.45,-1.177162,36.750368,-1.174545,36.758792,23.26,28.17,42.0
663045,2023-12-18,13:45:08,2023-12-18,13:46:10,1.03,0.16,0.5,-1.174545,36.758792,-1.174800,36.757417,9.32,18.11,22.0
663045,2023-12-18,13:48:34,2023-12-18,14:00:27,11.88,4.88,0.42,-1.174800,36.757417,-1.202775,36.761337,24.65,25.55,43.0
663045,2023-12-18,14:01:22,2023-12-18,14:09:40,8.3,2.73,0.4,-1.202775,36.761337,-1.186907,36.749592,19.73,20.73,29.0
663045,2023-12-18,14:23:20,2023-12-18,14:29:09,5.82,1.94,0.23,-1.186907,36.749592,-1.174510,36.758785,20.0,20.82,47.0
663045,2023-12-18,14:42:28,2023-12-18,14:45:47,3.32,1.74,0.2,-1.174510,36.758785,-1.181355,36.752028,31.45,33.46,66.0
663045,2023-12-18,14:50:06,2023-12-18,14:51:22,1.27,0.35,0.0,-1.181607,36.751720,-1.179303,36.750408,16.54,16.54,19.0
663045,2023-12-18,14:51:53,2023-12-18,14:57:31,5.63,1.77,0.17,-1.179303,36.750408,-1.172685,36.760665,18.86,19.45,38.0
663045,2023-12-18,14:58:57,2023-12-18,15:01:12,2.25,0.64,0.32,-1.172685,36.760665,-1.176172,36.759897,17.07,19.9,28.0
663045,2023-12-18,15:06:34,2023-12-18,15:07:47,1.22,0.23,0.33,-1.176172,36.759897,-1.174530,36.758780,11.31,15.51,31.0
663045,2023-12-18,15:09:02,2023-12-18,15:12:28,3.43,1.19,0.5,-1.174530,36.758780,-1.178147,36.748930,20.82,24.37,31.0
663045,2023-12-18,15:12:29,2023-12-18,15:15:35,3.1,1.2,0.32,-1.178147,36.748930,-1.174497,36.758830,23.23,25.9,37.0
663045,2023-12-18,15:15:40,2023-12-18,15:19:07,3.45,1.38,0.4,-1.174497,36.758830,-1.178943,36.747512,24.0,27.15,38.0
663045,2023-12-18,15:21:46,2023-12-18,15:25:19,3.55,1.35,0.25,-1.178943,36.747512,-1.174542,36.758602,22.82,24.55,35.0
663045,2023-12-18,18:36:13,2023-12-18,18:38:39,2.43,0.87,0.25,-1.173773,36.758805,-1.176178,36.763397,21.48,23.94,33.0
663045,2023-12-18,18:41:15,2023-12-18,18:53:26,12.18,6.66,0.12,-1.176178,36.763397,-1.139883,36.762328,32.81,33.13,61.0
663045,2023-12-18,20:43:18,2023-12-18,20:58:33,15.25,5.65,0.0,-1.139883,36.762328,-1.172667,36.760680,22.23,22.23,37.0
663045,2023-12-18,21:24:51,2023-12-18,21:29:03,4.2,1.22,0.12,-1.172412,36.759747,-1.174458,36.758898,17.43,17.94,24.0
663045,2023-12-18,21:37:18,2023-12-18,21:38:54,1.6,0.51,0.17,-1.174458,36.758898,-1.174792,36.754773,19.12,21.4,30.0
663045,2023-12-18,21:42:45,2023-12-18,21:44:12,1.45,0.31,0.33,-1.174792,36.754773,-1.172235,36.753820,12.83,16.61,18.0
663045,2023-12-18,21:45:27,2023-12-18,21:47:01,1.57,0.41,0.0,-1.172235,36.753820,-1.175112,36.755177,15.67,15.67,24.0
663045,2023-12-18,21:47:02,2023-12-18,21:48:28,1.43,0.41,0.0,-1.175112,36.755177,-1.174452,36.758783,17.2,17.2,23.0
663045,2023-12-18,22:01:56,2023-12-18,22:05:04,3.13,1.0,0.0,-1.174490,36.758897,-1.171677,36.752600,19.17,19.17,27.0
663045,2023-12-18,22:07:48,2023-12-18,22:10:13,2.42,0.58,0.63,-1.171535,36.753100,-1.175053,36.755857,14.38,19.44,26.0
663045,2023-12-18,22:10:27,2023-12-18,22:11:51,1.4,0.33,0.27,-1.175053,36.755857,-1.174497,36.758763,14.14,17.52,27.0
663045,2023-12-18,22:20:10,2023-12-18,22:23:17,3.12,1.01,0.03,-1.174545,36.758398,-1.172107,36.751418,19.42,19.61,32.0
663045,2023-12-18,22:23:44,2023-12-18,22:26:49,3.08,1.05,0.45,-1.172107,36.751418,-1.174462,36.758767,20.45,23.95,42.0
663045,2023-12-18,23:15:00,2023-12-18,23:16:34,1.57,0.48,0.0,-1.174462,36.758767,-1.178112,36.759748,18.34,18.34,25.0
663045,2023-12-18,23:25:11,2023-12-18,23:26:28,1.28,0.35,0.0,-1.178112,36.759748,-1.178392,36.758885,16.41,16.41,18.0
663045,2023-12-18,23:26:30,2023-12-18,23:28:39,2.15,0.57,0.48,-1.178392,36.758885,-1.174457,36.758898,15.91,20.48,33.0
663045,2023-12-18,23:28:50,2023-12-18,23:38:27,9.62,4.34,0.0,-1.174457,36.758898,-1.175155,36.734838,27.07,27.07,50.0
663045,2023-12-18,23:38:40,2023-12-18,23:40:11,1.52,0.41,0.0,-1.175155,36.734838,-1.172417,36.732372,16.18,16.18,17.0
663045,2023-12-18,23:41:04,2023-12-18,23:50:50,9.77,5.36,0.0,-1.172417,36.732372,,,32.92,32.92,57.0
663045,2023-12-19,00:27:07,2023-12-19,00:29:58,2.85,0.97,0.45,,,-1.174477,36.758750,20.42,24.25,38.0
663045,2023-12-19,00:30:46,2023-12-19,00:33:05,2.32,0.87,0.33,-1.173653,36.758703,-1.176135,36.763390,22.5,26.23,40.0
663045,2023-12-19,06:52:04,2023-12-19,07:06:51,14.78,7.58,0.33,-1.176135,36.763390,-1.163350,36.724985,30.77,31.47,53.0
663045,2023-12-19,07:06:52,2023-12-19,07:20:18,13.43,7.01,0.27,-1.163350,36.724985,-1.172413,36.759825,31.32,31.96,48.0
663045,2023-12-19,07:20:19,2023-12-19,07:21:48,1.48,0.33,0.38,-1.172413,36.759825,-1.174510,36.758922,13.38,18.0,30.0
663045,2023-12-19,08:13:23,2023-12-19,08:16:22,2.98,0.86,0.0,-1.174510,36.758922,-1.175535,36.762842,17.32,17.32,22.0
663045,2023-12-19,08:28:07,2023-12-19,08:31:12,3.08,0.88,0.15,-1.175535,36.762842,-1.174520,36.758810,17.14,18.02,21.0
663045,2023-12-19,09:20:05,2023-12-19,09:22:13,2.13,0.74,0.42,-1.174520,36.758810,-1.175888,36.752302,20.85,25.96,36.0
663045,2023-12-19,09:22:34,2023-12-19,09:24:29,1.92,0.72,0.42,-1.175888,36.752302,-1.174568,36.758657,22.5,28.8,45.0
663045,2023-12-19,09:29:00,2023-12-19,09:31:10,2.17,0.78,0.45,-1.174568,36.758657,-1.168435,36.756492,21.57,27.21,53.0
663045,2023-12-19,09:31:27,2023-12-19,09:33:26,1.98,0.73,0.17,-1.168435,36.756492,-1.174447,36.758907,22.12,24.2,41.0
663045,2023-12-19,09:42:47,2023-12-19,09:44:11,1.4,0.3,0.43,-1.174447,36.758907,-1.172370,36.759703,12.86,18.56,26.0
663045,2023-12-19,09:47:06,2023-12-19,09:51:27,4.35,2.47,0.32,-1.172370,36.759703,-1.159410,36.743675,34.07,36.77,64.0
663045,2023-12-19,09:52:01,2023-12-19,10:10:04,18.05,9.72,0.6,-1.159410,36.743675,-1.174483,36.758953,32.31,33.42,52.0
663045,2023-12-19,10:29:32,2023-12-19,10:34:09,4.62,1.76,0.2,-1.174483,36.758953,-1.181362,36.752103,22.86,23.89,35.0
663045,2023-12-19,10:35:13,2023-12-19,10:42:20,7.12,2.68,0.33,-1.181362,36.752103,-1.170595,36.740023,22.58,23.68,60.0
663045,2023-12-19,10:42:21,2023-12-19,10:48:48,6.45,3.42,0.45,-1.170595,36.740023,-1.174255,36.758988,31.81,34.2,59.0
663045,2023-12-19,10:48:58,2023-12-19,10:52:01,3.05,1.2,0.32,-1.174255,36.758988,-1.180140,36.757432,23.61,26.37,53.0
663045,2023-12-19,10:53:33,2023-12-19,10:55:18,1.75,0.55,0.05,-1.180140,36.757432,-1.177867,36.760225,18.86,19.41,31.0
663045,2023-12-19,10:55:19,2023-12-19,10:58:25,3.1,1.37,0.12,-1.177867,36.760225,-1.176152,36.763430,26.52,27.58,51.0
663045,2023-12-19,11:00:55,2023-12-19,11:02:28,1.55,0.4,0.15,-1.176152,36.763430,-1.179123,36.764835,15.48,17.14,26.0
663045,2023-12-19,11:02:33,2023-12-19,11:06:38,4.08,2.24,0.47,-1.179123,36.764835,-1.191268,36.775020,32.94,37.23,63.0
663045,2023-12-19,11:07:27,2023-12-19,11:17:00,9.55,5.19,0.48,-1.191268,36.775020,-1.159425,36.743522,32.61,34.33,48.0
663045,2023-12-19,11:17:01,2023-12-19,11:20:30,3.48,1.54,0.47,-1.159425,36.743522,-1.167598,36.754340,26.55,30.7,43.0
663045,2023-12-19,11:21:08,2023-12-19,11:23:31,2.38,0.97,0.07,-1.167598,36.754340,-1.173807,36.759300,24.45,25.19,40.0
663045,2023-12-19,14:01:15,2023-12-19,14:06:22,5.12,2.41,0.0,-1.173807,36.759300,-1.186793,36.750655,28.24,28.24,45.0
663045,2023-12-19,14:07:46,2023-12-19,14:13:17,5.52,1.83,0.5,-1.186793,36.750655,-1.176870,36.750755,19.89,21.87,32.0
663045,2023-12-19,14:13:18,2023-12-19,14:14:45,1.45,0.41,0.0,-1.176870,36.750755,-1.174708,36.753023,16.97,16.97,25.0
663045,2023-12-19,14:16:28,2023-12-19,14:18:18,1.83,0.66,0.05,-1.174708,36.753023,-1.174505,36.758747,21.64,22.25,39.0
663045,2023-12-19,14:24:39,2023-12-19,14:27:46,3.12,1.0,0.77,-1.174505,36.758747,-1.174522,36.758752,19.23,25.53,36.0
663045,2023-12-19,14:29:07,2023-12-19,14:31:31,2.4,0.85,0.47,-1.174522,36.758752,-1.177935,36.754870,21.25,26.42,37.0
663045,2023-12-19,14:31:32,2023-12-19,14:34:00,2.47,0.8,0.37,-1.177935,36.754870,-1.174507,36.758647,19.43,22.86,32.0
663045,2023-12-19,14:55:39,2023-12-19,14:58:57,3.3,0.96,0.6,-1.174507,36.758647,-1.175128,36.755235,17.45,21.33,36.0
663045,2023-12-19,14:58:58,2023-12-19,15:00:27,1.48,0.4,0.47,-1.175128,36.755235,-1.174522,36.758753,16.22,23.76,36.0
663045,2023-12-19,15:19:01,2023-12-19,15:21:12,2.18,0.74,0.45,-1.174522,36.758753,-1.175917,36.752273,20.37,25.66,32.0
663045,2023-12-19,15:21:22,2023-12-19,15:23:19,1.95,0.74,0.18,-1.175917,36.752273,-1.174548,36.758743,22.77,25.08,41.0
663045,2023-12-19,15:24:18,2023-12-19,15:25:54,1.6,0.35,0.28,-1.174548,36.758743,-1.172138,36.760198,13.12,15.91,22.0
663045,2023-12-19,15:26:26,2023-12-19,15:28:05,1.65,0.5,0.0,-1.172138,36.760198,-1.175700,36.762920,18.18,18.18,24.0
663045,2023-12-19,15:58:39,2023-12-19,16:01:44,3.08,0.88,0.32,-1.175700,36.762920,-1.174517,36.758858,17.14,19.13,28.0
663045,2023-12-19,16:13:25,2023-12-19,16:25:43,12.3,6.4,0.45,-1.174517,36.758858,-1.164197,36.728958,31.22,32.41,43.0
663045,2023-12-19,16:26:50,2023-12-19,16:38:56,12.1,6.43,0.58,-1.164197,36.728958,-1.174530,36.758877,31.88,33.49,63.0
663045,2023-12-19,17:00:54,2023-12-19,17:03:38,2.73,1.1,0.22,-1.174660,36.758848,-1.177842,36.750195,24.18,26.29,55.0
663045,2023-12-19,17:03:51,2023-12-19,17:06:19,2.47,0.87,0.0,-1.177842,36.750195,-1.178245,36.755845,21.13,21.13,31.0
663045,2023-12-19,17:09:56,2023-12-19,17:12:33,2.62,0.88,0.25,-1.178245,36.755845,-1.174580,36.758760,20.15,22.28,61.0
663045,2023-12-19,17:15:07,2023-12-19,17:17:29,2.37,0.83,0.48,-1.174580,36.758760,-1.176377,36.751565,21.01,26.35,47.0
663045,2023-12-19,17:17:40,2023-12-19,17:20:06,2.43,0.83,0.45,-1.176377,36.751565,-1.174545,36.758733,20.49,25.15,39.0
663045,2023-12-19,17:21:37,2023-12-19,17:24:31,2.9,1.32,0.35,-1.174545,36.758733,-1.174557,36.758837,27.31,31.06,51.0
663045,2023-12-19,17:25:56,2023-12-19,17:28:47,2.85,1.15,0.0,-1.174557,36.758837,-1.176965,36.749483,24.21,24.21,39.0
663045,2023-12-19,17:30:29,2023-12-19,17:33:19,2.83,1.08,0.45,-1.176965,36.749483,-1.174610,36.758770,22.9,27.23,46.0
663045,2023-12-19,17:35:03,2023-12-19,17:36:14,1.18,0.21,0.37,-1.174610,36.758770,-1.173468,36.757230,10.68,15.56,17.0
663045,2023-12-19,17:36:22,2023-12-19,17:40:56,4.57,1.79,0.3,-1.173468,36.757230,-1.178405,36.744157,23.5,25.15,45.0
663045,2023-12-19,17:41:57,2023-12-19,17:47:22,5.42,1.79,0.15,-1.178405,36.744157,-1.174573,36.758793,19.82,20.38,29.0
663045,2023-12-19,17:48:05,2023-12-19,17:49:06,1.02,0.22,0.17,-1.174573,36.758793,-1.172928,36.758968,12.94,15.53,18.0
663045,2023-12-19,17:49:07,2023-12-19,17:51:27,2.33,0.62,0.0,-1.172928,36.758968,-1.175377,36.762658,15.97,15.97,21.0
663045,2023-12-19,17:53:14,2023-12-19,17:58:52,5.63,1.79,0.05,-1.175377,36.762658,-1.174497,36.758847,19.08,19.25,32.0
663045,2023-12-19,18:04:43,2023-12-19,18:08:09,3.43,1.29,0.17,-1.174497,36.758847,-1.167847,36.763263,22.57,23.74,40.0
663045,2023-12-19,18:08:10,2023-12-19,18:11:13,3.05,1.17,0.05,-1.167847,36.763263,-1.173767,36.759298,23.02,23.4,32.0
663045,2023-12-19,18:55:07,2023-12-19,18:58:13,3.1,1.09,0.15,-1.174553,36.758730,-1.177793,36.750122,21.1,22.17,30.0
663045,2023-12-19,18:59:03,2023-12-19,19:02:03,3.0,1.07,0.0,-1.177793,36.750122,-1.174512,36.758772,21.4,21.4,35.0
663045,2023-12-19,19:40:04,2023-12-19,19:45:27,5.38,2.21,0.42,-1.174553,36.758647,-1.186323,36.749978,24.65,26.73,34.0
663045,2023-12-19,19:46:39,2023-12-19,19:52:04,5.42,2.23,0.0,-1.186323,36.749978,-1.174512,36.758785,24.69,24.69,33.0
663045,2023-12-19,20:01:19,2023-12-19,20:04:47,3.47,0.94,0.22,-1.174462,36.758920,-1.176172,36.763328,16.25,17.35,22.0
663045,2023-12-19,20:07:50,2023-12-19,20:11:04,3.23,0.94,0.23,-1.176172,36.763328,-1.174408,36.759008,17.46,18.8,22.0
663045,2023-12-19,20:16:13,2023-12-19,20:20:16,4.05,1.27,0.0,-1.174408,36.759008,-1.178653,36.749933,18.81,18.81,29.0
663045,2023-12-19,20:24:10,2023-12-19,20:27:54,3.73,1.18,0.03,-1.178653,36.749933,-1.174452,36.758738,18.98,19.14,30.0
663045,2023-12-19,20:41:57,2023-12-19,20:46:11,4.23,1.45,0.0,-1.174547,36.758578,-1.178275,36.746993,20.57,20.57,29.0
663045,2023-12-19,20:47:03,2023-12-19,20:48:32,1.48,0.41,0.0,-1.178275,36.746993,-1.175837,36.745122,16.62,16.62,18.0
663045,2023-12-19,20:48:43,2023-12-19,20:52:52,4.15,1.26,0.42,-1.175837,36.745122,-1.175435,36.735915,18.22,20.27,30.0
663045,2023-12-19,20:52:57,2023-12-19,20:56:59,4.03,1.38,0.0,-1.175435,36.735915,-1.176482,36.745710,20.55,20.55,31.0
663045,2023-12-19,20:58:18,2023-12-19,21:03:29,5.18,1.64,0.4,-1.176482,36.745710,-1.174512,36.758802,19.0,20.59,41.0
663045,2023-12-19,22:05:31,2023-12-19,22:07:38,2.12,0.7,0.0,-1.174512,36.758802,-1.174788,36.753120,19.81,19.81,26.0
663045,2023-12-19,22:12:12,2023-12-19,22:14:05,1.88,0.64,0.4,-1.174788,36.753120,-1.174490,36.758747,20.43,25.95,39.0
663045,2023-12-19,22:28:45,2023-12-19,22:37:47,9.03,4.75,0.47,-1.174490,36.758747,-1.172265,36.732330,31.56,33.29,73.0
663045,2023-12-19,22:37:58,2023-12-19,22:47:00,9.03,4.75,0.32,-1.172265,36.732330,-1.177587,36.751970,31.56,32.72,74.0
663045,2023-12-19,22:47:14,2023-12-19,22:49:57,2.72,1.01,0.27,-1.177587,36.751970,-1.171170,36.754375,22.28,24.73,50.0
663045,2023-12-19,22:54:27,2023-12-19,23:01:33,7.1,3.95,0.15,-1.171170,36.754375,-1.153292,36.753598,33.38,34.1,77.0
663045,2023-12-19,23:01:34,2023-12-19,23:06:44,5.17,3.02,0.47,-1.153292,36.753598,-1.174487,36.758893,35.05,38.55,53.0
663045,2023-12-19,23:13:47,2023-12-19,23:17:35,3.8,2.16,0.47,-1.174358,36.759003,-1.161845,36.745063,34.11,38.92,63.0
663045,2023-12-19,23:17:37,2023-12-19,23:20:56,3.32,1.26,0.25,-1.161845,36.745063,-1.170332,36.740203,22.77,24.63,33.0
663045,2023-12-19,23:20:57,2023-12-19,23:23:09,2.2,0.88,0.0,-1.170332,36.740203,-1.175345,36.734987,24.0,24.0,34.0
663045,2023-12-19,23:25:46,2023-12-19,23:35:11,9.42,5.04,0.47,-1.175345,36.734987,,,32.1,33.79,69.0
663045,2023-12-20,00:36:21,2023-12-20,00:39:02,2.68,0.88,0.32,,,-1.174443,36.758790,19.7,22.37,40.0
663045,2023-12-20,00:59:05,2023-12-20,01:01:27,2.37,0.82,0.32,-1.174443,36.758790,-1.176273,36.751687,20.76,24.0,36.0
663045,2023-12-20,01:01:36,2023-12-20,01:04:11,2.58,0.83,0.37,-1.176273,36.751687,-1.174462,36.758815,19.3,22.53,28.0
663045,2023-12-20,01:04:17,2023-12-20,01:08:38,4.35,1.5,0.5,-1.174462,36.758815,-1.174450,36.758762,20.69,23.38,44.0
663045,2023-12-20,01:09:09,2023-12-20,01:10:32,1.38,0.33,0.0,-1.174450,36.758762,-1.173350,36.757830,14.35,14.35,21.0
663045,2023-12-20,01:13:56,2023-12-20,01:14:56,1.0,0.25,0.3,-1.174415,36.758797,-1.174932,36.756645,15.0,21.43,42.0
663045,2023-12-20,01:15:24,2023-12-20,01:17:33,2.15,1.04,0.43,-1.174932,36.756645,-1.174497,36.758763,29.02,36.28,57.0
663045,2023-12-20,01:18:07,2023-12-20,01:21:28,3.35,1.36,0.38,-1.174497,36.758763,-1.174480,36.758788,24.36,27.47,39.0
663045,2023-12-20,01:25:12,2023-12-20,01:28:09,2.95,0.94,0.48,-1.174480,36.758788,-1.176047,36.763283,19.12,22.83,41.0
663045,2023-12-20,08:48:33,2023-12-20,08:51:06,2.55,0.84,0.17,-1.176047,36.763283,-1.173753,36.758790,19.76,21.18,29.0
663045,2023-12-20,08:51:24,2023-12-20,08:55:21,3.95,1.53,0.42,-1.173753,36.758790,-1.174580,36.758782,23.24,26.01,42.0
663045,2023-12-20,09:19:42,2023-12-20,09:21:47,2.08,0.77,0.33,-1.174563,36.758928,-1.175970,36.752263,22.21,26.4,47.0
663045,2023-12-20,09:21:48,2023-12-20,09:23:16,1.47,0.73,0.35,-1.175970,36.752263,-1.174588,36.758653,29.8,39.11,53.0
663045,2023-12-20,09:24:33,2023-12-20,09:31:02,6.48,3.53,0.47,-1.174588,36.758653,-1.192102,36.743948,32.69,35.24,63.0
663045,2023-12-20,09:32:30,2023-12-20,09:36:20,3.83,1.59,0.17,-1.192102,36.743948,-1.187702,36.751250,24.91,26.07,50.0
663045,2023-12-20,09:36:25,2023-12-20,09:41:36,5.18,2.46,0.5,-1.187702,36.751250,-1.174557,36.758572,28.49,31.54,55.0
663045,2023-12-20,09:41:37,2023-12-20,09:44:02,2.42,0.94,0.47,-1.174557,36.758572,-1.178427,36.754037,23.31,28.92,35.0
663045,2023-12-20,09:44:03,2023-12-20,09:46:21,2.3,0.95,0.45,-1.178427,36.754037,-1.174457,36.758730,24.78,30.81,48.0
663045,2023-12-20,09:46:22,2023-12-20,09:48:20,1.97,0.8,0.45,-1.174457,36.758730,-1.176158,36.751730,24.37,31.58,49.0
663045,2023-12-20,09:48:34,2023-12-20,09:50:30,1.93,0.81,0.45,-1.176158,36.751730,-1.174442,36.758727,25.18,32.84,54.0
663045,2023-12-20,09:53:47,2023-12-20,09:56:17,2.5,0.83,0.33,-1.174442,36.758727,-1.174475,36.758710,19.92,22.95,35.0
663045,2023-12-20,09:57:08,2023-12-20,10:01:08,4.0,2.24,0.33,-1.174475,36.758710,-1.162102,36.744805,33.6,36.62,62.0
663045,2023-12-20,10:01:09,2023-12-20,10:05:25,4.27,2.22,0.13,-1.162102,36.744805,-1.174445,36.758767,31.19,32.17,48.0
663045,2023-12-20,10:15:09,2023-12-20,10:21:02,5.88,2.35,0.55,-1.174445,36.758767,-1.174492,36.758702,23.98,26.45,45.0
663045,2023-12-20,10:52:04,2023-12-20,10:55:49,3.75,1.22,0.0,-1.174492,36.758702,-1.178565,36.749777,19.52,19.52,29.0
663045,2023-12-20,11:04:07,2023-12-20,11:07:43,3.6,1.17,0.23,-1.178565,36.749777,-1.174555,36.758728,19.5,20.83,30.0
663045,2023-12-20,11:35:07,2023-12-20,11:37:10,2.05,0.75,0.47,-1.174555,36.758728,-1.175935,36.752225,21.95,28.48,47.0
663045,2023-12-20,11:37:34,2023-12-20,11:39:29,1.92,0.75,0.37,-1.175935,36.752225,-1.174518,36.758763,23.44,29.03,45.0
663045,2023-12-20,11:43:59,2023-12-20,11:53:02,9.05,3.97,0.03,-1.174518,36.758763,-1.151038,36.741442,26.32,26.41,43.0
663045,2023-12-20,11:53:59,2023-12-20,12:00:54,6.92,4.17,0.38,-1.151038,36.741442,-1.176055,36.759783,36.16,38.26,65.0
663045,2023-12-20,12:09:07,2023-12-20,12:13:36,4.48,1.56,0.0,-1.176055,36.759783,-1.179245,36.750420,20.89,20.89,47.0
663045,2023-12-20,12:14:03,2023-12-20,12:15:31,1.47,0.34,0.03,-1.179245,36.750420,-1.181410,36.752035,13.88,14.17,18.0
663045,2023-12-20,12:19:44,2023-12-20,12:24:02,4.3,1.56,0.28,-1.181410,36.752035,-1.174567,36.758723,21.77,23.28,43.0
663045,2023-12-20,12:46:51,2023-12-20,12:52:09,5.3,2.14,0.42,-1.174567,36.758723,-1.184992,36.747865,24.23,26.31,41.0
663045,2023-12-20,12:52:38,2023-12-20,13:00:18,7.67,3.04,0.28,-1.184992,36.747865,-1.176168,36.763243,23.78,24.68,45.0
663045,2023-12-20,13:11:57,2023-12-20,13:13:31,1.57,0.42,0.4,-1.172122,36.760180,-1.174932,36.759238,16.05,21.54,28.0
663045,2023-12-20,13:16:57,2023-12-20,13:20:36,3.65,1.78,0.42,-1.174932,36.759238,-1.164070,36.750185,29.26,33.07,79.0
663045,2023-12-20,13:25:25,2023-12-20,13:34:38,9.22,7.52,0.4,-1.164070,36.750185,-1.212415,36.792333,48.94,51.16,86.0
663045,2023-12-20,13:34:48,2023-12-20,13:36:14,1.43,0.25,0.37,-1.212415,36.792333,-1.211815,36.794083,10.49,14.15,27.0
663045,2023-12-20,13:36:15,2023-12-20,13:38:20,2.08,0.49,0.42,-1.211815,36.794083,-1.211203,36.797877,14.13,17.71,25.0
663045,2023-12-20,13:50:48,2023-12-20,14:06:17,15.48,8.41,0.37,-1.211312,36.797877,-1.164068,36.750205,32.6,33.4,68.0
663045,2023-12-20,14:13:21,2023-12-20,14:17:06,3.75,1.6,0.38,-1.164068,36.750205,-1.174505,36.758773,25.6,28.49,43.0
663045,2023-12-20,14:28:04,2023-12-20,14:33:58,5.9,1.96,0.4,-1.174505,36.758773,-1.173107,36.767795,19.93,21.38,37.0
663045,2023-12-20,14:34:29,2023-12-20,14:37:27,2.97,0.83,0.0,-1.173107,36.767795,-1.167970,36.762917,16.77,16.77,18.0
663045,2023-12-20,14:37:28,2023-12-20,14:40:42,3.23,1.14,0.32,-1.167970,36.762917,-1.174518,36.758800,21.18,23.51,28.0
663045,2023-12-20,14:55:34,2023-12-20,15:06:44,11.17,5.99,0.77,-1.174518,36.758800,-1.191265,36.775005,32.18,34.56,54.0
663045,2023-12-20,15:06:54,2023-12-20,15:12:50,5.93,2.86,0.33,-1.191265,36.775005,-1.173413,36.759173,28.94,30.64,46.0
663045,2023-12-20,15:20:59,2023-12-20,15:24:04,3.08,1.07,0.38,-1.173413,36.759173,-1.178457,36.754022,20.84,23.78,36.0
663045,2023-12-20,15:24:13,2023-12-20,15:26:49,2.6,0.94,0.17,-1.178457,36.754022,-1.174560,36.758720,21.69,23.21,41.0
663045,2023-12-20,16:02:39,2023-12-20,16:08:24,5.75,2.49,0.45,-1.174560,36.758720,-1.159410,36.743470,25.98,28.19,36.0
663045,2023-12-20,16:09:06,2023-12-20,16:14:39,5.55,2.51,0.32,-1.159410,36.743470,-1.174480,36.758860,27.14,28.8,42.0
663045,2023-12-20,16:51:22,2023-12-20,16:55:04,3.7,1.22,0.0,-1.174480,36.758860,-1.179728,36.755138,19.78,19.78,29.0
663045,2023-12-20,16:56:49,2023-12-20,17:00:11,3.37,1.19,0.18,-1.179728,36.755138,-1.174592,36.758713,21.19,22.38,32.0
663045,2023-12-20,17:06:14,2023-12-20,17:11:12,4.97,2.15,0.42,-1.174592,36.758713,-1.161983,36.745192,25.96,28.35,46.0
663045,2023-12-20,17:13:35,2023-12-20,17:17:58,4.38,2.17,0.27,-1.161983,36.745192,-1.174530,36.758783,29.73,31.68,57.0
663045,2023-12-20,17:26:34,2023-12-20,17:33:19,6.75,2.83,0.43,-1.174530,36.758783,-1.154205,36.752113,25.16,26.87,36.0
663045,2023-12-20,17:39:31,2023-12-20,17:45:55,6.4,2.67,0.32,-1.154205,36.752113,-1.173113,36.758637,25.03,26.35,54.0
663045,2023-12-20,17:45:56,2023-12-20,17:46:58,1.03,0.17,0.4,-1.173113,36.758637,-1.174547,36.758893,9.9,16.19,21.0
663045,2023-12-20,18:18:41,2023-12-20,18:22:27,3.77,1.37,0.0,-1.174547,36.758893,-1.166295,36.764060,21.8,21.8,33.0
663045,2023-12-20,18:24:03,2023-12-20,18:26:39,2.6,1.16,0.33,-1.166295,36.764060,-1.172585,36.759378,26.77,30.66,47.0
663045,2023-12-20,18:26:40,2023-12-20,18:32:36,5.93,3.58,0.48,-1.172585,36.759378,-1.164627,36.783165,36.22,39.41,66.0
663045,2023-12-20,18:32:37,2023-12-20,18:39:17,6.67,3.87,0.38,-1.164627,36.783165,-1.174495,36.758940,34.81,36.92,75.0
663045,2023-12-20,18:41:51,2023-12-20,18:44:39,2.8,1.08,0.0,-1.174602,36.758433,-1.178307,36.752048,23.14,23.14,31.0
663045,2023-12-20,18:47:30,2023-12-20,18:50:39,3.15,1.07,0.22,-1.178307,36.752048,-1.174500,36.758778,20.38,21.91,30.0
663045,2023-12-20,19:46:25,2023-12-20,19:51:08,4.72,1.46,0.0,-1.174500,36.758778,-1.180142,36.750478,18.56,18.56,25.0
663045,2023-12-20,19:51:13,2023-12-20,19:52:20,1.12,0.24,0.12,-1.180142,36.750478,-1.181388,36.752030,12.86,14.4,17.0
663045,2023-12-20,19:53:34,2023-12-20,19:58:21,4.78,1.67,0.42,-1.181388,36.752030,-1.174508,36.758492,20.96,22.98,37.0
663045,2023-12-20,22:07:25,2023-12-20,22:10:35,3.17,1.01,0.0,-1.174480,36.758718,-1.171707,36.752633,19.12,19.12,24.0
663045,2023-12-20,22:12:19,2023-12-20,22:15:22,3.05,0.95,0.33,-1.171707,36.752633,-1.174442,36.758748,18.69,20.96,35.0
663045,2023-12-20,22:23:40,2023-12-20,22:25:51,2.18,0.74,0.0,-1.174442,36.758748,-1.174427,36.752977,20.37,20.37,32.0
663045,2023-12-20,22:27:55,2023-12-20,22:30:23,2.47,0.69,0.32,-1.174427,36.752977,-1.175130,36.754850,16.76,19.26,41.0
663045,2023-12-20,22:30:28,2023-12-20,22:33:21,2.88,1.03,0.0,-1.175130,36.754850,-1.178233,36.747015,21.46,21.46,31.0
663045,2023-12-20,22:33:41,2023-12-20,22:34:48,1.12,0.29,0.0,-1.178233,36.747015,-1.177563,36.744690,15.54,15.54,17.0
663045,2023-12-20,22:36:43,2023-12-20,22:38:00,1.28,0.33,0.0,-1.177563,36.744690,-1.178363,36.747217,15.47,15.47,21.0
663045,2023-12-20,22:38:11,2023-12-20,22:42:05,3.9,1.4,0.45,-1.178363,36.747217,-1.174425,36.758805,21.54,24.35,43.0
663045,2023-12-20,22:47:16,2023-12-20,22:50:35,3.32,1.14,0.02,-1.174425,36.758805,-1.178282,36.751718,20.6,20.73,45.0
663045,2023-12-20,22:52:07,2023-12-20,22:55:00,2.88,1.12,0.45,-1.178282,36.751718,-1.174422,36.758867,23.33,27.65,49.0
663045,2023-12-20,22:56:19,2023-12-20,22:58:05,1.77,0.44,0.52,-1.174422,36.758867,-1.175192,36.755013,14.92,21.12,30.0
663045,2023-12-20,22:59:11,2023-12-20,23:00:26,1.25,0.37,0.0,-1.175183,36.754867,-1.177817,36.755842,17.76,17.76,30.0
663045,2023-12-20,23:02:49,2023-12-20,23:05:20,2.52,0.87,0.35,-1.177817,36.755842,-1.174450,36.758800,20.71,24.06,31.0
663045,2023-12-20,23:12:30,2023-12-20,23:22:02,9.53,4.28,0.0,-1.174450,36.758800,-1.175307,36.735015,26.95,26.95,42.0
663045,2023-12-20,23:22:05,2023-12-20,23:23:03,0.97,0.26,0.0,-1.175307,36.735015,-1.173590,36.733493,16.08,16.08,16.0
663045,2023-12-20,23:25:02,2023-12-20,23:32:36,7.57,4.55,0.33,-1.173590,36.733493,-1.174415,36.758958,36.06,37.71,66.0
663045,2023-12-20,23:33:53,2023-12-20,23:36:11,2.3,0.95,0.32,-1.174415,36.758958,,,24.78,28.79,46.0
663045,2023-12-21,07:33:24,2023-12-21,07:36:38,3.23,0.93,0.4,,,-1.174502,36.758942,17.28,19.72,28.0
663045,2023-12-21,07:56:28,2023-12-21,07:57:50,1.37,0.28,0.4,-1.174502,36.758942,-1.175007,36.756473,12.26,17.32,24.0
663045,2023-12-21,08:53:33,2023-12-21,09:07:42,14.15,7.19,0.45,-1.175007,36.756473,-1.174512,36.758850,30.49,31.49,79.0
663045,2023-12-21,09:11:20,2023-12-21,09:13:34,2.23,0.75,0.43,-1.174512,36.758850,-1.175892,36.752245,20.18,25.0,32.0
663045,2023-12-21,09:13:35,2023-12-21,09:15:23,1.8,0.75,0.4,-1.175892,36.752245,-1.174535,36.758807,25.0,32.14,48.0
663045,2023-12-21,09:35:09,2023-12-21,09:39:05,3.93,1.57,0.0,-1.174535,36.758807,-1.178398,36.746267,23.97,23.97,38.0
663045,2023-12-21,09:39:19,2023-12-21,09:43:05,3.77,1.14,0.45,-1.178398,36.746267,-1.178595,36.738907,18.14,20.6,40.0
663045,2023-12-21,09:43:48,2023-12-21,09:48:14,4.43,1.33,0.0,-1.178595,36.738907,-1.178813,36.747423,18.01,18.01,25.0
663045,2023-12-21,09:48:15,2023-12-21,09:50:42,2.45,0.98,0.43,-1.178813,36.747423,-1.175122,36.755275,24.0,29.11,46.0
663045,2023-12-21,09:51:42,2023-12-21,09:53:09,1.45,0.41,0.27,-1.175122,36.755275,-1.174485,36.758800,16.97,20.85,41.0
663045,2023-12-21,09:53:13,2023-12-21,09:57:38,4.42,1.51,0.78,-1.174485,36.758800,-1.174512,36.758838,20.5,24.89,41.0
663045,2023-12-21,10:26:22,2023-12-21,10:27:41,1.32,0.25,0.38,-1.174512,36.758838,-1.172725,36.759242,11.36,15.96,18.0
663045,2023-12-21,10:48:40,2023-12-21,10:49:51,1.18,0.22,0.33,-1.172725,36.759242,-1.174507,36.758920,11.19,15.53,28.0
663045,2023-12-21,10:58:17,2023-12-21,10:59:28,1.18,0.22,0.5,-1.174507,36.758920,-1.176347,36.759682,11.19,19.41,26.0
663045,2023-12-21,11:01:41,2023-12-21,11:07:29,5.8,1.96,0.2,-1.176347,36.759682,-1.181348,36.752038,20.28,21.0,32.0
663045,2023-12-21,11:10:52,2023-12-21,11:16:05,5.22,1.8,0.35,-1.181348,36.752038,-1.176148,36.759863,20.69,22.18,39.0
663045,2023-12-21,11:16:33,2023-12-21,11:17:41,1.13,0.22,0.38,-1.176148,36.759863,-1.174520,36.758908,11.68,17.6,27.0
663045,2023-12-21,11:56:23,2023-12-21,11:57:58,1.58,0.49,0.0,-1.174520,36.758908,-1.178207,36.759587,18.61,18.61,27.0
663045,2023-12-21,12:03:47,2023-12-21,12:06:29,2.7,0.73,0.35,-1.178207,36.759587,-1.174513,36.758663,16.22,18.64,28.0
663045,2023-12-21,13:10:42,2023-12-21,13:20:31,9.82,5.16,0.0,-1.174513,36.758663,-1.138968,36.756635,31.53,31.53,55.0
663045,2023-12-21,13:22:35,2023-12-21,13:24:32,1.95,0.5,0.33,-1.139017,36.755967,-1.142305,36.753558,15.38,18.52,42.0
663045,2023-12-21,13:27:38,2023-12-21,13:34:26,6.8,4.52,0.45,-1.142305,36.753558,-1.174528,36.758877,39.88,42.71,69.0
663045,2023-12-21,13:41:53,2023-12-21,13:45:35,3.7,1.47,0.0,-1.174528,36.758877,-1.178223,36.747187,23.84,23.84,44.0
663045,2023-12-21,13:46:08,2023-12-21,13:47:38,1.5,0.43,0.0,-1.178223,36.747187,-1.175833,36.745078,17.2,17.2,18.0
663045,2023-12-21,13:47:42,2023-12-21,13:49:17,1.58,0.33,0.47,-1.175833,36.745078,-1.176732,36.742245,12.53,17.84,19.0
663045,2023-12-21,13:49:37,2023-12-21,13:52:23,2.77,0.78,0.0,-1.176732,36.742245,-1.178298,36.746560,16.9,16.9,19.0
663045,2023-12-21,13:52:58,2023-12-21,13:56:42,3.73,1.47,0.42,-1.178298,36.746560,-1.174472,36.758672,23.65,26.65,43.0
663045,2023-12-21,14:34:19,2023-12-21,14:37:42,3.38,1.28,0.0,-1.174472,36.758672,-1.167150,36.762792,22.72,22.72,39.0
663045,2023-12-21,14:40:27,2023-12-21,14:44:23,3.93,1.46,0.0,-1.167150,36.762792,-1.176140,36.763335,22.29,22.29,57.0
663045,2023-12-21,14:56:05,2023-12-21,14:58:49,2.73,0.77,0.0,-1.176143,36.763453,-1.173425,36.758658,16.92,16.92,21.0
663045,2023-12-21,15:25:24,2023-12-21,15:28:28,3.07,1.17,0.0,-1.174517,36.758810,-1.179470,36.754585,22.87,22.87,46.0
663045,2023-12-21,15:29:41,2023-12-21,15:35:35,5.9,3.86,0.63,-1.179470,36.754585,-1.191327,36.775050,39.25,43.95,83.0
663045,2023-12-21,15:35:43,2023-12-21,15:40:30,4.78,2.87,0.33,-1.191327,36.775050,-1.173435,36.759028,36.03,38.7,68.0
663045,2023-12-21,15:44:51,2023-12-21,15:49:37,4.77,2.34,0.43,-1.174515,36.758878,-1.162742,36.743752,29.43,32.35,53.0
663045,2023-12-21,15:49:38,2023-12-21,15:54:05,4.45,2.35,0.42,-1.162742,36.743752,-1.174515,36.758897,31.69,34.99,75.0
663045,2023-12-21,16:09:12,2023-12-21,16:14:48,5.6,2.48,0.47,-1.174515,36.758897,-1.159460,36.743570,26.57,29.01,39.0
663045,2023-12-21,16:14:49,2023-12-21,16:21:46,6.95,3.92,0.42,-1.159460,36.743570,-1.164180,36.728902,33.84,36.02,46.0
663045,2023-12-21,16:27:09,2023-12-21,16:39:39,12.5,6.44,0.37,-1.164180,36.728902,-1.174510,36.758925,30.91,31.85,57.0
663045,2023-12-21,17:11:30,2023-12-21,17:16:30,5.0,2.19,0.62,-1.174510,36.758925,-1.174500,36.758878,26.28,30.0,53.0
663045,2023-12-21,18:30:57,2023-12-21,18:43:20,12.38,5.73,0.62,-1.174512,36.758913,-1.202132,36.744970,27.77,29.23,48.0
663045,2023-12-21,18:43:26,2023-12-21,18:54:35,11.15,5.14,0.18,-1.202132,36.744970,-1.181367,36.752033,27.66,28.11,46.0
663045,2023-12-21,18:56:30,2023-12-21,18:57:41,1.18,0.2,0.48,-1.181367,36.752033,-1.180323,36.750553,10.17,17.14,18.0
663045,2023-12-21,19:02:09,2023-12-21,19:07:00,4.85,1.62,0.15,-1.180323,36.750553,-1.176132,36.759898,20.04,20.68,27.0
663045,2023-12-21,19:07:40,2023-12-21,19:08:42,1.03,0.21,0.15,-1.176132,36.759898,-1.174488,36.758965,12.23,14.32,19.0
663045,2023-12-21,19:27:32,2023-12-21,19:30:09,2.62,0.9,0.2,-1.174050,36.758822,-1.176170,36.763310,20.61,22.31,32.0
663045,2023-12-21,19:34:32,2023-12-21,19:55:23,20.85,12.83,0.68,-1.176170,36.763310,-1.174420,36.758925,36.92,38.17,69.0
663045,2023-12-21,20:04:53,2023-12-21,20:11:20,6.45,3.61,0.0,-1.173180,36.758578,-1.146893,36.751613,33.58,33.58,71.0
663045,2023-12-21,20:13:29,2023-12-21,20:20:53,7.4,3.79,0.35,-1.146663,36.751677,-1.174463,36.758917,30.73,32.26,53.0
663045,2023-12-21,20:35:43,2023-12-21,20:45:19,9.6,6.35,0.42,-1.174463,36.758917,-1.162758,36.727270,39.69,41.5,61.0
663045,2023-12-21,20:50:13,2023-12-21,21:03:07,12.9,6.62,0.45,-1.163007,36.727327,-1.174195,36.758973,30.79,31.9,54.0
663045,2023-12-21,21:22:15,2023-12-21,21:28:08,5.88,2.27,0.2,-1.174470,36.758833,-1.162395,36.744295,23.16,23.98,30.0
663045,2023-12-21,21:28:22,2023-12-21,21:33:21,4.98,1.96,0.0,-1.162685,36.743777,-1.175358,36.735018,23.61,23.61,38.0
663045,2023-12-21,21:36:55,2023-12-21,21:38:57,2.03,0.53,0.0,-1.175358,36.735018,-1.175037,36.734757,15.67,15.67,19.0
663045,2023-12-21,21:39:32,2023-12-21,21:44:12,4.67,1.5,0.0,-1.175037,36.734757,-1.176342,36.745660,19.27,19.27,30.0
663045,2023-12-21,21:44:16,2023-12-21,21:45:20,1.07,0.27,0.0,-1.176342,36.745660,-1.178348,36.746042,15.14,15.14,17.0
663045,2023-12-21,21:45:52,2023-12-21,21:49:43,3.85,1.53,0.35,-1.178348,36.746042,-1.174467,36.758790,23.84,26.23,45.0
663045,2023-12-21,21:52:42,2023-12-21,21:55:43,3.02,0.89,0.22,-1.174467,36.758790,-1.175718,36.762965,17.68,19.07,27.0
663045,2023-12-21,22:03:57,2023-12-21,22:07:13,3.27,0.94,0.37,-1.176112,36.763315,-1.174402,36.758872,17.25,19.45,30.0
663045,2023-12-21,23:43:13,2023-12-21,23:50:38,7.42,3.51,0.42,-1.174473,36.758800,-1.169853,36.739690,28.38,30.09,48.0
663045,2023-12-21,23:50:51,2023-12-21,23:58:29,7.63,4.07,0.28,-1.169853,36.739690,,,32.01,33.22,54.0
680968,2023-12-10,05:22:47,2023-12-10,05:23:48,1.02,0.23,0.12,,,-1.277387,36.761592,13.53,15.33,17.0
680968,2023-12-10,05:24:48,2023-12-10,05:27:16,2.47,0.71,0.18,-1.277387,36.761592,-1.279353,36.757598,17.25,18.6,23.0
680968,2023-12-10,18:43:58,2023-12-10,18:45:47,1.82,0.41,0.5,-1.279353,36.757598,-1.276355,36.759553,13.52,18.64,24.0
680968,2023-12-10,18:48:30,2023-12-10,18:49:47,1.28,0.32,0.0,-1.276355,36.759553,-1.277125,36.761668,15.0,15.0,18.0
680968,2023-12-10,18:50:05,2023-12-10,18:51:24,1.32,0.27,0.33,-1.277125,36.761668,,,12.27,16.36,19.0
680968,2023-12-11,05:26:31,2023-12-11,05:28:50,2.32,0.68,0.17,,,-1.279415,36.757625,17.59,18.98,32.0
680968,2023-12-11,08:44:22,2023-12-11,08:46:30,2.13,0.61,0.0,-1.279415,36.757625,-1.276730,36.760462,17.18,17.18,24.0
680968,2023-12-11,08:46:34,2023-12-11,08:49:20,2.77,0.9,0.37,-1.276730,36.760462,-1.279293,36.768032,19.49,22.5,29.0
680968,2023-12-11,08:49:26,2023-12-11,08:51:37,2.18,0.7,0.45,-1.279293,36.768032,-1.275722,36.771650,19.27,24.28,36.0
680968,2023-12-11,11:13:40,2023-12-11,11:21:00,7.33,3.12,0.08,-1.275722,36.771650,-1.291960,36.790638,25.54,25.82,52.0
680968,2023-12-11,11:26:46,2023-12-11,11:28:00,1.23,0.32,0.0,-1.291960,36.790638,-1.289133,36.790370,15.61,15.61,23.0
680968,2023-12-11,11:28:01,2023-12-11,11:29:41,1.67,0.44,0.43,-1.289133,36.790370,-1.285292,36.789687,15.81,21.29,26.0
680968,2023-12-11,11:29:42,2023-12-11,11:34:16,4.57,2.37,0.22,-1.285292,36.789687,-1.275687,36.771710,31.12,32.69,54.0
680968,2023-12-11,11:39:50,2023-12-11,11:41:16,1.43,0.4,0.0,-1.275687,36.771710,-1.278895,36.770740,16.78,16.78,31.0
680968,2023-12-11,11:53:01,2023-12-11,11:54:25,1.4,0.39,0.43,-1.278895,36.770740,-1.275680,36.771670,16.71,24.12,37.0
680968,2023-12-11,12:30:44,2023-12-11,12:35:11,4.45,1.68,0.0,-1.275680,36.771670,-1.275960,36.760493,22.65,22.65,33.0
680968,2023-12-11,12:35:12,2023-12-11,12:37:12,2.0,0.47,0.38,-1.275960,36.760493,-1.279023,36.759030,14.1,17.41,21.0
680968,2023-12-11,12:38:24,2023-12-11,12:39:50,1.43,0.37,0.0,-1.277660,36.758912,-1.276710,36.760452,15.52,15.52,24.0
680968,2023-12-11,12:40:24,2023-12-11,12:44:11,3.78,1.46,0.4,-1.276647,36.761768,-1.275690,36.771637,23.17,25.92,43.0
680968,2023-12-11,12:57:11,2023-12-11,12:59:06,1.92,0.55,0.05,-1.275690,36.771637,-1.279943,36.769172,17.19,17.65,28.0
680968,2023-12-11,12:59:07,2023-12-11,13:02:08,3.02,1.1,0.45,-1.279943,36.769172,-1.276278,36.760515,21.85,25.68,48.0
680968,2023-12-11,13:04:09,2023-12-11,13:05:42,1.55,0.54,0.1,-1.276053,36.760525,-1.279348,36.757553,20.9,22.34,34.0
680968,2023-12-11,14:54:52,2023-12-11,14:56:20,1.47,0.34,0.5,-1.279348,36.757553,-1.276653,36.758943,13.88,21.03,29.0
680968,2023-12-11,14:56:25,2023-12-11,15:01:53,5.47,1.89,0.38,-1.276653,36.758943,-1.275655,36.771677,20.73,22.28,38.0
680968,2023-12-11,15:24:58,2023-12-11,15:26:19,1.35,0.33,0.4,-1.276302,36.771440,-1.278835,36.770738,14.67,20.84,29.0
680968,2023-12-11,15:27:42,2023-12-11,15:31:43,4.02,1.35,0.45,-1.278670,36.770652,-1.268732,36.771637,20.15,22.69,36.0
680968,2023-12-11,15:37:09,2023-12-11,15:47:58,10.82,4.92,0.3,-1.268732,36.771637,-1.252647,36.786513,27.28,28.06,56.0
680968,2023-12-11,15:49:05,2023-12-11,15:58:45,9.67,4.98,0.45,-1.252647,36.786513,-1.275683,36.771642,30.9,32.41,73.0
680968,2023-12-11,16:31:10,2023-12-11,16:32:43,1.55,0.29,0.45,-1.275683,36.771642,-1.277978,36.770498,11.23,15.82,20.0
680968,2023-12-11,16:32:44,2023-12-11,16:40:32,7.8,2.96,0.15,-1.277978,36.770498,-1.300052,36.774260,22.77,23.22,38.0
680968,2023-12-11,16:40:33,2023-12-11,16:41:35,1.03,0.28,0.33,-1.300052,36.774260,-1.302503,36.774227,16.31,24.0,28.0
680968,2023-12-11,16:41:40,2023-12-11,16:44:23,2.72,0.94,0.0,-1.302503,36.774227,-1.308140,36.778020,20.74,20.74,33.0
680968,2023-12-11,16:45:11,2023-12-11,16:47:11,2.0,0.55,0.0,-1.308140,36.778020,-1.311517,36.776902,16.5,16.5,20.0
680968,2023-12-11,16:47:49,2023-12-11,16:49:18,1.48,0.31,0.43,-1.311517,36.776902,-1.309182,36.775775,12.57,17.71,21.0
680968,2023-12-11,16:49:19,2023-12-11,16:50:25,1.1,0.28,0.17,-1.309182,36.775775,-1.311240,36.776452,15.27,18.06,18.0
680968,2023-12-11,16:50:36,2023-12-11,16:51:59,1.38,0.36,0.0,-1.311240,36.776452,-1.310817,36.779238,15.65,15.65,21.0
680968,2023-12-11,16:52:01,2023-12-11,17:04:33,12.53,4.81,0.17,-1.310817,36.779238,-1.275730,36.771640,23.03,23.35,48.0
680968,2023-12-11,17:27:08,2023-12-11,17:29:10,2.03,0.58,0.17,-1.275730,36.771640,-1.280222,36.769067,17.14,18.71,33.0
680968,2023-12-11,17:29:11,2023-12-11,17:37:15,8.07,3.31,0.42,-1.280222,36.769067,-1.292402,36.746932,24.61,25.96,49.0
680968,2023-12-11,17:39:16,2023-12-11,17:41:07,1.85,0.55,0.17,-1.292402,36.746932,-1.292610,36.751557,17.84,19.64,25.0
680968,2023-12-11,17:41:22,2023-12-11,17:43:21,1.98,0.48,0.05,-1.292610,36.751557,-1.289353,36.753828,14.55,14.92,20.0
680968,2023-12-11,17:43:22,2023-12-11,17:49:20,5.97,2.79,0.4,-1.289353,36.753828,-1.275895,36.771652,28.04,30.05,46.0
680968,2023-12-11,17:56:01,2023-12-11,17:59:48,3.78,1.54,0.0,-1.275895,36.771652,-1.276713,36.760838,24.44,24.44,42.0
680968,2023-12-11,18:00:09,2023-12-11,18:01:39,1.5,0.47,0.47,-1.276713,36.760838,-1.278413,36.757887,18.8,27.38,42.0
680968,2023-12-11,18:33:41,2023-12-11,18:35:31,1.83,0.51,0.0,-1.278727,36.757742,-1.276578,36.760508,16.72,16.72,23.0
680968,2023-12-11,18:36:36,2023-12-11,18:38:13,1.62,0.38,0.17,-1.276578,36.760508,,,14.07,15.72,19.0
680968,2023-12-12,05:27:02,2023-12-12,05:28:13,1.18,0.25,0.18,,,-1.277377,36.761615,12.71,15.0,18.0
680968,2023-12-12,05:29:12,2023-12-12,05:31:15,2.05,0.68,0.38,-1.277377,36.761615,-1.279172,36.757548,19.9,24.43,41.0
680968,2023-12-12,10:32:02,2023-12-12,10:34:11,2.15,0.59,0.0,-1.279363,36.757622,-1.276465,36.760515,16.47,16.47,22.0
680968,2023-12-12,10:34:27,2023-12-12,10:38:03,3.6,1.6,0.27,-1.276465,36.760515,-1.275793,36.771635,26.67,28.83,67.0
680968,2023-12-12,10:50:22,2023-12-12,11:01:45,11.38,5.67,0.45,-1.275793,36.771635,-1.283940,36.811725,29.89,31.13,47.0
680968,2023-12-12,11:01:46,2023-12-12,11:12:46,11.0,5.74,0.45,-1.283940,36.811725,-1.276188,36.772525,31.31,32.64,53.0
680968,2023-12-12,11:12:47,2023-12-12,11:23:43,10.93,5.77,0.47,-1.276188,36.772525,-1.287892,36.814370,31.67,33.1,51.0
680968,2023-12-12,11:23:49,2023-12-12,11:34:33,10.73,5.37,0.23,-1.287892,36.814370,-1.275755,36.771633,30.03,30.69,51.0
680968,2023-12-12,13:26:40,2023-12-12,13:31:12,4.53,2.12,0.43,-1.275755,36.771633,-1.289527,36.760115,28.08,31.02,53.0
680968,2023-12-12,13:31:26,2023-12-12,13:33:21,1.92,0.63,0.0,-1.289527,36.760115,-1.283903,36.760092,19.69,19.69,26.0
680968,2023-12-12,13:37:18,2023-12-12,13:38:36,1.3,0.26,0.4,-1.281652,36.758262,-1.279443,36.757630,12.0,17.33,24.0
680968,2023-12-12,15:05:13,2023-12-12,15:07:15,2.03,0.62,0.0,-1.279443,36.757630,-1.276687,36.760545,18.33,18.33,26.0
680968,2023-12-12,15:07:52,2023-12-12,15:11:28,3.6,1.46,0.22,-1.276628,36.761718,-1.275767,36.771640,24.33,25.92,40.0
680968,2023-12-12,16:29:21,2023-12-12,16:35:35,6.23,3.4,0.22,-1.276848,36.771103,-1.299850,36.766235,32.74,33.94,57.0
680968,2023-12-12,16:36:36,2023-12-12,16:37:51,1.25,0.24,0.27,-1.299850,36.766235,-1.300567,36.767997,11.52,14.69,29.0
680968,2023-12-12,16:38:01,2023-12-12,16:45:29,7.47,3.78,0.3,-1.300567,36.767997,-1.275757,36.771612,30.36,31.63,51.0
680968,2023-12-12,18:02:07,2023-12-12,18:07:12,5.08,2.1,0.48,-1.275757,36.771612,-1.278348,36.757908,24.8,27.39,48.0
680968,2023-12-12,18:36:09,2023-12-12,18:38:18,2.15,0.6,0.0,-1.279388,36.757608,-1.276592,36.760482,16.74,16.74,32.0
680968,2023-12-12,18:39:23,2023-12-12,18:40:53,1.5,0.34,0.2,-1.276592,36.760482,,,13.6,15.69,17.0
680968,2023-12-13,05:29:23,2023-12-13,05:30:32,1.15,0.27,0.17,,,-1.277145,36.761752,14.09,16.53,18.0
680968,2023-12-13,05:31:18,2023-12-13,05:33:20,2.03,0.69,0.27,-1.277145,36.761752,-1.279348,36.757657,20.39,23.52,39.0
680968,2023-12-13,07:37:08,2023-12-13,07:42:42,5.57,2.18,0.35,-1.279348,36.757657,-1.276010,36.771600,23.48,25.06,46.0
680968,2023-12-13,07:54:26,2023-12-13,08:03:56,9.5,4.58,0.33,-1.276010,36.771600,-1.295198,36.802208,28.93,29.97,43.0
680968,2023-12-13,08:03:57,2023-12-13,08:13:28,9.52,4.78,0.47,-1.295198,36.802208,-1.304855,36.827647,30.13,31.69,52.0
680968,2023-12-13,12:33:59,2023-12-13,12:36:37,2.63,0.73,0.27,-1.304855,36.827647,-1.300430,36.824067,16.65,18.56,31.0
680968,2023-12-13,12:36:52,2023-12-13,12:40:26,3.57,0.92,0.0,-1.300430,36.824067,-1.293112,36.820380,15.46,15.46,22.0
680968,2023-12-13,12:41:28,2023-12-13,12:43:01,1.55,0.59,0.0,-1.293112,36.820380,-1.288370,36.817972,22.84,22.84,46.0
680968,2023-12-13,12:43:07,2023-12-13,12:58:13,15.1,7.45,0.5,-1.288370,36.817972,-1.279403,36.769717,29.6,30.62,66.0
680968,2023-12-13,12:59:21,2023-12-13,13:00:52,1.52,0.47,0.3,-1.279403,36.769717,-1.275692,36.771673,18.55,23.11,41.0
680968,2023-12-13,13:07:25,2023-12-13,13:12:17,4.87,1.68,0.0,-1.275692,36.771673,-1.275977,36.760502,20.7,20.7,29.0
680968,2023-12-13,13:12:20,2023-12-13,13:14:16,1.93,0.54,0.18,-1.275977,36.760502,-1.279382,36.757603,16.79,18.51,25.0
680968,2023-12-13,15:31:18,2023-12-13,15:33:05,1.78,0.61,0.0,-1.279382,36.757603,-1.276638,36.760487,20.56,20.56,36.0
680968,2023-12-13,15:33:49,2023-12-13,15:37:06,3.28,1.45,0.33,-1.276687,36.761788,-1.275768,36.771628,26.52,29.49,46.0
680968,2023-12-13,16:19:07,2023-12-13,16:21:28,2.35,1.01,0.23,-1.275768,36.771628,-1.279682,36.778950,25.79,28.58,42.0
680968,2023-12-13,16:22:30,2023-12-13,16:24:43,2.22,0.98,0.45,-1.279682,36.778950,-1.275698,36.771670,26.49,33.22,52.0
680968,2023-12-13,16:53:37,2023-12-13,16:54:45,1.13,0.42,0.0,-1.276793,36.771153,-1.280015,36.769228,22.3,22.3,35.0
680968,2023-12-13,16:54:46,2023-12-13,16:58:10,3.4,1.6,0.43,-1.280015,36.769228,-1.291288,36.761523,28.24,32.32,49.0
680968,2023-12-13,16:58:38,2023-12-13,17:03:01,4.38,2.16,0.3,-1.291288,36.761523,-1.275765,36.771617,29.59,31.76,51.0
680968,2023-12-13,17:45:28,2023-12-13,17:52:47,7.32,2.97,0.42,-1.275765,36.771617,-1.298670,36.761400,24.34,25.83,43.0
680968,2023-12-13,17:54:37,2023-12-13,17:58:10,3.55,1.32,0.42,-1.298670,36.761400,-1.286832,36.762157,22.31,25.3,36.0
680968,2023-12-13,17:59:59,2023-12-13,18:06:00,6.02,2.74,0.17,-1.286533,36.762370,-1.279388,36.757600,27.31,28.1,57.0
680968,2023-12-13,18:35:12,2023-12-13,18:38:53,3.68,1.06,0.6,-1.279222,36.757573,,,17.28,20.65,32.0
680968,2023-12-14,05:38:31,2023-12-14,05:39:36,1.08,0.23,0.23,,,-1.277443,36.761602,12.78,16.24,17.0
680968,2023-12-14,05:40:35,2023-12-14,05:42:54,2.32,0.7,0.17,-1.277443,36.761602,-1.279402,36.757642,18.1,19.53,30.0
680968,2023-12-14,11:17:25,2023-12-14,11:19:13,1.8,0.62,0.0,-1.279402,36.757642,-1.276760,36.760508,20.67,20.67,37.0
680968,2023-12-14,11:19:14,2023-12-14,11:22:51,3.62,1.56,0.35,-1.276760,36.760508,-1.275937,36.771652,25.86,28.62,60.0
680968,2023-12-14,11:49:51,2023-12-14,11:52:00,2.15,0.79,0.33,-1.275937,36.771652,-1.270665,36.774393,22.05,26.04,46.0
680968,2023-12-14,11:54:08,2023-12-14,11:56:16,2.13,0.75,0.35,-1.270665,36.774393,-1.275723,36.771632,21.13,25.28,42.0
680968,2023-12-14,12:30:32,2023-12-14,12:38:32,8.0,3.13,0.0,-1.275723,36.771632,-1.291848,36.785947,23.48,23.48,40.0
680968,2023-12-14,12:59:27,2023-12-14,13:02:13,2.77,0.9,0.17,-1.291848,36.785947,-1.285188,36.787943,19.49,20.77,34.0
680968,2023-12-14,13:02:33,2023-12-14,13:07:41,5.13,2.26,0.37,-1.285188,36.787943,-1.274957,36.771197,26.43,28.49,52.0
680968,2023-12-14,13:32:40,2023-12-14,13:34:02,1.37,0.37,0.15,-1.275693,36.771625,-1.278060,36.770327,16.2,18.2,32.0
680968,2023-12-14,13:36:20,2023-12-14,13:38:52,2.53,0.77,0.43,-1.278060,36.770327,-1.274732,36.768555,18.26,22.0,43.0
680968,2023-12-14,13:38:53,2023-12-14,13:40:40,1.78,0.48,0.17,-1.274732,36.768555,-1.275897,36.771663,16.18,17.89,38.0
680968,2023-12-14,13:40:44,2023-12-14,13:42:40,1.93,0.52,0.2,-1.275897,36.771663,-1.279910,36.769283,16.17,18.03,31.0
680968,2023-12-14,13:42:41,2023-12-14,13:46:08,3.45,1.34,0.43,-1.279910,36.769283,-1.276672,36.758952,23.3,26.62,53.0
680968,2023-12-14,13:46:15,2023-12-14,13:51:14,4.98,1.88,0.28,-1.276672,36.758952,-1.275793,36.771645,22.65,24.0,45.0
680968,2023-12-14,13:54:11,2023-12-14,13:56:46,2.58,0.98,0.47,-1.275793,36.771645,-1.268728,36.771673,22.79,27.87,38.0
680968,2023-12-14,14:25:38,2023-12-14,14:34:57,9.32,4.71,0.33,-1.268728,36.771673,-1.264100,36.801622,30.32,31.43,51.0
680968,2023-12-14,14:34:58,2023-12-14,14:39:49,4.85,1.75,0.7,-1.264100,36.801622,-1.257638,36.811420,21.65,25.3,60.0
680968,2023-12-14,14:45:09,2023-12-14,14:47:40,2.52,0.76,0.33,-1.257638,36.811420,-1.259860,36.817748,18.1,20.82,34.0
680968,2023-12-14,14:47:41,2023-12-14,14:57:33,9.87,4.72,0.17,-1.259860,36.817748,-1.273827,36.825598,28.69,29.2,65.0
680968,2023-12-14,14:59:02,2023-12-14,15:01:12,2.17,0.55,0.27,-1.273827,36.825598,-1.276110,36.825975,15.21,17.37,30.0
680968,2023-12-14,15:13:46,2023-12-14,15:15:25,1.65,0.41,0.03,-1.276110,36.825975,-1.276777,36.822763,14.91,15.19,18.0
680968,2023-12-14,15:17:32,2023-12-14,15:32:49,15.28,7.53,0.22,-1.276777,36.822763,-1.279847,36.768938,29.57,30.0,50.0
680968,2023-12-14,15:34:13,2023-12-14,15:36:37,2.4,0.84,0.47,-1.279847,36.768938,-1.275822,36.769767,21.0,26.11,46.0
680968,2023-12-14,15:36:53,2023-12-14,15:41:30,4.62,2.08,0.17,-1.275822,36.769767,-1.283177,36.785647,27.01,28.04,49.0
680968,2023-12-14,15:41:34,2023-12-14,15:50:51,9.28,4.32,0.17,-1.283177,36.785647,-1.292675,36.820355,27.93,28.45,47.0
680968,2023-12-14,15:50:52,2023-12-14,15:56:13,5.35,3.89,0.43,-1.292675,36.820355,-1.320427,36.839632,43.63,47.44,77.0
680968,2023-12-14,15:56:14,2023-12-14,16:20:06,23.87,12.23,0.17,-1.320427,36.839632,-1.279382,36.757588,30.74,30.96,71.0
680968,2023-12-14,18:34:41,2023-12-14,18:36:37,1.93,0.55,0.0,-1.279382,36.757588,-1.276202,36.760508,17.1,17.1,27.0
680968,2023-12-14,18:39:04,2023-12-14,18:40:24,1.33,0.3,0.17,-1.276898,36.761858,,,13.53,15.52,19.0
680968,2023-12-15,05:34:19,2023-12-15,05:35:25,1.1,0.24,0.08,,,-1.277378,36.761587,13.09,14.12,19.0
680968,2023-12-15,05:36:49,2023-12-15,05:39:08,2.32,0.71,0.1,-1.277378,36.761587,-1.279347,36.757607,18.36,19.19,28.0
680968,2023-12-15,08:52:06,2023-12-15,08:54:56,2.83,0.86,0.5,-1.279347,36.757607,-1.277175,36.762555,18.23,22.15,37.0
680968,2023-12-15,08:55:20,2023-12-15,08:58:47,3.45,1.36,0.37,-1.277175,36.762555,-1.275743,36.771635,23.65,26.49,47.0
680968,2023-12-15,10:36:02,2023-12-15,10:40:55,4.88,2.05,0.42,-1.275743,36.771635,-1.268470,36.785500,25.2,27.58,36.0
680968,2023-12-15,10:40:56,2023-12-15,10:46:09,5.22,2.07,0.45,-1.268470,36.785500,-1.275692,36.771695,23.79,26.04,36.0
680968,2023-12-15,11:33:38,2023-12-15,11:37:49,4.18,1.8,0.07,-1.275692,36.771695,-1.289963,36.771497,25.84,26.28,48.0
680968,2023-12-15,11:37:50,2023-12-15,11:38:59,1.15,0.21,0.42,-1.289963,36.771497,-1.290123,36.769657,10.96,17.26,24.0
680968,2023-12-15,11:39:07,2023-12-15,11:43:59,4.87,2.02,0.18,-1.290123,36.769657,-1.275670,36.771667,24.89,25.84,40.0
680968,2023-12-15,11:44:25,2023-12-15,11:45:53,1.47,0.38,0.32,-1.275670,36.771667,-1.278725,36.770487,15.51,19.83,37.0
680968,2023-12-15,11:48:33,2023-12-15,11:50:11,1.63,0.46,0.4,-1.278725,36.770487,-1.274978,36.771248,16.93,22.44,37.0
680968,2023-12-15,12:22:35,2023-12-15,12:26:06,3.52,1.37,0.63,-1.275715,36.771628,-1.275703,36.771655,23.35,28.44,58.0
680968,2023-12-15,13:07:16,2023-12-15,13:13:15,5.98,2.23,0.3,-1.275703,36.771655,-1.279365,36.757553,22.37,23.56,43.0
680968,2023-12-15,14:44:58,2023-12-15,14:46:19,1.35,0.34,0.47,-1.279365,36.757553,-1.276643,36.758945,15.11,23.18,39.0
680968,2023-12-15,14:46:50,2023-12-15,14:48:00,1.17,0.26,0.12,-1.276643,36.758945,-1.276563,36.760453,13.33,14.86,26.0
680968,2023-12-15,14:48:44,2023-12-15,14:53:21,4.62,1.74,0.17,-1.276563,36.760453,-1.274720,36.772755,22.6,23.46,43.0
680968,2023-12-15,14:53:31,2023-12-15,14:59:22,5.85,2.87,0.35,-1.274720,36.772755,-1.269855,36.794370,29.44,31.31,46.0
680968,2023-12-15,14:59:44,2023-12-15,15:05:55,6.18,3.04,0.35,-1.269855,36.794370,-1.275702,36.771620,29.51,31.29,51.0
680968,2023-12-15,15:08:01,2023-12-15,15:09:59,1.97,0.4,0.4,-1.275702,36.771620,-1.277985,36.769460,12.18,15.29,26.0
680968,2023-12-15,15:13:55,2023-12-15,15:14:57,1.03,0.22,0.1,-1.277985,36.769460,-1.279837,36.769292,12.82,14.19,19.0
680968,2023-12-15,15:15:04,2023-12-15,15:18:57,3.88,1.54,0.33,-1.279837,36.769292,-1.285368,36.758488,23.81,26.03,41.0
680968,2023-12-15,15:19:06,2023-12-15,15:23:12,4.1,1.52,0.0,-1.285368,36.758488,-1.279917,36.769222,22.24,22.24,42.0
680968,2023-12-15,15:23:13,2023-12-15,15:24:48,1.58,0.54,0.33,-1.279917,36.769222,-1.275745,36.771627,20.51,25.92,39.0
680968,2023-12-15,15:33:24,2023-12-15,15:47:46,14.37,6.21,0.35,-1.275745,36.771627,-1.272315,36.814397,25.93,26.58,50.0
680968,2023-12-15,15:47:47,2023-12-15,15:49:29,1.7,0.52,0.1,-1.272315,36.814397,-1.273763,36.818830,18.35,19.5,34.0
680968,2023-12-15,15:52:06,2023-12-15,15:55:35,3.48,1.45,0.0,-1.273763,36.818830,-1.272402,36.808580,25.0,25.0,52.0
680968,2023-12-15,15:55:48,2023-12-15,15:58:37,2.82,0.88,0.17,-1.272402,36.808580,-1.271707,36.801580,18.72,19.92,31.0
680968,2023-12-15,15:58:38,2023-12-15,16:01:33,2.92,1.35,0.45,-1.271707,36.801580,-1.269260,36.789928,27.74,32.79,45.0
680968,2023-12-15,16:03:11,2023-12-15,16:08:47,5.6,2.56,0.33,-1.269260,36.789928,-1.275847,36.771645,27.43,29.15,44.0
680968,2023-12-15,16:08:48,2023-12-15,16:15:39,6.85,3.44,0.38,-1.275847,36.771645,-1.248725,36.776728,30.13,31.9,59.0
680968,2023-12-15,16:16:12,2023-12-15,16:24:14,8.03,4.28,0.45,-1.248725,36.776728,-1.235315,36.748405,31.98,33.88,54.0
680968,2023-12-15,16:26:03,2023-12-15,16:39:51,13.8,7.79,0.47,-1.235315,36.748405,-1.275713,36.771630,33.87,35.06,63.0
680968,2023-12-15,17:10:19,2023-12-15,17:12:00,1.68,0.54,0.05,-1.275713,36.771630,-1.279903,36.769282,19.29,19.88,27.0
680968,2023-12-15,17:12:01,2023-12-15,17:17:13,5.2,2.08,0.3,-1.279903,36.769282,-1.281262,36.754622,24.0,25.47,46.0
680968,2023-12-15,17:17:43,2023-12-15,17:19:36,1.88,0.5,0.42,-1.281262,36.754622,-1.278383,36.757922,15.96,20.55,31.0
680968,2023-12-15,17:20:19,2023-12-15,17:25:46,5.45,2.1,0.43,-1.278383,36.757922,-1.275738,36.771668,23.12,25.1,53.0
680968,2023-12-15,17:50:26,2023-12-15,17:52:18,1.87,0.54,0.17,-1.275738,36.771668,-1.279997,36.769288,17.33,19.06,28.0
680968,2023-12-15,17:52:19,2023-12-15,17:55:41,3.37,1.41,0.0,-1.279997,36.769288,-1.283868,36.759940,25.1,25.1,40.0
680968,2023-12-15,17:55:42,2023-12-15,17:57:00,1.3,0.34,0.0,-1.283868,36.759940,-1.283895,36.756918,15.69,15.69,20.0
680968,2023-12-15,17:58:30,2023-12-15,17:59:29,0.98,0.24,0.0,-1.283895,36.756918,-1.283600,36.759008,14.69,14.69,16.0
680968,2023-12-15,17:59:39,2023-12-15,18:05:00,5.35,2.05,0.38,-1.283600,36.759008,-1.275840,36.771677,22.99,24.75,48.0
680968,2023-12-15,18:08:41,2023-12-15,18:16:55,8.23,4.65,0.43,-1.275840,36.771677,-1.265060,36.801690,33.9,35.77,59.0
680968,2023-12-15,18:19:40,2023-12-15,18:32:28,12.8,6.28,0.17,-1.265060,36.801690,-1.276142,36.760538,29.44,29.83,53.0
680968,2023-12-15,18:33:03,2023-12-15,18:34:33,1.5,0.39,0.28,-1.276142,36.760538,,,15.6,19.18,38.0
680968,2023-12-16,08:08:23,2023-12-16,08:13:56,5.55,2.21,0.28,,,-1.275760,36.771683,23.89,25.16,49.0
680968,2023-12-16,08:48:54,2023-12-16,08:51:07,2.22,0.78,0.33,-1.275760,36.771683,-1.271158,36.776312,21.08,24.76,40.0
680968,2023-12-16,08:51:08,2023-12-16,08:59:44,8.6,4.93,0.43,-1.271158,36.776312,-1.257903,36.803587,34.4,36.21,55.0
680968,2023-12-16,09:02:13,2023-12-16,09:03:21,1.13,0.2,0.32,-1.257903,36.803587,-1.258877,36.804995,10.62,14.81,28.0
680968,2023-12-16,09:07:37,2023-12-16,09:09:57,2.33,0.68,0.42,-1.258877,36.804995,-1.257378,36.809688,17.51,21.36,30.0
680968,2023-12-16,09:10:33,2023-12-16,09:13:29,2.93,1.38,0.2,-1.257378,36.809688,-1.264775,36.802197,28.26,30.33,56.0
680968,2023-12-16,09:21:00,2023-12-16,09:30:30,9.5,4.73,0.38,-1.264775,36.802197,-1.275825,36.771633,29.87,31.12,44.0
680968,2023-12-16,10:47:41,2023-12-16,10:58:01,10.33,5.37,0.37,-1.275825,36.771633,-1.262163,36.804138,31.19,32.35,53.0
680968,2023-12-16,11:13:30,2023-12-16,11:19:26,5.93,1.99,0.38,-1.261715,36.804093,-1.259985,36.817842,20.13,21.51,40.0
680968,2023-12-16,11:30:35,2023-12-16,11:45:10,14.58,7.42,0.17,-1.258565,36.818770,-1.275803,36.771645,30.53,30.9,57.0
680968,2023-12-16,12:06:53,2023-12-16,12:13:02,6.15,2.82,0.03,-1.275803,36.771645,-1.289362,36.753812,27.51,27.65,48.0
680968,2023-12-16,12:13:36,2023-12-16,12:15:51,2.25,0.68,0.0,-1.289362,36.753812,-1.287257,36.748153,18.13,18.13,30.0
680968,2023-12-16,12:15:52,2023-12-16,12:17:35,1.72,0.41,0.25,-1.287257,36.748153,-1.285707,36.744815,14.3,16.73,22.0
680968,2023-12-16,12:19:56,2023-12-16,12:23:22,3.43,1.01,0.0,-1.285707,36.744815,-1.282153,36.753053,17.67,17.67,27.0
680968,2023-12-16,12:23:53,2023-12-16,12:26:16,2.38,0.61,0.25,-1.282153,36.753053,-1.279410,36.757583,15.38,17.18,23.0
680968,2023-12-16,12:29:32,2023-12-16,12:30:50,1.3,0.34,0.47,-1.279410,36.757583,-1.276710,36.758852,15.69,24.58,38.0
680968,2023-12-16,12:31:02,2023-12-16,12:32:03,1.02,0.27,0.0,-1.276710,36.758852,-1.274472,36.759167,15.88,15.88,20.0
680968,2023-12-16,12:35:54,2023-12-16,12:39:00,3.1,0.82,0.22,-1.274472,36.759167,-1.277752,36.752540,15.87,17.08,18.0
680968,2023-12-16,12:42:34,2023-12-16,12:44:46,2.2,0.5,0.38,-1.277752,36.752540,-1.280823,36.751788,13.64,16.48,24.0
680968,2023-12-16,12:56:41,2023-12-16,12:58:43,2.03,0.51,0.13,-1.280823,36.751788,-1.279172,36.747688,15.07,16.11,18.0
680968,2023-12-16,13:14:24,2023-12-16,13:17:28,3.07,0.88,0.0,-1.279172,36.747688,-1.282212,36.752875,17.2,17.2,23.0
680968,2023-12-16,13:19:00,2023-12-16,13:21:22,2.37,0.62,0.33,-1.282212,36.752875,-1.279422,36.757567,15.7,18.24,25.0
680968,2023-12-16,16:13:36,2023-12-16,16:23:39,10.05,4.31,0.52,-1.279422,36.757567,-1.290363,36.769867,25.73,27.14,63.0
680968,2023-12-16,16:30:03,2023-12-16,16:35:31,5.47,2.19,0.53,-1.290363,36.769867,-1.275757,36.771638,24.02,26.6,44.0
680968,2023-12-16,17:27:13,2023-12-16,17:33:19,6.1,2.98,0.62,-1.275757,36.771638,-1.298777,36.761375,29.31,32.63,49.0
680968,2023-12-16,17:33:20,2023-12-16,17:34:27,1.12,0.43,0.33,-1.298777,36.761375,-1.300138,36.757758,23.04,32.66,57.0
680968,2023-12-16,17:36:06,2023-12-16,17:42:03,5.95,3.11,0.17,-1.300138,36.757758,-1.279862,36.769358,31.36,32.28,58.0
680968,2023-12-16,17:42:04,2023-12-16,17:43:28,1.4,0.53,0.12,-1.279862,36.769358,-1.275922,36.771653,22.71,24.84,47.0
680968,2023-12-16,17:58:14,2023-12-16,18:04:38,6.4,2.2,0.32,-1.275922,36.771653,-1.279413,36.757628,20.62,21.71,32.0
680968,2023-12-16,18:35:30,2023-12-16,18:37:39,2.15,0.61,0.0,-1.279413,36.757628,-1.276702,36.760500,17.02,17.02,27.0
680968,2023-12-16,18:38:46,2023-12-16,18:40:00,1.23,0.29,0.17,-1.277227,36.761643,,,14.15,16.42,25.0
680968,2023-12-17,05:19:08,2023-12-17,05:22:08,3.0,0.88,0.3,,,-1.279380,36.757618,17.6,19.56,25.0
680968,2023-12-17,05:37:46,2023-12-17,05:38:58,1.2,0.22,0.42,-1.279380,36.757618,-1.279837,36.755755,11.0,16.92,24.0
680968,2023-12-17,05:40:07,2023-12-17,05:43:10,3.05,0.91,0.0,-1.279837,36.755755,-1.287068,36.753447,17.9,17.9,26.0
680968,2023-12-17,07:44:36,2023-12-17,07:45:49,1.22,0.58,0.0,-1.287218,36.753437,-1.282183,36.752562,28.52,28.52,21.0
680968,2023-12-17,07:46:31,2023-12-17,07:49:05,2.57,0.67,0.38,-1.282183,36.752562,-1.279388,36.757598,15.64,18.36,28.0
680968,2023-12-17,18:34:38,2023-12-17,18:36:29,1.85,0.54,0.0,-1.278765,36.757742,-1.276712,36.760495,17.51,17.51,33.0
680968,2023-12-17,18:39:16,2023-12-17,18:40:47,1.52,0.32,0.17,-1.276878,36.761917,,,12.63,14.22,19.0
680968,2023-12-18,05:31:26,2023-12-18,05:35:31,4.08,1.07,0.45,,,-1.275042,36.757657,15.74,17.69,29.0
680968,2023-12-18,05:36:27,2023-12-18,05:38:23,1.93,0.55,0.2,-1.275042,36.757657,-1.279395,36.757627,17.1,19.08,30.0
680968,2023-12-18,08:46:10,2023-12-18,08:48:08,1.97,0.6,0.17,-1.279395,36.757627,-1.276573,36.760513,18.27,20.0,31.0
680968,2023-12-18,08:48:38,2023-12-18,08:52:21,3.72,1.59,0.33,-1.276573,36.760513,-1.275765,36.771688,25.65,28.14,44.0
680968,2023-12-18,09:23:30,2023-12-18,09:26:50,3.33,1.36,0.42,-1.275765,36.771688,-1.280183,36.782148,24.5,28.04,40.0
680968,2023-12-18,09:29:02,2023-12-18,09:31:45,2.72,1.35,0.3,-1.280183,36.782148,-1.275712,36.771673,29.78,33.47,51.0
680968,2023-12-18,10:20:52,2023-12-18,10:25:03,4.18,1.9,0.47,-1.275712,36.771673,-1.289060,36.761748,27.27,30.73,46.0
680968,2023-12-18,10:25:30,2023-12-18,10:29:36,4.1,1.9,0.35,-1.289060,36.761748,-1.275813,36.771642,27.8,30.4,48.0
680968,2023-12-18,12:14:44,2023-12-18,12:20:32,5.8,2.72,0.47,-1.275725,36.771620,-1.274273,36.791757,28.14,30.62,45.0
680968,2023-12-18,12:21:23,2023-12-18,12:23:07,1.73,0.53,0.48,-1.274273,36.791757,-1.275322,36.787360,18.38,25.44,34.0
680968,2023-12-18,12:24:20,2023-12-18,12:29:07,4.78,2.21,0.43,-1.275322,36.787360,-1.275710,36.771683,27.74,30.48,59.0
680968,2023-12-18,13:18:58,2023-12-18,13:23:41,4.72,1.68,0.0,-1.275710,36.771683,-1.276043,36.760508,21.36,21.36,32.0
680968,2023-12-18,13:23:42,2023-12-18,13:24:49,1.12,0.19,0.5,-1.276043,36.760508,-1.276703,36.758917,10.18,18.39,21.0
680968,2023-12-18,13:24:50,2023-12-18,13:26:06,1.27,0.34,0.23,-1.276703,36.758917,-1.279403,36.757585,16.06,19.62,39.0
680968,2023-12-18,15:14:38,2023-12-18,15:16:29,1.85,0.65,0.0,-1.279403,36.757585,-1.276698,36.760780,21.08,21.08,30.0
680968,2023-12-18,15:16:37,2023-12-18,15:20:06,3.48,1.54,0.43,-1.276698,36.760780,-1.275917,36.771663,26.55,30.3,44.0
680968,2023-12-18,17:00:20,2023-12-18,17:01:38,1.3,0.36,0.12,-1.275917,36.771663,-1.278658,36.769952,16.62,18.31,38.0
680968,2023-12-18,17:01:52,2023-12-18,17:11:53,10.02,4.02,0.0,-1.278658,36.769952,-1.308007,36.777982,24.07,24.07,37.0
680968,2023-12-18,17:12:47,2023-12-18,17:14:41,1.9,0.52,0.0,-1.308007,36.777982,-1.311733,36.777198,16.42,16.42,20.0
680968,2023-12-18,17:15:28,2023-12-18,17:17:02,1.57,0.34,0.4,-1.311733,36.777198,-1.309198,36.775757,12.99,17.44,20.0
680968,2023-12-18,17:18:57,2023-12-18,17:21:40,2.72,0.7,0.0,-1.309198,36.775757,-1.310352,36.778942,15.44,15.44,23.0
680968,2023-12-18,17:22:05,2023-12-18,17:26:13,4.13,1.42,0.42,-1.310352,36.778942,-1.300468,36.774158,20.63,22.96,40.0
680968,2023-12-18,17:26:47,2023-12-18,17:30:54,4.12,1.44,0.0,-1.300468,36.774158,-1.290118,36.771967,20.97,20.97,39.0
680968,2023-12-18,17:30:56,2023-12-18,17:35:23,4.45,1.8,0.32,-1.290118,36.771967,-1.275820,36.771618,24.27,26.15,44.0
680968,2023-12-18,17:50:33,2023-12-18,17:52:37,2.07,0.54,0.17,-1.275820,36.771618,-1.279965,36.769228,15.65,17.05,24.0
680968,2023-12-18,17:52:38,2023-12-18,17:55:41,3.05,1.14,0.0,-1.279965,36.769228,-1.276017,36.760493,22.43,22.43,30.0
680968,2023-12-18,17:55:42,2023-12-18,17:57:21,1.65,0.54,0.18,-1.276017,36.760493,-1.279392,36.757578,19.64,22.04,37.0
680968,2023-12-18,18:31:20,2023-12-18,18:33:18,1.97,0.6,0.0,-1.279392,36.757578,-1.276632,36.760455,18.27,18.27,27.0
680968,2023-12-18,18:34:34,2023-12-18,18:36:04,1.5,0.34,0.22,-1.276632,36.760455,,,13.6,15.94,17.0
680968,2023-12-19,05:24:02,2023-12-19,05:26:39,2.62,0.76,0.25,,,-1.278042,36.758122,17.4,19.24,31.0
680968,2023-12-19,05:26:40,2023-12-19,05:36:44,10.07,4.52,0.48,-1.278042,36.758122,-1.295445,36.781897,26.93,28.28,53.0
680968,2023-12-19,05:37:45,2023-12-19,05:46:15,8.5,3.89,0.42,-1.295445,36.781897,-1.276738,36.761900,27.46,28.89,52.0
680968,2023-12-19,05:46:39,2023-12-19,05:47:39,1.0,0.24,0.0,-1.276738,36.761900,-1.275912,36.760440,14.4,14.4,19.0
680968,2023-12-19,05:47:40,2023-12-19,05:49:01,1.35,0.53,0.25,-1.275912,36.760440,-1.279365,36.757593,23.56,28.91,39.0
680968,2023-12-19,07:14:15,2023-12-19,07:19:52,5.62,2.22,0.33,-1.279365,36.757593,-1.275697,36.771665,23.7,25.18,44.0
680968,2023-12-19,08:11:53,2023-12-19,08:14:58,3.08,1.38,0.4,-1.275697,36.771665,-1.281303,36.781253,26.88,30.9,42.0
680968,2023-12-19,08:15:10,2023-12-19,08:17:39,2.48,1.32,0.43,-1.281303,36.781253,-1.275717,36.771677,31.94,38.63,65.0
680968,2023-12-19,08:38:59,2023-12-19,08:43:00,4.02,1.98,0.27,-1.275717,36.771677,-1.282047,36.785828,29.55,31.68,66.0
680968,2023-12-19,08:43:03,2023-12-19,08:46:27,3.4,1.94,0.43,-1.282047,36.785828,-1.275698,36.771688,34.24,39.19,69.0
680968,2023-12-19,10:11:38,2023-12-19,10:17:32,5.9,2.24,0.23,-1.275698,36.771688,-1.279373,36.757578,22.78,23.7,37.0
680968,2023-12-19,10:34:23,2023-12-19,10:36:19,1.93,0.62,0.0,-1.279373,36.757578,-1.276717,36.760492,19.27,19.27,31.0
680968,2023-12-19,10:36:28,2023-12-19,10:40:06,3.63,1.58,0.32,-1.276717,36.760492,-1.275780,36.771665,26.12,28.64,45.0
680968,2023-12-19,10:57:36,2023-12-19,11:05:08,7.53,4.24,0.22,-1.275780,36.771665,-1.250022,36.771378,33.78,34.8,49.0
680968,2023-12-19,11:08:52,2023-12-19,11:16:10,7.3,3.74,0.17,-1.250022,36.771378,-1.270535,36.774325,30.74,31.47,58.0
680968,2023-12-19,11:16:11,2023-12-19,11:17:47,1.6,0.5,0.5,-1.270535,36.774325,-1.268708,36.771648,18.75,27.27,31.0
680968,2023-12-19,11:22:31,2023-12-19,11:25:56,3.42,0.97,0.23,-1.268708,36.771648,-1.275737,36.771615,17.02,18.24,29.0
680968,2023-12-19,12:51:18,2023-12-19,12:54:45,3.45,0.97,0.58,-1.275737,36.771615,-1.268737,36.771602,16.87,20.28,27.0
680968,2023-12-19,13:04:47,2023-12-19,13:20:27,15.67,7.18,0.17,-1.268737,36.771602,-1.278458,36.822030,27.49,27.79,62.0
680968,2023-12-19,13:21:45,2023-12-19,13:24:09,2.4,0.68,0.17,-1.278458,36.822030,-1.280700,36.827570,17.0,18.3,21.0
680968,2023-12-19,13:24:10,2023-12-19,13:25:44,1.57,0.4,0.2,-1.280700,36.827570,-1.282182,36.830800,15.29,17.52,23.0
680968,2023-12-19,13:26:25,2023-12-19,13:27:47,1.37,0.3,0.28,-1.282182,36.830800,-1.280457,36.832302,13.14,16.51,22.0
680968,2023-12-19,13:29:28,2023-12-19,13:30:55,1.45,0.34,0.0,-1.281367,36.832858,-1.284252,36.833122,14.07,14.07,32.0
680968,2023-12-19,13:31:38,2023-12-19,13:43:17,11.65,6.6,0.48,-1.284252,36.833122,-1.295002,36.886797,33.99,35.45,56.0
680968,2023-12-19,13:43:38,2023-12-19,13:45:36,1.97,0.72,0.43,-1.295002,36.886797,-1.300803,36.888127,21.93,28.05,53.0
680968,2023-12-19,13:46:37,2023-12-19,13:49:09,2.53,0.84,0.35,-1.300803,36.888127,-1.297017,36.894472,19.92,23.12,32.0
680968,2023-12-19,13:49:37,2023-12-19,13:51:08,1.52,0.35,0.38,-1.297017,36.894472,-1.294453,36.896147,13.82,18.42,26.0
680968,2023-12-19,13:51:42,2023-12-19,13:52:47,1.08,0.19,0.45,-1.294453,36.896147,-1.293117,36.895120,10.56,18.1,22.0
680968,2023-12-19,13:58:11,2023-12-19,14:01:53,3.7,1.37,0.02,-1.293460,36.894567,-1.300603,36.888403,22.22,22.34,36.0
680968,2023-12-19,14:02:21,2023-12-19,14:07:55,5.57,2.88,0.65,-1.301132,36.887772,-1.307225,36.874153,31.02,35.12,49.0
680968,2023-12-19,14:07:56,2023-12-19,14:15:37,7.68,3.97,0.43,-1.307225,36.874153,-1.317828,36.857863,31.02,32.86,49.0
680968,2023-12-19,14:30:14,2023-12-19,14:31:39,1.42,0.41,0.1,-1.318162,36.858252,-1.319038,36.861425,17.32,18.64,30.0
680968,2023-12-19,14:32:00,2023-12-19,14:37:14,5.23,1.97,0.32,-1.319038,36.861425,-1.329782,36.870250,22.6,24.07,40.0
680968,2023-12-19,14:38:52,2023-12-19,14:42:00,3.13,1.92,0.47,-1.330458,36.869208,-1.328548,36.852718,36.81,43.31,54.0
680968,2023-12-19,14:48:30,2023-12-19,14:53:27,4.95,3.39,0.28,-1.328968,36.852465,-1.310890,36.829072,41.09,43.55,57.0
680968,2023-12-19,14:53:28,2023-12-19,14:58:35,5.12,2.29,0.45,-1.310890,36.829072,-1.292597,36.820120,26.84,29.42,51.0
680968,2023-12-19,14:59:12,2023-12-19,15:00:45,1.55,0.42,0.18,-1.292597,36.820120,-1.289240,36.818528,16.26,18.39,30.0
680968,2023-12-19,15:02:06,2023-12-19,15:05:25,3.32,0.82,0.28,-1.289240,36.818528,-1.282567,36.815330,14.82,16.18,22.0
680968,2023-12-19,15:05:43,2023-12-19,15:10:43,5.0,2.28,0.45,-1.282567,36.815330,-1.274487,36.799128,27.36,30.07,39.0
680968,2023-12-19,15:10:55,2023-12-19,15:18:31,7.6,3.62,0.38,-1.274487,36.799128,-1.275755,36.771658,28.58,30.08,50.0
680968,2023-12-19,15:22:06,2023-12-19,15:24:02,1.93,0.59,0.0,-1.275755,36.771658,-1.279810,36.768908,18.34,18.34,26.0
680968,2023-12-19,15:24:03,2023-12-19,15:27:52,3.82,1.65,0.28,-1.279810,36.768908,-1.279372,36.757572,25.92,27.97,43.0
680968,2023-12-19,16:41:41,2023-12-19,16:42:58,1.28,0.39,0.0,-1.279372,36.757572,-1.276478,36.759402,18.28,18.28,27.0
680968,2023-12-19,16:43:18,2023-12-19,16:47:41,4.38,1.7,0.0,-1.276478,36.759402,-1.275915,36.771633,23.29,23.29,46.0
680968,2023-12-19,17:32:47,2023-12-19,17:39:59,7.2,2.94,0.47,-1.275915,36.771633,-1.298542,36.761378,24.5,26.21,44.0
680968,2023-12-19,17:40:35,2023-12-19,17:46:34,5.98,2.96,0.45,-1.298542,36.761378,-1.275863,36.771665,29.7,32.12,56.0
680968,2023-12-19,18:03:41,2023-12-19,18:05:15,1.57,0.36,0.28,-1.275863,36.771665,-1.278698,36.770197,13.76,16.74,26.0
680968,2023-12-19,18:05:36,2023-12-19,18:10:26,4.83,1.83,0.03,-1.278698,36.770197,-1.279417,36.757602,22.73,22.88,42.0
680968,2023-12-19,18:41:38,2023-12-19,18:43:44,2.1,0.55,0.0,-1.279417,36.757602,-1.276143,36.760503,15.71,15.71,24.0
680968,2023-12-19,18:45:48,2023-12-19,18:46:38,0.83,0.14,0.17,-1.278170,36.761310,,,10.12,12.73,16.0
680968,2023-12-20,05:09:52,2023-12-20,05:11:40,1.8,0.39,0.27,,,-1.276645,36.761375,13.0,15.29,23.0
680968,2023-12-20,05:12:05,2023-12-20,05:14:03,1.97,0.51,0.0,-1.276645,36.761375,-1.274860,36.758162,15.53,15.53,21.0
680968,2023-12-20,05:21:44,2023-12-20,05:23:59,2.25,0.66,0.3,-1.274172,36.757232,-1.279350,36.757602,17.6,20.31,33.0
680968,2023-12-20,08:31:45,2023-12-20,08:36:41,4.93,2.2,0.42,-1.279332,36.757800,-1.275880,36.771670,26.77,29.27,53.0
680968,2023-12-20,09:37:29,2023-12-20,09:43:22,5.88,2.48,0.0,-1.275763,36.771638,-1.292348,36.759353,25.31,25.31,42.0
680968,2023-12-20,09:45:13,2023-12-20,09:48:57,3.73,1.62,0.43,-1.292348,36.759353,-1.281477,36.767845,26.06,29.45,42.0
680968,2023-12-20,09:49:36,2023-12-20,09:51:55,2.32,0.77,0.32,-1.281477,36.767845,-1.275795,36.771617,19.91,23.1,39.0
680968,2023-12-20,10:35:22,2023-12-20,10:41:15,5.88,2.0,0.47,-1.275795,36.771617,-1.277642,36.758243,20.41,22.18,39.0
680968,2023-12-20,10:41:17,2023-12-20,10:42:45,1.47,0.42,0.0,-1.277642,36.758243,-1.276745,36.760550,17.14,17.14,23.0
680968,2023-12-20,10:43:00,2023-12-20,10:46:57,3.95,1.58,0.32,-1.276745,36.760550,-1.275775,36.771633,24.0,26.12,41.0
680968,2023-12-20,11:28:41,2023-12-20,11:44:43,16.03,9.84,0.15,-1.275775,36.771633,-1.268500,36.842455,36.83,37.18,60.0
680968,2023-12-20,11:44:55,2023-12-20,11:48:09,3.23,1.12,0.27,-1.268500,36.842455,-1.270698,36.848547,20.8,22.7,42.0
680968,2023-12-20,11:52:17,2023-12-20,11:54:12,1.92,0.5,0.17,-1.270698,36.848547,-1.275080,36.849505,15.63,17.14,16.0
680968,2023-12-20,11:54:38,2023-12-20,11:55:50,1.2,0.21,0.48,-1.275080,36.849505,-1.276925,36.849928,10.5,17.5,20.0
680968,2023-12-20,12:02:45,2023-12-20,12:03:59,1.23,0.29,0.17,-1.276925,36.849928,-1.279127,36.850018,14.15,16.42,23.0
680968,2023-12-20,12:04:09,2023-12-20,12:08:30,4.35,1.99,0.17,-1.279127,36.850018,-1.279297,36.833583,27.45,28.56,50.0
680968,2023-12-20,12:08:50,2023-12-20,12:09:51,1.02,0.21,0.07,-1.279297,36.833583,-1.280820,36.832503,12.35,13.26,18.0
680968,2023-12-20,12:10:08,2023-12-20,12:12:57,2.82,1.21,0.38,-1.280648,36.831925,-1.276217,36.823140,25.74,29.75,52.0
680968,2023-12-20,12:13:10,2023-12-20,12:16:11,3.02,1.22,0.27,-1.276217,36.823140,-1.281748,36.815193,24.24,26.62,53.0
680968,2023-12-20,12:16:43,2023-12-20,12:27:26,10.72,5.86,0.28,-1.281748,36.815193,-1.275692,36.771637,32.8,33.68,58.0
680968,2023-12-20,13:01:56,2023-12-20,13:06:49,4.88,1.69,0.07,-1.275692,36.771637,-1.275947,36.760402,20.78,21.08,36.0
680968,2023-12-20,13:08:01,2023-12-20,13:09:37,1.6,0.41,0.48,-1.275947,36.760402,-1.278378,36.757902,15.37,21.96,26.0
680968,2023-12-20,15:05:10,2023-12-20,15:11:25,6.25,2.21,0.65,-1.279390,36.757597,-1.275793,36.771622,21.22,23.68,43.0
680968,2023-12-20,15:28:28,2023-12-20,15:30:08,1.67,0.51,0.0,-1.275793,36.771622,-1.279770,36.769390,18.32,18.32,29.0
680968,2023-12-20,15:30:09,2023-12-20,15:33:58,3.82,1.51,0.25,-1.279770,36.769390,-1.283592,36.759528,23.72,25.38,45.0
680968,2023-12-20,15:37:15,2023-12-20,15:38:36,1.35,0.28,0.35,-1.281932,36.758218,-1.279492,36.757620,12.44,16.8,20.0
680968,2023-12-20,15:43:11,2023-12-20,15:44:54,1.72,0.64,0.0,-1.279492,36.757620,-1.276748,36.760637,22.33,22.33,41.0
680968,2023-12-20,15:45:02,2023-12-20,15:48:50,3.8,1.57,0.33,-1.276748,36.760637,-1.275760,36.771608,24.79,27.15,51.0
680968,2023-12-20,16:10:14,2023-12-20,16:14:28,4.23,1.76,0.13,-1.275760,36.771608,-1.279610,36.781642,24.96,25.76,43.0
680968,2023-12-20,16:15:19,2023-12-20,16:19:16,3.95,1.78,0.33,-1.279610,36.781642,-1.275730,36.771630,27.04,29.5,51.0
680968,2023-12-20,16:32:50,2023-12-20,16:33:50,1.0,0.25,0.18,-1.276822,36.771122,-1.278667,36.769948,15.0,18.29,26.0
680968,2023-12-20,16:34:02,2023-12-20,16:45:22,11.33,4.2,0.02,-1.278667,36.769948,-1.309067,36.778223,22.24,22.28,38.0
680968,2023-12-20,16:48:13,2023-12-20,16:50:09,1.93,0.44,0.37,-1.309067,36.778223,-1.309182,36.775732,13.68,16.92,18.0
680968,2023-12-20,16:50:47,2023-12-20,16:51:55,1.13,0.3,0.0,-1.309182,36.775732,-1.311347,36.776605,15.93,15.93,19.0
680968,2023-12-20,16:52:11,2023-12-20,16:53:30,1.32,0.35,0.0,-1.311347,36.776605,-1.310485,36.779022,15.91,15.91,18.0
680968,2023-12-20,16:53:46,2023-12-20,17:06:34,12.8,4.75,0.3,-1.310485,36.779022,-1.275792,36.771640,22.27,22.8,40.0
680968,2023-12-20,18:02:27,2023-12-20,18:04:24,1.95,0.56,0.0,-1.275792,36.771640,-1.280155,36.769167,17.23,17.23,27.0
680968,2023-12-20,18:04:25,2023-12-20,18:11:13,6.8,2.72,0.6,-1.280155,36.769167,-1.299883,36.758922,24.0,26.32,41.0
680968,2023-12-20,18:12:47,2023-12-20,18:14:11,1.4,0.32,0.33,-1.299883,36.758922,-1.298562,36.761353,13.71,17.94,32.0
680968,2023-12-20,18:14:14,2023-12-20,18:20:46,6.53,2.7,0.28,-1.298562,36.761353,-1.278598,36.770873,24.81,25.92,41.0
680968,2023-12-20,18:21:38,2023-12-20,18:26:27,4.82,1.88,0.28,-1.278598,36.770873,-1.279372,36.757585,23.4,24.85,47.0
680968,2023-12-20,18:39:17,2023-12-20,18:41:22,2.08,0.57,0.0,-1.279372,36.757585,-1.276378,36.760490,16.44,16.44,23.0
680968,2023-12-20,18:42:25,2023-12-20,18:44:07,1.7,0.4,0.28,-1.276378,36.760490,,,14.12,16.9,18.0
680968,2023-12-21,05:31:21,2023-12-21,05:32:27,1.1,0.28,0.0,,,-1.277097,36.761685,15.27,15.27,19.0
680968,2023-12-21,05:33:19,2023-12-21,05:35:43,2.4,0.7,0.23,-1.277097,36.761685,-1.279343,36.757600,17.5,19.35,29.0
680968,2023-12-21,08:08:02,2023-12-21,08:15:26,7.4,3.2,0.47,-1.279343,36.757600,-1.268707,36.771643,25.95,27.71,43.0
680968,2023-12-21,08:19:21,2023-12-21,08:33:28,14.12,8.0,0.0,-1.268707,36.771643,-1.291947,36.820255,33.99,33.99,58.0
680968,2023-12-21,08:33:56,2023-12-21,08:58:41,24.75,20.27,0.47,-1.291947,36.820255,-1.403833,36.945393,49.14,50.09,64.0
680968,2023-12-21,08:58:42,2023-12-21,09:05:14,6.53,4.67,0.38,-1.403833,36.945393,-1.435918,36.966725,42.91,45.56,58.0
680968,2023-12-21,09:05:15,2023-12-21,09:09:33,4.3,1.43,0.42,-1.435918,36.966725,-1.439558,36.964693,19.95,22.11,36.0
680968,2023-12-21,11:15:37,2023-12-21,11:27:40,12.05,7.0,0.28,-1.440238,36.966000,-1.392848,36.938783,34.85,35.68,56.0
680968,2023-12-21,11:27:59,2023-12-21,11:42:07,14.13,11.09,0.33,-1.392848,36.938783,-1.329925,36.870330,47.09,48.22,67.0
680968,2023-12-21,11:42:18,2023-12-21,11:44:55,2.62,0.99,0.0,-1.329925,36.870330,-1.321802,36.868872,22.67,22.67,37.0
680968,2023-12-21,11:44:56,2023-12-21,11:49:14,4.3,1.54,0.45,-1.321802,36.868872,-1.317795,36.857872,21.49,24.0,40.0
680968,2023-12-21,12:11:51,2023-12-21,12:14:37,2.77,0.72,0.4,-1.317795,36.857872,-1.318115,36.862878,15.6,18.23,34.0
680968,2023-12-21,12:14:38,2023-12-21,12:19:45,5.12,1.81,0.33,-1.318115,36.862878,-1.329812,36.870597,21.21,22.67,39.0
680968,2023-12-21,12:19:46,2023-12-21,12:23:25,3.65,2.08,0.43,-1.329812,36.870597,-1.328547,36.852747,34.19,38.76,50.0
680968,2023-12-21,12:33:02,2023-12-21,12:40:27,7.42,2.97,0.47,-1.328547,36.852747,-1.317828,36.857823,24.02,25.64,53.0
680968,2023-12-21,12:47:39,2023-12-21,12:52:23,4.73,1.54,0.4,-1.317828,36.857823,-1.321968,36.869048,19.53,21.34,33.0
680968,2023-12-21,12:52:24,2023-12-21,12:53:54,1.5,0.46,0.37,-1.321968,36.869048,-1.325475,36.870852,18.4,24.42,31.0
680968,2023-12-21,12:59:07,2023-12-21,13:00:36,1.48,0.33,0.38,-1.325475,36.870852,-1.325683,36.867897,13.38,18.0,23.0
680968,2023-12-21,13:04:46,2023-12-21,13:06:13,1.45,0.36,0.45,-1.325683,36.867897,-1.325683,36.864620,14.9,21.6,28.0
680968,2023-12-21,13:06:24,2023-12-21,13:07:44,1.33,0.36,0.37,-1.325683,36.864620,-1.325703,36.867818,16.24,22.5,45.0
680968,2023-12-21,13:15:28,2023-12-21,13:16:26,0.97,0.15,0.4,-1.325637,36.867710,-1.324482,36.868317,9.28,15.79,16.0
680968,2023-12-21,13:22:13,2023-12-21,13:25:00,2.78,0.97,0.05,-1.324343,36.868533,-1.322013,36.869158,20.94,21.32,32.0
680968,2023-12-21,13:25:10,2023-12-21,13:30:05,4.92,1.56,0.45,-1.322013,36.869158,-1.317793,36.857800,19.02,20.94,36.0
680968,2023-12-21,14:07:16,2023-12-21,14:16:12,8.93,4.58,0.23,-1.317793,36.857800,-1.298917,36.837335,30.77,31.59,53.0
680968,2023-12-21,14:16:37,2023-12-21,14:21:34,4.95,2.48,0.22,-1.298917,36.837335,-1.296250,36.822388,30.06,31.46,46.0
680968,2023-12-21,14:21:41,2023-12-21,14:26:16,4.58,1.65,0.17,-1.296250,36.822388,-1.283193,36.815532,21.62,22.45,39.0
680968,2023-12-21,14:26:17,2023-12-21,14:31:03,4.77,2.37,0.55,-1.283193,36.815532,-1.269545,36.809637,29.81,33.7,48.0
680968,2023-12-21,14:49:01,2023-12-21,14:51:36,2.58,0.72,0.22,-1.266710,36.805603,-1.264727,36.802082,16.74,18.31,29.0
680968,2023-12-21,14:51:37,2023-12-21,15:01:05,9.47,4.68,0.45,-1.264727,36.802082,-1.268582,36.771637,29.65,31.13,50.0
680968,2023-12-21,15:04:12,2023-12-21,15:12:20,8.13,3.21,0.15,-1.268582,36.771637,-1.279423,36.757593,23.69,24.14,41.0
680968,2023-12-21,17:12:07,2023-12-21,17:13:55,1.8,0.59,0.0,-1.279032,36.757588,-1.276738,36.760613,19.67,19.67,28.0
680968,2023-12-21,17:14:02,2023-12-21,17:18:55,4.88,2.25,0.52,-1.276738,36.760613,-1.271040,36.774832,27.66,30.96,56.0
680968,2023-12-21,17:32:20,2023-12-21,17:38:25,6.08,2.51,0.0,-1.271040,36.774832,-1.290125,36.772147,24.77,24.77,49.0
680968,2023-12-21,17:38:30,2023-12-21,17:45:50,7.33,2.59,0.0,-1.290125,36.772147,-1.307938,36.777950,21.2,21.2,41.0
680968,2023-12-21,17:47:50,2023-12-21,17:50:40,2.83,0.69,0.48,-1.307938,36.777950,-1.309262,36.775768,14.63,17.62,23.0
680968,2023-12-21,17:51:36,2023-12-21,17:53:27,1.85,0.46,0.0,-1.309262,36.775768,-1.311792,36.777952,14.92,14.92,20.0
680968,2023-12-21,17:53:49,2023-12-21,17:54:56,1.12,0.26,0.1,-1.311792,36.777952,-1.310395,36.779870,13.93,15.29,21.0
680968,2023-12-21,17:54:57,2023-12-21,17:56:16,1.32,0.31,0.4,-1.310395,36.779870,-1.308350,36.781667,14.09,20.22,28.0
680968,2023-12-21,18:03:38,2023-12-21,18:05:21,1.72,0.43,0.0,-1.308350,36.781667,-1.310297,36.778963,15.0,15.0,28.0
680968,2023-12-21,18:05:26,2023-12-21,18:06:51,1.42,0.34,0.0,-1.310297,36.778963,-1.307507,36.777710,14.37,14.37,17.0
680968,2023-12-21,18:06:52,2023-12-21,18:10:14,3.37,1.1,0.47,-1.307507,36.777710,-1.300428,36.774162,19.58,22.76,38.0
680968,2023-12-21,18:10:34,2023-12-21,18:17:14,6.67,2.71,0.32,-1.300428,36.774162,-1.280055,36.769063,24.38,25.61,48.0
680968,2023-12-21,18:17:37,2023-12-21,18:22:27,4.83,1.66,0.45,-1.280055,36.769063,-1.279323,36.757577,20.62,22.74,45.0
680968,2023-12-21,18:51:29,2023-12-21,18:53:22,1.88,0.49,0.0,-1.278363,36.757942,-1.276657,36.760478,15.64,15.64,21.0
680968,2023-12-21,18:54:56,2023-12-21,18:55:50,0.9,0.18,0.2,-1.278082,36.761327,,,12.0,15.43,17.0
769744,2023-12-10,07:58:05,2023-12-10,08:00:21,2.27,0.6,0.0,,,-1.275403,36.757187,15.86,15.86,18.0
769744,2023-12-10,08:00:28,2023-12-10,08:02:42,2.23,0.57,0.3,-1.275403,36.757187,-1.276183,36.760510,15.34,17.72,33.0
769744,2023-12-10,08:04:41,2023-12-10,08:07:53,3.2,0.94,0.4,-1.276183,36.760510,-1.276342,36.760548,17.62,20.14,38.0
769744,2023-12-10,08:09:20,2023-12-10,08:14:02,4.7,1.56,0.17,-1.276342,36.760548,-1.275968,36.771672,19.91,20.66,46.0
769744,2023-12-10,08:58:37,2023-12-10,09:06:14,7.62,2.54,0.0,-1.275968,36.771672,-1.275070,36.755233,20.0,20.0,34.0
769744,2023-12-10,09:12:32,2023-12-10,09:15:37,3.08,0.88,0.0,-1.275070,36.755233,-1.276713,36.760877,17.14,17.14,25.0
769744,2023-12-10,09:16:10,2023-12-10,09:19:04,2.9,1.4,0.43,-1.276855,36.761993,-1.275960,36.771720,28.97,34.01,48.0
769744,2023-12-10,09:22:09,2023-12-10,09:26:45,4.6,1.98,0.38,-1.275960,36.771720,-1.290083,36.773412,25.83,28.15,40.0
769744,2023-12-10,09:27:41,2023-12-10,09:31:00,3.32,1.39,0.33,-1.290083,36.773412,-1.280520,36.768875,25.12,27.89,42.0
769744,2023-12-10,09:31:01,2023-12-10,09:32:43,1.7,0.6,0.43,-1.280520,36.768875,-1.275968,36.771680,21.18,28.35,36.0
769744,2023-12-10,09:45:15,2023-12-10,09:53:15,8.0,4.06,0.47,-1.275968,36.771680,-1.263490,36.759782,30.45,32.35,50.0
769744,2023-12-10,10:09:55,2023-12-10,10:18:01,8.1,4.17,0.1,-1.263287,36.760000,-1.275940,36.771647,30.89,31.28,46.0
769744,2023-12-10,10:20:16,2023-12-10,10:24:42,4.43,2.07,0.48,-1.275940,36.771647,-1.268465,36.785588,28.04,31.44,44.0
769744,2023-12-10,10:24:43,2023-12-10,10:29:24,4.68,2.08,0.52,-1.268465,36.785588,-1.275927,36.771718,26.67,30.0,40.0
769744,2023-12-10,11:12:41,2023-12-10,11:16:26,3.75,2.17,0.33,-1.275298,36.772227,-1.259597,36.775492,34.72,38.07,51.0
769744,2023-12-10,11:16:27,2023-12-10,11:20:17,3.83,2.23,0.23,-1.259597,36.775492,-1.276055,36.771560,34.93,37.17,55.0
769744,2023-12-10,11:59:00,2023-12-10,12:05:37,6.62,3.02,0.3,-1.276347,36.771282,-1.290787,36.752768,27.37,28.67,40.0
769744,2023-12-10,12:06:55,2023-12-10,12:08:57,2.03,0.55,0.0,-1.290787,36.752768,-1.285925,36.753392,16.26,16.26,18.0
769744,2023-12-10,12:38:34,2023-12-10,12:40:51,2.28,0.64,0.0,-1.281628,36.752092,-1.277877,36.752837,16.84,16.84,21.0
769744,2023-12-10,12:54:04,2023-12-10,12:57:28,3.4,0.94,0.2,-1.278392,36.753047,-1.276330,36.760442,16.59,17.62,31.0
769744,2023-12-10,13:00:40,2023-12-10,13:12:20,11.67,5.8,0.67,-1.276330,36.760442,-1.299882,36.786523,29.82,31.64,48.0
769744,2023-12-10,13:15:09,2023-12-10,13:27:05,11.93,4.59,0.17,-1.299882,36.786523,-1.275977,36.771610,23.08,23.42,46.0
769744,2023-12-10,13:50:08,2023-12-10,13:51:41,1.55,0.41,0.0,-1.275977,36.771610,-1.279048,36.769735,15.87,15.87,27.0
769744,2023-12-10,13:54:33,2023-12-10,14:05:31,10.97,6.27,0.0,-1.280427,36.769640,,,34.29,34.29,46.0
769744,2023-12-11,07:18:36,2023-12-11,07:23:13,4.62,1.18,0.48,,,,,15.32,17.1,20.0
