average_rating,car_models_supported,charger_types,coordinates,country,county_region,number_of_ports,operating_hours,payment_methods,pricing,provider,station_name,status
4.3,"Nissan Leaf, BYD Atto 3, Hyundai Kona, BMW i3, Peugeot e-2008",DC Fast (CCS2) & AC Standard (Type 2),"-0.77132, 36.3926",Kenya,Kajiado,4,24/7,"M-Pesa, Airtel Money, Visa, Mastercard, Mobile App",E-mobility Tariff: 35 KES per kWh,Kenya Power (e-mobility),Kenya Power (e-mobility) Hub - Central Hub #47,Active
4.4,"Nissan Leaf, BYD Atto 3, Hyundai Kona, BMW i3, Audi e-tron",AC Standard (Type 2),"-1.2867, 35.86427",Kenya,Kajiado,3,06:00 AM - 10:00 PM,"M-Pesa, Airtel Money, Visa, Mastercard, Mobile App",35 KES - 45 KES per kWh,Rubis Energy,Rubis Energy Hub - Central Hub #61,Active
4.2,"Nissan Leaf, BYD Atto 3, Hyundai Kona, BMW i3, Audi e-tron",AC Standard (Type 2),"-1.07168, 36.86491",Kenya,Kiambu,4,07:00 AM - 09:00 PM,"M-Pesa, Airtel Money, Visa, Mastercard, Mobile App",35 KES - 45 KES per kWh,eBiashara,eBiashara Hub - Kiambu Town #81,Active
4.2,"Nissan Leaf, BYD Atto 3, Hyundai Kona, BMW i3, Audi e-tron",AC Standard (Type 2),"-0.4087, 36.35941",Kenya,Nakuru,3,07:00 AM - 09:00 PM,"M-Pesa, Airtel Money, Visa, Mastercard, Mobile App",35 KES - 45 KES per kWh,Ampersand Kenya,Ampersand Kenya Hub - Mai Mahiu #31,Under Maintenance
4.7,"Nissan Leaf, BYD Atto 3, Hyundai Kona, BMW i3, Audi e-tron",AC Standard (Type 2),"-0.36463, 36.20206",Kenya,Naivasha (Nakuru),3,07:00 AM - 09:00 PM,"M-Pesa, Airtel Money, Visa, Mastercard, Mobile App",35 KES - 45 KES per kWh,Drive Electric Kenya,Drive Electric Kenya Hub - Mai Mahiu #92,Active
4.3,"Nissan Leaf, BYD Atto 3, Hyundai Kona, BMW i3, Peugeot e-2008",DC Fast (CCS2) & AC Standard (Type 2),"-4.01665, 39.63415",Kenya,Mombasa,3,24/7,"M-Pesa, Airtel Money, Visa, Mastercard, Mobile App",50 KES - 70 KES per kWh,BasiGo,BasiGo Hub - Bamburi #15,Active
4.9,"Roam Air, Spiro Commando, Ampersand E-moto, ARC Ride",Battery Swapping Cabinet,"-0.34449, 36.05641",Kenya,Naivasha (Nakuru),26,24/7,"M-Pesa, Airtel Money, Visa, Mastercard, Mobile App",E-mobility Tariff: 21 KES per kWh (Off-Peak),Kenya Power (e-mobility),Kenya Power (e-mobility) Hub - Mai Mahiu #16,Active
4.6,"Nissan Leaf, BYD Atto 3, Hyundai Kona, BMW i3, Audi e-tron",AC Standard (Type 2),"-0.46304, 36.17192",Kenya,Naivasha (Nakuru),4,07:00 AM - 09:00 PM,"M-Pesa, Airtel Money, Visa, Mastercard, Mobile App",35 KES - 45 KES per kWh,Drive Electric Kenya,Drive Electric Kenya Hub - Naivasha Town #78,Active
4.8,"BasiGo E-Buses, BYD K9, Chery eQ1",DC Fast (GB/T),"-1.252, 36.88171",Kenya,Nairobi,3,07:00 AM - 09:00 PM,"M-Pesa, Airtel Money, Visa, Mastercard, Mobile App",50 KES - 70 KES per kWh,BasiGo,BasiGo Hub - Runda #17,Active
4.4,"Nissan Leaf, BYD Atto 3, Hyundai Kona, Tesla Model 3, VW ID.4",DC Fast (CCS2),"-0.11047, 34.70578",Kenya,Kisumu,6,06:00 AM - 10:00 PM,"M-Pesa, Airtel Money, Visa, Mastercard, Mobile App",50 KES - 70 KES per kWh,EVChaja,EVChaja Hub - Milimani #55,Active
4.5,"BasiGo E-Buses, BYD K9, Chery eQ1",DC Fast (GB/T),"-0.98907, 36.99206",Kenya,Kajiado,5,24/7,"M-Pesa, Airtel Money, Visa, Mastercard, Mobile App",50 KES - 70 KES per kWh,BasiGo,BasiGo Hub - Central Hub #20,Active
4.6,"Nissan Leaf, BYD Atto 3, Hyundai Kona, BMW i3, Peugeot e-2008",DC Fast (CCS2) & AC Standard (Type 2),"-1.25556, 36.80012",Kenya,Nairobi,4,07:00 AM - 09:00 PM,"M-Pesa, Airtel Money, Visa, Mastercard, Mobile App",E-mobility Tariff: 35 KES per kWh,Kenya Power (e-mobility),Kenya Power (e-mobility) Hub - Thika Road #50,Active
4.6,"Nissan Leaf, BYD Atto 3, Hyundai Kona, BMW i3, Audi e-tron",AC Standard (Type 2),"-1.20361, 36.76646",Kenya,Nairobi,3,24/7,"M-Pesa, Airtel Money, Visa, Mastercard, Mobile App",35 KES - 45 KES per kWh,ARC Ride,ARC Ride Hub - Mombasa Road #49,Active
4.2,"BasiGo E-Buses, BYD K9, Chery eQ1",DC Fast (GB/T),"-1.20408, 36.83045",Kenya,Nairobi,3,07:00 AM - 09:00 PM,"M-Pesa, Airtel Money, Visa, Mastercard, Mobile App",50 KES - 70 KES per kWh,EVChaja,EVChaja Hub - CBD #19,Active
4.7,"Nissan Leaf, BYD Atto 3, Hyundai Kona, BMW i3, Audi e-tron",AC Standard (Type 2),"-1.34734, 36.93536",Kenya,Nairobi,2,07:00 AM - 09:00 PM,"M-Pesa, Airtel Money, Visa, Mastercard, Mobile App",35 KES - 45 KES per kWh,TotalEnergies,TotalEnergies Hub - Runda #50,Under Maintenance
4.4,"BasiGo E-Buses, BYD K9, Chery eQ1",DC Fast (GB/T),"-4.00507, 39.73469",Kenya,Mombasa,5,07:00 AM - 09:00 PM,"M-Pesa, Airtel Money, Visa, Mastercard, Mobile App",50 KES - 70 KES per kWh,TotalEnergies,TotalEnergies Hub - Nyali #91,Under Maintenance
4.7,"Nissan Leaf, BYD Atto 3, Hyundai Kona, BMW i3, Audi e-tron",AC Standard (Type 2),"-1.32492, 36.80146",Kenya,Nairobi,2,06:00 AM - 10:00 PM,"M-Pesa, Airtel Money, Visa, Mastercard, Mobile App",35 KES - 45 KES per kWh,Ampersand Kenya,Ampersand Kenya Hub - Gigiri #49,Active
4.7,"BasiGo E-Buses, BYD K9, Chery eQ1",DC Fast (GB/T),"-0.66284, 37.14324",Kenya,Machakos,2,24/7,"M-Pesa, Airtel Money, Visa, Mastercard, Mobile App",E-mobility Tariff: 35 KES per kWh,Kenya Power (e-mobility),Kenya Power (e-mobility) Hub - Central Hub #61,Active
4.2,"Nissan Leaf, BYD Atto 3, Hyundai Kona, BMW i3, Audi e-tron",AC Standard (Type 2),"-1.10261, 37.43626",Kenya,Kajiado,3,24/7,"M-Pesa, Airtel Money, Visa, Mastercard, Mobile App",35 KES - 45 KES per kWh,Rubis Energy,Rubis Energy Hub - Central Hub #48,Active
4.5,"Roam Air, Spiro Commando, Ampersand E-moto, ARC Ride",Battery Swapping Cabinet,"-1.31079, 36.92847",Kenya,Nairobi,19,24/7,"M-Pesa, Airtel Money, Visa, Mastercard, Mobile App",Subscription / 180 KES per Swap,Spiro Kenya,Spiro Kenya Hub - Parklands #27,Active
4.4,"Nissan Leaf, BYD Atto 3, Hyundai Kona, BMW i3, Audi e-tron",AC Standard (Type 2),"-0.47519, 36.21555",Kenya,Nakuru,3,24/7,"M-Pesa, Airtel Money, Visa, Mastercard, Mobile App",35 KES - 45 KES per kWh,ARC Ride,ARC Ride Hub - Nakuru CBD #56,Active
4.7,"Roam Air, Spiro Commando, Ampersand E-moto, ARC Ride",Battery Swapping Cabinet,"-1.12504, 36.52641",Kenya,Kajiado,16,06:00 AM - 10:00 PM,"M-Pesa, Airtel Money, Visa, Mastercard, Mobile App",Subscription / 180 KES per Swap,Roam,Roam Hub - Central Hub #76,Active
4.8,"Roam Air, Spiro Commando, Ampersand E-moto, ARC Ride",Battery Swapping Cabinet,"-1.34428, 36.72565",Kenya,Nairobi,22,24/7,"M-Pesa, Airtel Money, Visa, Mastercard, Mobile App",Subscription / 180 KES per Swap,EVChaja,EVChaja Hub - Kilimani #17,Active
4.8,"Nissan Leaf, BYD Atto 3, Hyundai Kona, BMW i3, Audi e-tron",AC Standard (Type 2),"-1.17113, 36.84193",Kenya,Kiambu,4,24/7,"M-Pesa, Airtel Money, Visa, Mastercard, Mobile App",35 KES - 45 KES per kWh,Rubis Energy,Rubis Energy Hub - Thika #27,Active
4.5,"Nissan Leaf, BYD Atto 3, Hyundai Kona, Tesla Model 3, VW ID.4",DC Fast (CCS2),"-0.06695, 34.72886",Kenya,Kisumu,2,07:00 AM - 09:00 PM,"M-Pesa, Airtel Money, Visa, Mastercard, Mobile App",50 KES - 70 KES per kWh,eBiashara,eBiashara Hub - Kondele #11,Active
4.5,"Roam Air, Spiro Commando, Ampersand E-moto, ARC Ride",Battery Swapping Cabinet,"-1.45608, 35.08146",Kenya,Machakos,23,07:00 AM - 09:00 PM,"M-Pesa, Airtel Money, Visa, Mastercard, Mobile App",Subscription / 180 KES per Swap,Drive Electric Kenya,Drive Electric Kenya Hub - Central Hub #31,Active
4.5,"Nissan Leaf, BYD Atto 3, Hyundai Kona, BMW i3, Audi e-tron",AC Standard (Type 2),"-1.29474, 36.81337",Kenya,Nairobi,2,24/7,"M-Pesa, Airtel Money, Visa, Mastercard, Mobile App",35 KES - 45 KES per kWh,TotalEnergies,TotalEnergies Hub - Westlands #48,Active
4.5,"Nissan Leaf, BYD Atto 3, Hyundai Kona, BMW i3, Audi e-tron",AC Standard (Type 2),"-1.17727, 37.03266",Kenya,Kiambu,2,07:00 AM - 09:00 PM,"M-Pesa, Airtel Money, Visa, Mastercard, Mobile App",35 KES - 45 KES per kWh,EVChaja,EVChaja Hub - Thika #43,Active
4.9,"Roam Air, Spiro Commando, Ampersand E-moto, ARC Ride",Battery Swapping Cabinet,"-0.26327, 36.29181",Kenya,Nakuru,23,24/7,"M-Pesa, Airtel Money, Visa, Mastercard, Mobile App",Subscription / 180 KES per Swap,Drive Electric Kenya,Drive Electric Kenya Hub - Mai Mahiu #93,Active
4.4,"Roam Air, Spiro Commando, Ampersand E-moto, ARC Ride",Battery Swapping Cabinet,"-1.23314, 36.82123",Kenya,Nairobi,26,24/7,"M-Pesa, Airtel Money, Visa, Mastercard, Mobile App",Subscription / 180 KES per Swap,Rubis Energy,Rubis Energy Hub - Lavington #79,Active
4.6,"Nissan Leaf, BYD Atto 3, Hyundai Kona, BMW i3, Peugeot e-2008",DC Fast (CCS2) & AC Standard (Type 2),"-0.34219, 36.31602",Kenya,Naivasha (Nakuru),4,06:00 AM - 10:00 PM,"M-Pesa, Airtel Money, Visa, Mastercard, Mobile App",50 KES - 70 KES per kWh,TotalEnergies,TotalEnergies Hub - Milimani #19,Under Maintenance
4.5,"Roam Air, Spiro Commando, Ampersand E-moto, ARC Ride",Battery Swapping Cabinet,"-4.01599, 39.69044",Kenya,Mombasa,28,24/7,"M-Pesa, Airtel Money, Visa, Mastercard, Mobile App",Subscription / 180 KES per Swap,Ampersand Kenya,Ampersand Kenya Hub - Nyali #10,Active
4.1,"Nissan Leaf, BYD Atto 3, Hyundai Kona, Tesla Model 3, VW ID.4",DC Fast (CCS2),"-4.04067, 39.66111",Kenya,Mombasa,2,06:00 AM - 10:00 PM,"M-Pesa, Airtel Money, Visa, Mastercard, Mobile App",50 KES - 70 KES per kWh,eBiashara,eBiashara Hub - Changamwe #49,Active
4.5,"Nissan Leaf, BYD Atto 3, Hyundai Kona, BMW i3, Audi e-tron",AC Standard (Type 2),"-0.05035, 34.79408",Kenya,Kisumu,2,07:00 AM - 09:00 PM,"M-Pesa, Airtel Money, Visa, Mastercard, Mobile App",35 KES - 45 KES per kWh,Spiro Kenya,Spiro Kenya Hub - Milimani #84,Under Maintenance
4.4,"Roam Air, Spiro Commando, Ampersand E-moto, ARC Ride",Battery Swapping Cabinet,"-4.02199, 39.73669",Kenya,Mombasa,26,06:00 AM - 10:00 PM,"M-Pesa, Airtel Money, Visa, Mastercard, Mobile App",Subscription / 180 KES per Swap,Spiro Kenya,Spiro Kenya Hub - Likoni #49,Active
4.5,"Roam Air, Spiro Commando, Ampersand E-moto, ARC Ride",Battery Swapping Cabinet,"-1.15094, 36.28737",Kenya,Machakos,25,07:00 AM - 09:00 PM,"M-Pesa, Airtel Money, Visa, Mastercard, Mobile App",Subscription / 180 KES per Swap,Spiro Kenya,Spiro Kenya Hub - Central Hub #96,Active
4.8,"Nissan Leaf, BYD Atto 3, Hyundai Kona, BMW i3, Audi e-tron",AC Standard (Type 2),"-4.06659, 39.74136",Kenya,Mombasa,2,06:00 AM - 10:00 PM,"M-Pesa, Airtel Money, Visa, Mastercard, Mobile App",35 KES - 45 KES per kWh,EVChaja,EVChaja Hub - Bamburi #20,Active
4.5,"Nissan Leaf, BYD Atto 3, Hyundai Kona, Tesla Model 3, VW ID.4",DC Fast (CCS2),"-4.02411, 39.60896",Kenya,Mombasa,2,07:00 AM - 09:00 PM,"M-Pesa, Airtel Money, Visa, Mastercard, Mobile App",50 KES - 70 KES per kWh,Rubis Energy,Rubis Energy Hub - Mombasa Island #49,Active
4.2,"Nissan Leaf, BYD Atto 3, Hyundai Kona, BMW i3, Audi e-tron",AC Standard (Type 2),"-0.40691, 36.05344",Kenya,Naivasha (Nakuru),3,24/7,"M-Pesa, Airtel Money, Visa, Mastercard, Mobile App",E-mobility Tariff: 21 KES per kWh (Off-Peak),Kenya Power (e-mobility),Kenya Power (e-mobility) Hub - Milimani #79,Active
4.9,"Nissan Leaf, BYD Atto 3, Hyundai Kona, BMW i3, Peugeot e-2008",DC Fast (CCS2) & AC Standard (Type 2),"-1.10812, 36.94566",Kenya,Kiambu,4,06:00 AM - 10:00 PM,"M-Pesa, Airtel Money, Visa, Mastercard, Mobile App",E-mobility Tariff: 35 KES per kWh,Kenya Power (e-mobility),Kenya Power (e-mobility) Hub - Ruiru #61,Active
4.0,"Nissan Leaf, BYD Atto 3, Hyundai Kona, Tesla Model 3, VW ID.4",DC Fast (CCS2),"-1.14811, 35.82342",Kenya,Machakos,3,24/7,"M-Pesa, Airtel Money, Visa, Mastercard, Mobile App",50 KES - 70 KES per kWh,Roam,Roam Hub - Central Hub #65,Active
4.7,"Nissan Leaf, BYD Atto 3, Hyundai Kona, BMW i3, Peugeot e-2008",DC Fast (CCS2) & AC Standard (Type 2),"-0.42312, 36.41189",Kenya,Naivasha (Nakuru),3,24/7,"M-Pesa, Airtel Money, Visa, Mastercard, Mobile App",50 KES - 70 KES per kWh,BasiGo,BasiGo Hub - Milimani #72,Active
4.8,"Nissan Leaf, BYD Atto 3, Hyundai Kona, BMW i3, Audi e-tron",AC Standard (Type 2),"-1.31528, 36.86099",Kenya,Nairobi,4,06:00 AM - 10:00 PM,"M-Pesa, Airtel Money, Visa, Mastercard, Mobile App",35 KES - 45 KES per kWh,Roam,Roam Hub - Parklands #82,Active
4.9,"Nissan Leaf, BYD Atto 3, Hyundai Kona, BMW i3, Audi e-tron",AC Standard (Type 2),"-0.06166, 34.73004",Kenya,Kisumu,4,06:00 AM - 10:00 PM,"M-Pesa, Airtel Money, Visa, Mastercard, Mobile App",35 KES - 45 KES per kWh,ARC Ride,ARC Ride Hub - Milimani #59,Active
4.8,"BasiGo E-Buses, BYD K9, Chery eQ1",DC Fast (GB/T),"-1.19601, 36.91603",Kenya,Kajiado,6,07:00 AM - 09:00 PM,"M-Pesa, Airtel Money, Visa, Mastercard, Mobile App",50 KES - 70 KES per kWh,Roam,Roam Hub - Central Hub #40,Active
4.8,"Nissan Leaf, BYD Atto 3, Hyundai Kona, BMW i3, Audi e-tron",AC Standard (Type 2),"-1.04411, 36.83258",Kenya,Kiambu,3,24/7,"M-Pesa, Airtel Money, Visa, Mastercard, Mobile App",35 KES - 45 KES per kWh,Rubis Energy,Rubis Energy Hub - Kikuyu #50,Under Maintenance
4.6,"Nissan Leaf, BYD Atto 3, Hyundai Kona, BMW i3, Audi e-tron",AC Standard (Type 2),"-1.32559, 36.94626",Kenya,Nairobi,3,24/7,"M-Pesa, Airtel Money, Visa, Mastercard, Mobile App",35 KES - 45 KES per kWh,eBiashara,eBiashara Hub - Karen #58,Active
4.7,"Nissan Leaf, BYD Atto 3, Hyundai Kona, BMW i3, Audi e-tron",AC Standard (Type 2),"-1.24053, 36.8081",Kenya,Nairobi,2,07:00 AM - 09:00 PM,"M-Pesa, Airtel Money, Visa, Mastercard, Mobile App",35 KES - 45 KES per kWh,Rubis Energy,Rubis Energy Hub - Lavington #75,Active
4.3,"Roam Air, Spiro Commando, Ampersand E-moto, ARC Ride",Battery Swapping Cabinet,"-1.14722, 36.95203",Kenya,Kajiado,19,07:00 AM - 09:00 PM,"M-Pesa, Airtel Money, Visa, Mastercard, Mobile App",Subscription / 180 KES per Swap,Ampersand Kenya,Ampersand Kenya Hub - Central Hub #54,Under Maintenance
4.4,"Nissan Leaf, BYD Atto 3, Hyundai Kona, BMW i3, Audi e-tron",AC Standard (Type 2),"-1.30969, 36.83628",Kenya,Nairobi,3,24/7,"M-Pesa, Airtel Money, Visa, Mastercard, Mobile App",35 KES - 45 KES per kWh,Ampersand Kenya,Ampersand Kenya Hub - Mombasa Road #50,Under Maintenance
4.6,"BasiGo E-Buses, BYD K9, Chery eQ1",DC Fast (GB/T),"-1.24007, 36.87234",Kenya,Nairobi,5,07:00 AM - 09:00 PM,"M-Pesa, Airtel Money, Visa, Mastercard, Mobile App",50 KES - 70 KES per kWh,Roam,Roam Hub - Kasarani #54,Active
4.7,"BasiGo E-Buses, BYD K9, Chery eQ1",DC Fast (GB/T),"-0.11541, 34.7798",Kenya,Kisumu,5,24/7,"M-Pesa, Airtel Money, Visa, Mastercard, Mobile App",50 KES - 70 KES per kWh,BasiGo,BasiGo Hub - Kisumu CBD #27,Active
4.2,"Nissan Leaf, BYD Atto 3, Hyundai Kona, Tesla Model 3, VW ID.4",DC Fast (CCS2),"-0.30493, 36.31823",Kenya,Nakuru,3,24/7,"M-Pesa, Airtel Money, Visa, Mastercard, Mobile App",E-mobility Tariff: 35 KES per kWh,Kenya Power (e-mobility),Kenya Power (e-mobility) Hub - Naivasha Town #76,Under Maintenance
4.4,"Roam Air, Spiro Commando, Ampersand E-moto, ARC Ride",Battery Swapping Cabinet,"-0.44473, 36.22468",Kenya,Nakuru,20,06:00 AM - 10:00 PM,"M-Pesa, Airtel Money, Visa, Mastercard, Mobile App",E-mobility Tariff: 21 KES per kWh (Off-Peak),Kenya Power (e-mobility),Kenya Power (e-mobility) Hub - Naivasha Town #41,Active
4.6,"Roam Air, Spiro Commando, Ampersand E-moto, ARC Ride",Battery Swapping Cabinet,"-1.20045, 36.70425",Kenya,Nairobi,26,06:00 AM - 10:00 PM,"M-Pesa, Airtel Money, Visa, Mastercard, Mobile App",Subscription / 180 KES per Swap,Spiro Kenya,Spiro Kenya Hub - Hurlingham #94,Active
4.1,"Roam Air, Spiro Commando, Ampersand E-moto, ARC Ride",Battery Swapping Cabinet,"-0.66603, 37.00795",Kenya,Kajiado,28,06:00 AM - 10:00 PM,"M-Pesa, Airtel Money, Visa, Mastercard, Mobile App",Subscription / 180 KES per Swap,Spiro Kenya,Spiro Kenya Hub - Central Hub #44,Active
4.9,"BasiGo E-Buses, BYD K9, Chery eQ1",DC Fast (GB/T),"-1.22172, 36.72514",Kenya,Nairobi,3,24/7,"M-Pesa, Airtel Money, Visa, Mastercard, Mobile App",50 KES - 70 KES per kWh,eBiashara,eBiashara Hub - Thika Road #49,Active
4.4,"Nissan Leaf, BYD Atto 3, Hyundai Kona, BMW i3, Peugeot e-2008",DC Fast (CCS2) & AC Standard (Type 2),"-1.32265, 36.84598",Kenya,Nairobi,3,24/7,"M-Pesa, Airtel Money, Visa, Mastercard, Mobile App",50 KES - 70 KES per kWh,Roam,Roam Hub - Thika Road #29,Under Maintenance
4.2,"Roam Air, Spiro Commando, Ampersand E-moto, ARC Ride",Battery Swapping Cabinet,"-0.30923, 36.06207",Kenya,Naivasha (Nakuru),12,06:00 AM - 10:00 PM,"M-Pesa, Airtel Money, Visa, Mastercard, Mobile App",Subscription / 180 KES per Swap,Roam,Roam Hub - Naivasha Town #31,Active
4.5,"Nissan Leaf, BYD Atto 3, Hyundai Kona, BMW i3, Audi e-tron",AC Standard (Type 2),"-1.28786, 35.74157",Kenya,Uasin Gishu,2,07:00 AM - 09:00 PM,"M-Pesa, Airtel Money, Visa, Mastercard, Mobile App",E-mobility Tariff: 21 KES per kWh (Off-Peak),Kenya Power (e-mobility),Kenya Power (e-mobility) Hub - Central Hub #46,Active
4.2,"Nissan Leaf, BYD Atto 3, Hyundai Kona, Tesla Model 3, VW ID.4",DC Fast (CCS2),"-0.89051, 36.67625",Kenya,Machakos,3,24/7,"M-Pesa, Airtel Money, Visa, Mastercard, Mobile App",50 KES - 70 KES per kWh,TotalEnergies,TotalEnergies Hub - Central Hub #65,Active
4.4,"Nissan Leaf, BYD Atto 3, Hyundai Kona, BMW i3, Audi e-tron",AC Standard (Type 2),"-1.33038, 36.7964",Kenya,Nairobi,4,06:00 AM - 10:00 PM,"M-Pesa, Airtel Money, Visa, Mastercard, Mobile App",E-mobility Tariff: 21 KES per kWh (Off-Peak),Kenya Power (e-mobility),Kenya Power (e-mobility) Hub - Thika Road #37,Active
4.2,"Nissan Leaf, BYD Atto 3, Hyundai Kona, BMW i3, Audi e-tron",AC Standard (Type 2),"-1.23625, 36.83689",Kenya,Nairobi,2,24/7,"M-Pesa, Airtel Money, Visa, Mastercard, Mobile App",35 KES - 45 KES per kWh,Ampersand Kenya,Ampersand Kenya Hub - Parklands #39,Active
4.5,"Nissan Leaf, BYD Atto 3, Hyundai Kona, BMW i3, Audi e-tron",AC Standard (Type 2),"-0.42181, 36.22072",Kenya,Naivasha (Nakuru),4,24/7,"M-Pesa, Airtel Money, Visa, Mastercard, Mobile App",35 KES - 45 KES per kWh,Ampersand Kenya,Ampersand Kenya Hub - Milimani #57,Active
4.4,"Nissan Leaf, BYD Atto 3, Hyundai Kona, Tesla Model 3, VW ID.4",DC Fast (CCS2),"-0.69942, 35.76579",Kenya,Kajiado,5,06:00 AM - 10:00 PM,"M-Pesa, Airtel Money, Visa, Mastercard, Mobile App",50 KES - 70 KES per kWh,BasiGo,BasiGo Hub - Central Hub #81,Active
4.0,"BasiGo E-Buses, BYD K9, Chery eQ1",DC Fast (GB/T),"-1.22075, 36.76175",Kenya,Nairobi,3,06:00 AM - 10:00 PM,"M-Pesa, Airtel Money, Visa, Mastercard, Mobile App",E-mobility Tariff: 35 KES per kWh,Kenya Power (e-mobility),Kenya Power (e-mobility) Hub - Parklands #94,Active
4.8,"Roam Air, Spiro Commando, Ampersand E-moto, ARC Ride",Battery Swapping Cabinet,"-1.02876, 37.00795",Kenya,Kiambu,27,06:00 AM - 10:00 PM,"M-Pesa, Airtel Money, Visa, Mastercard, Mobile App",Subscription / 180 KES per Swap,Rubis Energy,Rubis Energy Hub - Thika #23,Active
4.0,"Roam Air, Spiro Commando, Ampersand E-moto, ARC Ride",Battery Swapping Cabinet,"-0.07122, 34.75319",Kenya,Kisumu,21,06:00 AM - 10:00 PM,"M-Pesa, Airtel Money, Visa, Mastercard, Mobile App",Subscription / 180 KES per Swap,ARC Ride,ARC Ride Hub - Kondele #92,Active
4.6,"Nissan Leaf, BYD Atto 3, Hyundai Kona, BMW i3, Audi e-tron",AC Standard (Type 2),"-0.26647, 36.2629",Kenya,Nakuru,2,24/7,"M-Pesa, Airtel Money, Visa, Mastercard, Mobile App",35 KES - 45 KES per kWh,Ampersand Kenya,Ampersand Kenya Hub - Nakuru CBD #78,Active
4.3,"BasiGo E-Buses, BYD K9, Chery eQ1",DC Fast (GB/T),"-1.21333, 36.71852",Kenya,Nairobi,5,24/7,"M-Pesa, Airtel Money, Visa, Mastercard, Mobile App",50 KES - 70 KES per kWh,Rubis Energy,Rubis Energy Hub - Parklands #16,Active
4.2,"Nissan Leaf, BYD Atto 3, Hyundai Kona, Tesla Model 3, VW ID.4",DC Fast (CCS2),"-3.98369, 39.64998",Kenya,Mombasa,3,07:00 AM - 09:00 PM,"M-Pesa, Airtel Money, Visa, Mastercard, Mobile App",50 KES - 70 KES per kWh,TotalEnergies,TotalEnergies Hub - Nyali #31,Active
4.1,"Nissan Leaf, BYD Atto 3, Hyundai Kona, BMW i3, Audi e-tron",AC Standard (Type 2),"-1.15245, 36.97968",Kenya,Kiambu,2,06:00 AM - 10:00 PM,"M-Pesa, Airtel Money, Visa, Mastercard, Mobile App",35 KES - 45 KES per kWh,Rubis Energy,Rubis Energy Hub - Kikuyu #87,Under Maintenance
4.6,"Roam Air, Spiro Commando, Ampersand E-moto, ARC Ride",Battery Swapping Cabinet,"-1.28248, 36.70083",Kenya,Nairobi,27,07:00 AM - 09:00 PM,"M-Pesa, Airtel Money, Visa, Mastercard, Mobile App",Subscription / 180 KES per Swap,TotalEnergies,TotalEnergies Hub - Kilimani #92,Active
4.1,"Nissan Leaf, BYD Atto 3, Hyundai Kona, BMW i3, Audi e-tron",AC Standard (Type 2),"-0.46062, 36.12699",Kenya,Naivasha (Nakuru),4,24/7,"M-Pesa, Airtel Money, Visa, Mastercard, Mobile App",35 KES - 45 KES per kWh,eBiashara,eBiashara Hub - Milimani #81,Active
4.6,"Nissan Leaf, BYD Atto 3, Hyundai Kona, BMW i3, Audi e-tron",AC Standard (Type 2),"-1.27133, 36.88139",Kenya,Nairobi,3,06:00 AM - 10:00 PM,"M-Pesa, Airtel Money, Visa, Mastercard, Mobile App",35 KES - 45 KES per kWh,Spiro Kenya,Spiro Kenya Hub - Lavington #77,Under Maintenance
4.8,"BasiGo E-Buses, BYD K9, Chery eQ1",DC Fast (GB/T),"-0.81199, 36.67424",Kenya,Kajiado,4,24/7,"M-Pesa, Airtel Money, Visa, Mastercard, Mobile App",E-mobility Tariff: 35 KES per kWh,Kenya Power (e-mobility),Kenya Power (e-mobility) Hub - Central Hub #95,Active
4.8,"Nissan Leaf, BYD Atto 3, Hyundai Kona, BMW i3, Audi e-tron",AC Standard (Type 2),"-1.24681, 36.73061",Kenya,Nairobi,3,06:00 AM - 10:00 PM,"M-Pesa, Airtel Money, Visa, Mastercard, Mobile App",35 KES - 45 KES per kWh,Rubis Energy,Rubis Energy Hub - Runda #28,Active
4.1,"Roam Air, Spiro Commando, Ampersand E-moto, ARC Ride",Battery Swapping Cabinet,"-1.20513, 36.86936",Kenya,Nairobi,14,06:00 AM - 10:00 PM,"M-Pesa, Airtel Money, Visa, Mastercard, Mobile App",Subscription / 180 KES per Swap,EVChaja,EVChaja Hub - CBD #30,Active
4.6,"BasiGo E-Buses, BYD K9, Chery eQ1",DC Fast (GB/T),"-0.63096, 37.16358",Kenya,Machakos,2,24/7,"M-Pesa, Airtel Money, Visa, Mastercard, Mobile App",50 KES - 70 KES per kWh,EVChaja,EVChaja Hub - Central Hub #13,Under Maintenance
4.7,"Nissan Leaf, BYD Atto 3, Hyundai Kona, Tesla Model 3, VW ID.4",DC Fast (CCS2),"-1.34078, 36.88759",Kenya,Nairobi,3,24/7,"M-Pesa, Airtel Money, Visa, Mastercard, Mobile App",50 KES - 70 KES per kWh,BasiGo,BasiGo Hub - Kilimani #75,Active
4.8,"BasiGo E-Buses, BYD K9, Chery eQ1",DC Fast (GB/T),"-1.23882, 36.80323",Kenya,Nairobi,2,07:00 AM - 09:00 PM,"M-Pesa, Airtel Money, Visa, Mastercard, Mobile App",50 KES - 70 KES per kWh,Rubis Energy,Rubis Energy Hub - Lavington #64,Active
4.9,"Nissan Leaf, BYD Atto 3, Hyundai Kona, BMW i3, Peugeot e-2008",DC Fast (CCS2) & AC Standard (Type 2),"-0.37212, 36.15587",Kenya,Naivasha (Nakuru),3,06:00 AM - 10:00 PM,"M-Pesa, Airtel Money, Visa, Mastercard, Mobile App",50 KES - 70 KES per kWh,eBiashara,eBiashara Hub - Milimani #52,Under Maintenance
4.9,"Nissan Leaf, BYD Atto 3, Hyundai Kona, BMW i3, Audi e-tron",AC Standard (Type 2),"-3.98182, 39.68344",Kenya,Mombasa,2,06:00 AM - 10:00 PM,"M-Pesa, Airtel Money, Visa, Mastercard, Mobile App",35 KES - 45 KES per kWh,EVChaja,EVChaja Hub - Bamburi #55,Active
4.6,"Roam Air, Spiro Commando, Ampersand E-moto, ARC Ride",Battery Swapping Cabinet,"-0.6444, 35.35773",Kenya,Kajiado,21,07:00 AM - 09:00 PM,"M-Pesa, Airtel Money, Visa, Mastercard, Mobile App",Subscription / 180 KES per Swap,Drive Electric Kenya,Drive Electric Kenya Hub - Central Hub #69,Active
4.4,"Nissan Leaf, BYD Atto 3, Hyundai Kona, BMW i3, Audi e-tron",AC Standard (Type 2),"-0.05144, 34.73616",Kenya,Kisumu,2,06:00 AM - 10:00 PM,"M-Pesa, Airtel Money, Visa, Mastercard, Mobile App",35 KES - 45 KES per kWh,Spiro Kenya,Spiro Kenya Hub - Kondele #37,Under Maintenance
4.8,"Roam Air, Spiro Commando, Ampersand E-moto, ARC Ride",Battery Swapping Cabinet,"-1.3808, 35.05632",Kenya,Machakos,24,24/7,"M-Pesa, Airtel Money, Visa, Mastercard, Mobile App",Subscription / 180 KES per Swap,Ampersand Kenya,Ampersand Kenya Hub - Central Hub #23,Under Maintenance
4.8,"Roam Air, Spiro Commando, Ampersand E-moto, ARC Ride",Battery Swapping Cabinet,"-4.01431, 39.7232",Kenya,Mombasa,23,07:00 AM - 09:00 PM,"M-Pesa, Airtel Money, Visa, Mastercard, Mobile App",Subscription / 180 KES per Swap,EVChaja,EVChaja Hub - Bamburi #56,Active
4.4,"Nissan Leaf, BYD Atto 3, Hyundai Kona, BMW i3, Audi e-tron",AC Standard (Type 2),"-1.10298, 36.95961",Kenya,Kiambu,2,24/7,"M-Pesa, Airtel Money, Visa, Mastercard, Mobile App",35 KES - 45 KES per kWh,Drive Electric Kenya,Drive Electric Kenya Hub - Kikuyu #43,Under Maintenance
4.7,"Nissan Leaf, BYD Atto 3, Hyundai Kona, BMW i3, Audi e-tron",AC Standard (Type 2),"-1.37248, 35.73488",Kenya,Uasin Gishu,3,06:00 AM - 10:00 PM,"M-Pesa, Airtel Money, Visa, Mastercard, Mobile App",35 KES - 45 KES per kWh,ARC Ride,ARC Ride Hub - Central Hub #23,Under Maintenance
4.8,"Roam Air, Spiro Commando, Ampersand E-moto, ARC Ride",Battery Swapping Cabinet,"-1.4887, 36.83496",Kenya,Kajiado,22,07:00 AM - 09:00 PM,"M-Pesa, Airtel Money, Visa, Mastercard, Mobile App",Subscription / 180 KES per Swap,TotalEnergies,TotalEnergies Hub - Central Hub #31,Active
4.8,"Nissan Leaf, BYD Atto 3, Hyundai Kona, BMW i3, Audi e-tron",AC Standard (Type 2),"-0.60084, 36.01173",Kenya,Machakos,3,06:00 AM - 10:00 PM,"M-Pesa, Airtel Money, Visa, Mastercard, Mobile App",35 KES - 45 KES per kWh,TotalEnergies,TotalEnergies Hub - Central Hub #76,Active
4.7,"Roam Air, Spiro Commando, Ampersand E-moto, ARC Ride",Battery Swapping Cabinet,"-0.92623, 35.41392",Kenya,Kajiado,28,24/7,"M-Pesa, Airtel Money, Visa, Mastercard, Mobile App",Subscription / 180 KES per Swap,Drive Electric Kenya,Drive Electric Kenya Hub - Central Hub #62,Under Maintenance
4.4,"Nissan Leaf, BYD Atto 3, Hyundai Kona, Tesla Model 3, VW ID.4",DC Fast (CCS2),"-1.30642, 36.72265",Kenya,Nairobi,3,06:00 AM - 10:00 PM,"M-Pesa, Airtel Money, Visa, Mastercard, Mobile App",50 KES - 70 KES per kWh,TotalEnergies,TotalEnergies Hub - Mombasa Road #52,Active
4.3,"Nissan Leaf, BYD Atto 3, Hyundai Kona, BMW i3, Peugeot e-2008",DC Fast (CCS2) & AC Standard (Type 2),"-1.27443, 36.81397",Kenya,Nairobi,5,06:00 AM - 10:00 PM,"M-Pesa, Airtel Money, Visa, Mastercard, Mobile App",50 KES - 70 KES per kWh,eBiashara,eBiashara Hub - Karen #29,Active
4.1,"Nissan Leaf, BYD Atto 3, Hyundai Kona, BMW i3, Audi e-tron",AC Standard (Type 2),"-0.95589, 36.89393",Kenya,Uasin Gishu,2,07:00 AM - 09:00 PM,"M-Pesa, Airtel Money, Visa, Mastercard, Mobile App",35 KES - 45 KES per kWh,ARC Ride,ARC Ride Hub - Central Hub #49,Active
4.7,"Roam Air, Spiro Commando, Ampersand E-moto, ARC Ride",Battery Swapping Cabinet,"-0.09939, 34.79801",Kenya,Kisumu,15,24/7,"M-Pesa, Airtel Money, Visa, Mastercard, Mobile App",Subscription / 180 KES per Swap,eBiashara,eBiashara Hub - Kisumu CBD #83,Active
4.3,"Nissan Leaf, BYD Atto 3, Hyundai Kona, BMW i3, Audi e-tron",AC Standard (Type 2),"-3.96143, 39.6892",Kenya,Mombasa,4,06:00 AM - 10:00 PM,"M-Pesa, Airtel Money, Visa, Mastercard, Mobile App",35 KES - 45 KES per kWh,EVChaja,EVChaja Hub - Changamwe #37,Active
4.7,"Nissan Leaf, BYD Atto 3, Hyundai Kona, BMW i3, Audi e-tron",AC Standard (Type 2),"-0.59945, 35.73773",Kenya,Kajiado,4,24/7,"M-Pesa, Airtel Money, Visa, Mastercard, Mobile App",35 KES - 45 KES per kWh,Rubis Energy,Rubis Energy Hub - Central Hub #40,Active
4.5,"Nissan Leaf, BYD Atto 3, Hyundai Kona, BMW i3, Audi e-tron",AC Standard (Type 2),"-0.38179, 36.37784",Kenya,Nakuru,3,24/7,"M-Pesa, Airtel Money, Visa, Mastercard, Mobile App",35 KES - 45 KES per kWh,ARC Ride,ARC Ride Hub - Mai Mahiu #30,Under Maintenance
4.3,"Nissan Leaf, BYD Atto 3, Hyundai Kona, BMW i3, Audi e-tron",AC Standard (Type 2),"-4.03937, 39.65006",Kenya,Mombasa,3,24/7,"M-Pesa, Airtel Money, Visa, Mastercard, Mobile App",35 KES - 45 KES per kWh,Drive Electric Kenya,Drive Electric Kenya Hub - Bamburi #76,Active
4.5,"Nissan Leaf, BYD Atto 3, Hyundai Kona, BMW i3, Audi e-tron",AC Standard (Type 2),"-1.29229, 36.81449",Kenya,Nairobi,3,06:00 AM - 10:00 PM,"M-Pesa, Airtel Money, Visa, Mastercard, Mobile App",35 KES - 45 KES per kWh,eBiashara,eBiashara Hub - Parklands #25,Active
4.6,"Roam Air, Spiro Commando, Ampersand E-moto, ARC Ride",Battery Swapping Cabinet,"-0.98286, 37.25417",Kenya,Machakos,17,06:00 AM - 10:00 PM,"M-Pesa, Airtel Money, Visa, Mastercard, Mobile App",Subscription / 180 KES per Swap,Spiro Kenya,Spiro Kenya Hub - Central Hub #53,Active
4.1,"Roam Air, Spiro Commando, Ampersand E-moto, ARC Ride",Battery Swapping Cabinet,"-1.25705, 36.93133",Kenya,Nairobi,20,24/7,"M-Pesa, Airtel Money, Visa, Mastercard, Mobile App",Subscription / 180 KES per Swap,Ampersand Kenya,Ampersand Kenya Hub - Westlands #56,Active
4.8,"BasiGo E-Buses, BYD K9, Chery eQ1",DC Fast (GB/T),"-0.28414, 36.3599",Kenya,Naivasha (Nakuru),4,24/7,"M-Pesa, Airtel Money, Visa, Mastercard, Mobile App",50 KES - 70 KES per kWh,Rubis Energy,Rubis Energy Hub - Mai Mahiu #20,Active
4.8,"Nissan Leaf, BYD Atto 3, Hyundai Kona, Tesla Model 3, VW ID.4",DC Fast (CCS2),"-0.28757, 36.08073",Kenya,Naivasha (Nakuru),3,24/7,"M-Pesa, Airtel Money, Visa, Mastercard, Mobile App",50 KES - 70 KES per kWh,Drive Electric Kenya,Drive Electric Kenya Hub - Naivasha Town #43,Active
4.0,"Nissan Leaf, BYD Atto 3, Hyundai Kona, BMW i3, Audi e-tron",AC Standard (Type 2),"-0.08095, 34.72223",Kenya,Kisumu,4,24/7,"M-Pesa, Airtel Money, Visa, Mastercard, Mobile App",35 KES - 45 KES per kWh,Spiro Kenya,Spiro Kenya Hub - Kondele #74,Active
4.4,"Roam Air, Spiro Commando, Ampersand E-moto, ARC Ride",Battery Swapping Cabinet,"-0.78418, 36.99057",Kenya,Uasin Gishu,18,24/7,"M-Pesa, Airtel Money, Visa, Mastercard, Mobile App",Subscription / 180 KES per Swap,ARC Ride,ARC Ride Hub - Central Hub #97,Active
4.3,"Roam Air, Spiro Commando, Ampersand E-moto, ARC Ride",Battery Swapping Cabinet,"-1.4632, 35.51069",Kenya,Kajiado,17,07:00 AM - 09:00 PM,"M-Pesa, Airtel Money, Visa, Mastercard, Mobile App",Subscription / 180 KES per Swap,Rubis Energy,Rubis Energy Hub - Central Hub #15,Active
4.3,"Nissan Leaf, BYD Atto 3, Hyundai Kona, BMW i3, Peugeot e-2008",DC Fast (CCS2) & AC Standard (Type 2),"-0.54749, 37.24147",Kenya,Uasin Gishu,2,24/7,"M-Pesa, Airtel Money, Visa, Mastercard, Mobile App",50 KES - 70 KES per kWh,Drive Electric Kenya,Drive Electric Kenya Hub - Central Hub #37,Active
4.3,"BasiGo E-Buses, BYD K9, Chery eQ1",DC Fast (GB/T),"-1.2012, 36.82369",Kenya,Nairobi,3,06:00 AM - 10:00 PM,"M-Pesa, Airtel Money, Visa, Mastercard, Mobile App",50 KES - 70 KES per kWh,BasiGo,BasiGo Hub - Kasarani #79,Under Maintenance
4.6,"Nissan Leaf, BYD Atto 3, Hyundai Kona, Tesla Model 3, VW ID.4",DC Fast (CCS2),"-1.32324, 35.24619",Kenya,Uasin Gishu,3,06:00 AM - 10:00 PM,"M-Pesa, Airtel Money, Visa, Mastercard, Mobile App",50 KES - 70 KES per kWh,Roam,Roam Hub - Central Hub #76,Active
4.3,"Roam Air, Spiro Commando, Ampersand E-moto, ARC Ride",Battery Swapping Cabinet,"-1.31043, 36.70769",Kenya,Nairobi,23,24/7,"M-Pesa, Airtel Money, Visa, Mastercard, Mobile App",Subscription / 180 KES per Swap,Roam,Roam Hub - Lavington #63,Under Maintenance
4.7,"Roam Air, Spiro Commando, Ampersand E-moto, ARC Ride",Battery Swapping Cabinet,"-1.22702, 36.9124",Kenya,Nairobi,18,06:00 AM - 10:00 PM,"M-Pesa, Airtel Money, Visa, Mastercard, Mobile App",Subscription / 180 KES per Swap,ARC Ride,ARC Ride Hub - Lavington #30,Active
4.7,"Roam Air, Spiro Commando, Ampersand E-moto, ARC Ride",Battery Swapping Cabinet,"-0.48265, 36.14894",Kenya,Naivasha (Nakuru),27,24/7,"M-Pesa, Airtel Money, Visa, Mastercard, Mobile App",Subscription / 180 KES per Swap,Drive Electric Kenya,Drive Electric Kenya Hub - Naivasha Town #58,Active
4.1,"Nissan Leaf, BYD Atto 3, Hyundai Kona, BMW i3, Audi e-tron",AC Standard (Type 2),"-0.84692, 36.70685",Kenya,Uasin Gishu,3,24/7,"M-Pesa, Airtel Money, Visa, Mastercard, Mobile App",35 KES - 45 KES per kWh,Spiro Kenya,Spiro Kenya Hub - Central Hub #23,Active
4.9,"Roam Air, Spiro Commando, Ampersand E-moto, ARC Ride",Battery Swapping Cabinet,"-1.24121, 35.76695",Kenya,Kajiado,28,24/7,"M-Pesa, Airtel Money, Visa, Mastercard, Mobile App",Subscription / 180 KES per Swap,ARC Ride,ARC Ride Hub - Central Hub #67,Active
4.8,"Nissan Leaf, BYD Atto 3, Hyundai Kona, BMW i3, Audi e-tron",AC Standard (Type 2),"-1.17246, 36.95482",Kenya,Kiambu,4,24/7,"M-Pesa, Airtel Money, Visa, Mastercard, Mobile App",35 KES - 45 KES per kWh,ARC Ride,ARC Ride Hub - Ruiru #39,Under Maintenance
4.8,"Nissan Leaf, BYD Atto 3, Hyundai Kona, BMW i3, Audi e-tron",AC Standard (Type 2),"-0.79891, 37.23235",Kenya,Uasin Gishu,4,24/7,"M-Pesa, Airtel Money, Visa, Mastercard, Mobile App",35 KES - 45 KES per kWh,TotalEnergies,TotalEnergies Hub - Central Hub #18,Active
4.9,"Roam Air, Spiro Commando, Ampersand E-moto, ARC Ride",Battery Swapping Cabinet,"-0.56597, 37.00592",Kenya,Machakos,20,07:00 AM - 09:00 PM,"M-Pesa, Airtel Money, Visa, Mastercard, Mobile App",Subscription / 180 KES per Swap,Drive Electric Kenya,Drive Electric Kenya Hub - Central Hub #19,Active
4.1,"Nissan Leaf, BYD Atto 3, Hyundai Kona, BMW i3, Peugeot e-2008",DC Fast (CCS2) & AC Standard (Type 2),"-0.07886, 34.70825",Kenya,Kisumu,4,06:00 AM - 10:00 PM,"M-Pesa, Airtel Money, Visa, Mastercard, Mobile App",50 KES - 70 KES per kWh,BasiGo,BasiGo Hub - Milimani #42,Active
4.8,"BasiGo E-Buses, BYD K9, Chery eQ1",DC Fast (GB/T),"-3.96344, 39.61214",Kenya,Mombasa,3,06:00 AM - 10:00 PM,"M-Pesa, Airtel Money, Visa, Mastercard, Mobile App",50 KES - 70 KES per kWh,EVChaja,EVChaja Hub - Nyali #58,Active
4.4,"Roam Air, Spiro Commando, Ampersand E-moto, ARC Ride",Battery Swapping Cabinet,"-1.10488, 36.85961",Kenya,Kiambu,13,07:00 AM - 09:00 PM,"M-Pesa, Airtel Money, Visa, Mastercard, Mobile App",Subscription / 180 KES per Swap,TotalEnergies,TotalEnergies Hub - Kiambu Town #30,Active
4.8,"Nissan Leaf, BYD Atto 3, Hyundai Kona, Tesla Model 3, VW ID.4",DC Fast (CCS2),"-1.45115, 35.0236",Kenya,Kajiado,3,24/7,"M-Pesa, Airtel Money, Visa, Mastercard, Mobile App",50 KES - 70 KES per kWh,TotalEnergies,TotalEnergies Hub - Central Hub #92,Under Maintenance
4.8,"Roam Air, Spiro Commando, Ampersand E-moto, ARC Ride",Battery Swapping Cabinet,"-1.32251, 37.42385",Kenya,Uasin Gishu,26,07:00 AM - 09:00 PM,"M-Pesa, Airtel Money, Visa, Mastercard, Mobile App",Subscription / 180 KES per Swap,Ampersand Kenya,Ampersand Kenya Hub - Central Hub #98,Active
4.8,"BasiGo E-Buses, BYD K9, Chery eQ1",DC Fast (GB/T),"-1.26789, 36.76249",Kenya,Nairobi,2,24/7,"M-Pesa, Airtel Money, Visa, Mastercard, Mobile App",50 KES - 70 KES per kWh,BasiGo,BasiGo Hub - Hurlingham #41,Active
4.5,"Nissan Leaf, BYD Atto 3, Hyundai Kona, BMW i3, Audi e-tron",AC Standard (Type 2),"-0.07887, 34.73375",Kenya,Kisumu,2,07:00 AM - 09:00 PM,"M-Pesa, Airtel Money, Visa, Mastercard, Mobile App",35 KES - 45 KES per kWh,TotalEnergies,TotalEnergies Hub - Kondele #11,Active
4.7,"Nissan Leaf, BYD Atto 3, Hyundai Kona, BMW i3, Audi e-tron",AC Standard (Type 2),"-0.32559, 36.29291",Kenya,Nakuru,3,07:00 AM - 09:00 PM,"M-Pesa, Airtel Money, Visa, Mastercard, Mobile App",35 KES - 45 KES per kWh,Spiro Kenya,Spiro Kenya Hub - Milimani #72,Active
4.6,"Roam Air, Spiro Commando, Ampersand E-moto, ARC Ride",Battery Swapping Cabinet,"-0.84082, 37.12881",Kenya,Uasin Gishu,27,24/7,"M-Pesa, Airtel Money, Visa, Mastercard, Mobile App",Subscription / 180 KES per Swap,Ampersand Kenya,Ampersand Kenya Hub - Central Hub #94,Active
4.3,"BasiGo E-Buses, BYD K9, Chery eQ1",DC Fast (GB/T),"-1.26584, 36.75364",Kenya,Nairobi,4,07:00 AM - 09:00 PM,"M-Pesa, Airtel Money, Visa, Mastercard, Mobile App",50 KES - 70 KES per kWh,Drive Electric Kenya,Drive Electric Kenya Hub - Parklands #25,Active
4.4,"Nissan Leaf, BYD Atto 3, Hyundai Kona, BMW i3, Audi e-tron",AC Standard (Type 2),"-0.43869, 36.01414",Kenya,Nakuru,4,07:00 AM - 09:00 PM,"M-Pesa, Airtel Money, Visa, Mastercard, Mobile App",35 KES - 45 KES per kWh,ARC Ride,ARC Ride Hub - Mai Mahiu #55,Active
4.8,"Nissan Leaf, BYD Atto 3, Hyundai Kona, Tesla Model 3, VW ID.4",DC Fast (CCS2),"-0.05341, 34.73182",Kenya,Kisumu,5,07:00 AM - 09:00 PM,"M-Pesa, Airtel Money, Visa, Mastercard, Mobile App",50 KES - 70 KES per kWh,TotalEnergies,TotalEnergies Hub - Kisumu CBD #97,Active
4.7,"BasiGo E-Buses, BYD K9, Chery eQ1",DC Fast (GB/T),"-0.30111, 36.16554",Kenya,Naivasha (Nakuru),5,24/7,"M-Pesa, Airtel Money, Visa, Mastercard, Mobile App",50 KES - 70 KES per kWh,eBiashara,eBiashara Hub - Milimani #43,Under Maintenance
4.9,"Nissan Leaf, BYD Atto 3, Hyundai Kona, BMW i3, Audi e-tron",AC Standard (Type 2),"-1.16183, 36.79047",Kenya,Uasin Gishu,2,07:00 AM - 09:00 PM,"M-Pesa, Airtel Money, Visa, Mastercard, Mobile App",35 KES - 45 KES per kWh,Spiro Kenya,Spiro Kenya Hub - Central Hub #41,Active
4.4,"Nissan Leaf, BYD Atto 3, Hyundai Kona, Tesla Model 3, VW ID.4",DC Fast (CCS2),"-1.24083, 37.43465",Kenya,Uasin Gishu,2,24/7,"M-Pesa, Airtel Money, Visa, Mastercard, Mobile App",50 KES - 70 KES per kWh,eBiashara,eBiashara Hub - Central Hub #96,Active
4.3,"Roam Air, Spiro Commando, Ampersand E-moto, ARC Ride",Battery Swapping Cabinet,"-1.10554, 36.92229",Kenya,Kiambu,15,07:00 AM - 09:00 PM,"M-Pesa, Airtel Money, Visa, Mastercard, Mobile App",Subscription / 180 KES per Swap,Drive Electric Kenya,Drive Electric Kenya Hub - Kikuyu #15,Active
4.1,"Nissan Leaf, BYD Atto 3, Hyundai Kona, BMW i3, Audi e-tron",AC Standard (Type 2),"-0.75133, 35.69437",Kenya,Kajiado,3,06:00 AM - 10:00 PM,"M-Pesa, Airtel Money, Visa, Mastercard, Mobile App",35 KES - 45 KES per kWh,ARC Ride,ARC Ride Hub - Central Hub #76,Active
4.2,"Nissan Leaf, BYD Atto 3, Hyundai Kona, BMW i3, Peugeot e-2008",DC Fast (CCS2) & AC Standard (Type 2),"-1.05737, 36.86449",Kenya,Kiambu,3,24/7,"M-Pesa, Airtel Money, Visa, Mastercard, Mobile App",50 KES - 70 KES per kWh,Roam,Roam Hub - Thika #69,Active
4.3,"Nissan Leaf, BYD Atto 3, Hyundai Kona, BMW i3, Audi e-tron",AC Standard (Type 2),"-3.98697, 39.6622",Kenya,Mombasa,4,07:00 AM - 09:00 PM,"M-Pesa, Airtel Money, Visa, Mastercard, Mobile App",35 KES - 45 KES per kWh,Drive Electric Kenya,Drive Electric Kenya Hub - Mombasa Island #64,Active
4.7,"Nissan Leaf, BYD Atto 3, Hyundai Kona, BMW i3, Audi e-tron",AC Standard (Type 2),"-1.31995, 36.73068",Kenya,Nairobi,4,24/7,"M-Pesa, Airtel Money, Visa, Mastercard, Mobile App",35 KES - 45 KES per kWh,Spiro Kenya,Spiro Kenya Hub - Karen #41,Active
4.8,"Roam Air, Spiro Commando, Ampersand E-moto, ARC Ride",Battery Swapping Cabinet,"-0.34552, 36.43705",Kenya,Naivasha (Nakuru),12,07:00 AM - 09:00 PM,"M-Pesa, Airtel Money, Visa, Mastercard, Mobile App",Subscription / 180 KES per Swap,TotalEnergies,TotalEnergies Hub - Naivasha Town #89,Active
4.5,"Nissan Leaf, BYD Atto 3, Hyundai Kona, Tesla Model 3, VW ID.4",DC Fast (CCS2),"-0.81196, 36.12049",Kenya,Kajiado,4,06:00 AM - 10:00 PM,"M-Pesa, Airtel Money, Visa, Mastercard, Mobile App",50 KES - 70 KES per kWh,EVChaja,EVChaja Hub - Central Hub #11,Active
4.3,"Roam Air, Spiro Commando, Ampersand E-moto, ARC Ride",Battery Swapping Cabinet,"-1.34855, 36.76939",Kenya,Nairobi,27,06:00 AM - 10:00 PM,"M-Pesa, Airtel Money, Visa, Mastercard, Mobile App",Subscription / 180 KES per Swap,EVChaja,EVChaja Hub - Karen #36,Active
4.4,"Nissan Leaf, BYD Atto 3, Hyundai Kona, BMW i3, Peugeot e-2008",DC Fast (CCS2) & AC Standard (Type 2),"-3.95849, 39.66805",Kenya,Mombasa,4,07:00 AM - 09:00 PM,"M-Pesa, Airtel Money, Visa, Mastercard, Mobile App",50 KES - 70 KES per kWh,BasiGo,BasiGo Hub - Nyali #79,Active
4.7,"Roam Air, Spiro Commando, Ampersand E-moto, ARC Ride",Battery Swapping Cabinet,"-0.44738, 36.43688",Kenya,Naivasha (Nakuru),24,24/7,"M-Pesa, Airtel Money, Visa, Mastercard, Mobile App",Subscription / 180 KES per Swap,ARC Ride,ARC Ride Hub - Naivasha Town #51,Active
4.8,"Nissan Leaf, BYD Atto 3, Hyundai Kona, BMW i3, Audi e-tron",AC Standard (Type 2),"-1.28501, 36.83126",Kenya,Nairobi,2,06:00 AM - 10:00 PM,"M-Pesa, Airtel Money, Visa, Mastercard, Mobile App",35 KES - 45 KES per kWh,Spiro Kenya,Spiro Kenya Hub - Runda #32,Active
4.2,"Roam Air, Spiro Commando, Ampersand E-moto, ARC Ride",Battery Swapping Cabinet,"-1.12097, 36.23377",Kenya,Kajiado,12,06:00 AM - 10:00 PM,"M-Pesa, Airtel Money, Visa, Mastercard, Mobile App",Subscription / 180 KES per Swap,EVChaja,EVChaja Hub - Central Hub #56,Under Maintenance
4.7,"Nissan Leaf, BYD Atto 3, Hyundai Kona, Tesla Model 3, VW ID.4",DC Fast (CCS2),"-1.25302, 36.86131",Kenya,Nairobi,5,07:00 AM - 09:00 PM,"M-Pesa, Airtel Money, Visa, Mastercard, Mobile App",50 KES - 70 KES per kWh,BasiGo,BasiGo Hub - Lang'ata #79,Active
4.1,"Nissan Leaf, BYD Atto 3, Hyundai Kona, BMW i3, Peugeot e-2008",DC Fast (CCS2) & AC Standard (Type 2),"-0.44897, 36.32066",Kenya,Naivasha (Nakuru),2,24/7,"M-Pesa, Airtel Money, Visa, Mastercard, Mobile App",50 KES - 70 KES per kWh,BasiGo,BasiGo Hub - Milimani #97,Active
4.6,"Roam Air, Spiro Commando, Ampersand E-moto, ARC Ride",Battery Swapping Cabinet,"-0.41357, 36.03542",Kenya,Naivasha (Nakuru),28,06:00 AM - 10:00 PM,"M-Pesa, Airtel Money, Visa, Mastercard, Mobile App",E-mobility Tariff: 21 KES per kWh (Off-Peak),Kenya Power (e-mobility),Kenya Power (e-mobility) Hub - Milimani #97,Active
4.8,"Roam Air, Spiro Commando, Ampersand E-moto, ARC Ride",Battery Swapping Cabinet,"-1.48465, 35.10815",Kenya,Machakos,16,24/7,"M-Pesa, Airtel Money, Visa, Mastercard, Mobile App",Subscription / 180 KES per Swap,ARC Ride,ARC Ride Hub - Central Hub #26,Active
4.3,"BasiGo E-Buses, BYD K9, Chery eQ1",DC Fast (GB/T),"-0.34154, 36.04198",Kenya,Nakuru,5,07:00 AM - 09:00 PM,"M-Pesa, Airtel Money, Visa, Mastercard, Mobile App",50 KES - 70 KES per kWh,BasiGo,BasiGo Hub - Milimani #44,Under Maintenance
4.1,"Nissan Leaf, BYD Atto 3, Hyundai Kona, Tesla Model 3, VW ID.4",DC Fast (CCS2),"-1.18122, 37.07777",Kenya,Kiambu,2,24/7,"M-Pesa, Airtel Money, Visa, Mastercard, Mobile App",50 KES - 70 KES per kWh,Rubis Energy,Rubis Energy Hub - Kiambu Town #20,Active
4.5,"Nissan Leaf, BYD Atto 3, Hyundai Kona, BMW i3, Audi e-tron",AC Standard (Type 2),"-1.23013, 36.89871",Kenya,Nairobi,4,06:00 AM - 10:00 PM,"M-Pesa, Airtel Money, Visa, Mastercard, Mobile App",35 KES - 45 KES per kWh,ARC Ride,ARC Ride Hub - Parklands #83,Active
4.4,"Nissan Leaf, BYD Atto 3, Hyundai Kona, BMW i3, Audi e-tron",AC Standard (Type 2),"-1.32534, 36.78843",Kenya,Nairobi,3,24/7,"M-Pesa, Airtel Money, Visa, Mastercard, Mobile App",E-mobility Tariff: 21 KES per kWh (Off-Peak),Kenya Power (e-mobility),Kenya Power (e-mobility) Hub - CBD #46,Active
4.3,"Nissan Leaf, BYD Atto 3, Hyundai Kona, BMW i3, Audi e-tron",AC Standard (Type 2),"-1.0161, 36.87801",Kenya,Kiambu,2,24/7,"M-Pesa, Airtel Money, Visa, Mastercard, Mobile App",35 KES - 45 KES per kWh,BasiGo,BasiGo Hub - Ruiru #33,Active
4.6,"Roam Air, Spiro Commando, Ampersand E-moto, ARC Ride",Battery Swapping Cabinet,"-3.96131, 39.66588",Kenya,Mombasa,27,06:00 AM - 10:00 PM,"M-Pesa, Airtel Money, Visa, Mastercard, Mobile App",E-mobility Tariff: 21 KES per kWh (Off-Peak),Kenya Power (e-mobility),Kenya Power (e-mobility) Hub - Nyali #92,Active
4.7,"Nissan Leaf, BYD Atto 3, Hyundai Kona, BMW i3, Audi e-tron",AC Standard (Type 2),"-1.24969, 36.70383",Kenya,Nairobi,3,24/7,"M-Pesa, Airtel Money, Visa, Mastercard, Mobile App",35 KES - 45 KES per kWh,Spiro Kenya,Spiro Kenya Hub - Karen #55,Active
4.8,"Nissan Leaf, BYD Atto 3, Hyundai Kona, BMW i3, Audi e-tron",AC Standard (Type 2),"-0.82333, 35.51645",Kenya,Machakos,3,24/7,"M-Pesa, Airtel Money, Visa, Mastercard, Mobile App",35 KES - 45 KES per kWh,ARC Ride,ARC Ride Hub - Central Hub #49,Under Maintenance
4.7,"Nissan Leaf, BYD Atto 3, Hyundai Kona, BMW i3, Audi e-tron",AC Standard (Type 2),"-1.25665, 36.78304",Kenya,Nairobi,3,06:00 AM - 10:00 PM,"M-Pesa, Airtel Money, Visa, Mastercard, Mobile App",35 KES - 45 KES per kWh,Spiro Kenya,Spiro Kenya Hub - Lavington #31,Active
4.6,"BasiGo E-Buses, BYD K9, Chery eQ1",DC Fast (GB/T),"-1.02213, 35.22302",Kenya,Uasin Gishu,3,24/7,"M-Pesa, Airtel Money, Visa, Mastercard, Mobile App",E-mobility Tariff: 35 KES per kWh,Kenya Power (e-mobility),Kenya Power (e-mobility) Hub - Central Hub #62,Active
4.2,"Nissan Leaf, BYD Atto 3, Hyundai Kona, BMW i3, Audi e-tron",AC Standard (Type 2),"-0.42143, 36.11083",Kenya,Naivasha (Nakuru),2,24/7,"M-Pesa, Airtel Money, Visa, Mastercard, Mobile App",35 KES - 45 KES per kWh,BasiGo,BasiGo Hub - Nakuru CBD #79,Active
4.7,"Nissan Leaf, BYD Atto 3, Hyundai Kona, Tesla Model 3, VW ID.4",DC Fast (CCS2),"-1.48387, 35.28235",Kenya,Machakos,6,06:00 AM - 10:00 PM,"M-Pesa, Airtel Money, Visa, Mastercard, Mobile App",50 KES - 70 KES per kWh,TotalEnergies,TotalEnergies Hub - Central Hub #48,Active
4.1,"Nissan Leaf, BYD Atto 3, Hyundai Kona, BMW i3, Audi e-tron",AC Standard (Type 2),"-0.27205, 36.22868",Kenya,Nakuru,4,24/7,"M-Pesa, Airtel Money, Visa, Mastercard, Mobile App",E-mobility Tariff: 21 KES per kWh (Off-Peak),Kenya Power (e-mobility),Kenya Power (e-mobility) Hub - Nakuru CBD #39,Active
4.4,"Nissan Leaf, BYD Atto 3, Hyundai Kona, BMW i3, Audi e-tron",AC Standard (Type 2),"-1.29216, 36.93623",Kenya,Nairobi,3,06:00 AM - 10:00 PM,"M-Pesa, Airtel Money, Visa, Mastercard, Mobile App",35 KES - 45 KES per kWh,ARC Ride,ARC Ride Hub - Runda #96,Active
4.7,"Nissan Leaf, BYD Atto 3, Hyundai Kona, BMW i3, Audi e-tron",AC Standard (Type 2),"-0.90384, 37.48632",Kenya,Uasin Gishu,3,24/7,"M-Pesa, Airtel Money, Visa, Mastercard, Mobile App",E-mobility Tariff: 21 KES per kWh (Off-Peak),Kenya Power (e-mobility),Kenya Power (e-mobility) Hub - Central Hub #66,Active
4.1,"Nissan Leaf, BYD Atto 3, Hyundai Kona, Tesla Model 3, VW ID.4",DC Fast (CCS2),"-1.20119, 36.71534",Kenya,Nairobi,6,07:00 AM - 09:00 PM,"M-Pesa, Airtel Money, Visa, Mastercard, Mobile App",50 KES - 70 KES per kWh,EVChaja,EVChaja Hub - Kilimani #59,Active
4.4,"Nissan Leaf, BYD Atto 3, Hyundai Kona, Tesla Model 3, VW ID.4",DC Fast (CCS2),"-0.41853, 36.09193",Kenya,Nakuru,3,06:00 AM - 10:00 PM,"M-Pesa, Airtel Money, Visa, Mastercard, Mobile App",50 KES - 70 KES per kWh,Rubis Energy,Rubis Energy Hub - Mai Mahiu #58,Active
4.6,"Nissan Leaf, BYD Atto 3, Hyundai Kona, BMW i3, Audi e-tron",AC Standard (Type 2),"-1.25229, 36.70061",Kenya,Nairobi,2,07:00 AM - 09:00 PM,"M-Pesa, Airtel Money, Visa, Mastercard, Mobile App",35 KES - 45 KES per kWh,EVChaja,EVChaja Hub - Kasarani #38,Active
4.5,"Nissan Leaf, BYD Atto 3, Hyundai Kona, BMW i3, Peugeot e-2008",DC Fast (CCS2) & AC Standard (Type 2),"-1.00888, 37.09006",Kenya,Kiambu,4,06:00 AM - 10:00 PM,"M-Pesa, Airtel Money, Visa, Mastercard, Mobile App",50 KES - 70 KES per kWh,Roam,Roam Hub - Kiambu Town #21,Active
4.4,"Nissan Leaf, BYD Atto 3, Hyundai Kona, BMW i3, Audi e-tron",AC Standard (Type 2),"-0.44887, 36.31019",Kenya,Naivasha (Nakuru),2,06:00 AM - 10:00 PM,"M-Pesa, Airtel Money, Visa, Mastercard, Mobile App",35 KES - 45 KES per kWh,ARC Ride,ARC Ride Hub - Naivasha Town #84,Active
4.3,"Nissan Leaf, BYD Atto 3, Hyundai Kona, BMW i3, Audi e-tron",AC Standard (Type 2),"-1.31523, 36.7964",Kenya,Nairobi,4,24/7,"M-Pesa, Airtel Money, Visa, Mastercard, Mobile App",35 KES - 45 KES per kWh,eBiashara,eBiashara Hub - Mombasa Road #72,Active
4.8,"Nissan Leaf, BYD Atto 3, Hyundai Kona, BMW i3, Audi e-tron",AC Standard (Type 2),"-1.23455, 37.40444",Kenya,Uasin Gishu,4,24/7,"M-Pesa, Airtel Money, Visa, Mastercard, Mobile App",35 KES - 45 KES per kWh,BasiGo,BasiGo Hub - Central Hub #24,Active
4.6,"BasiGo E-Buses, BYD K9, Chery eQ1",DC Fast (GB/T),"-1.0927, 36.84162",Kenya,Kiambu,3,24/7,"M-Pesa, Airtel Money, Visa, Mastercard, Mobile App",E-mobility Tariff: 35 KES per kWh,Kenya Power (e-mobility),Kenya Power (e-mobility) Hub - Thika #92,Under Maintenance
4.5,"Nissan Leaf, BYD Atto 3, Hyundai Kona, Tesla Model 3, VW ID.4",DC Fast (CCS2),"-3.97623, 39.63378",Kenya,Mombasa,3,24/7,"M-Pesa, Airtel Money, Visa, Mastercard, Mobile App",50 KES - 70 KES per kWh,TotalEnergies,TotalEnergies Hub - Changamwe #33,Active
4.8,"Roam Air, Spiro Commando, Ampersand E-moto, ARC Ride",Battery Swapping Cabinet,"-0.63005, 36.24093",Kenya,Machakos,20,07:00 AM - 09:00 PM,"M-Pesa, Airtel Money, Visa, Mastercard, Mobile App",Subscription / 180 KES per Swap,Rubis Energy,Rubis Energy Hub - Central Hub #65,Under Maintenance
4.0,"BasiGo E-Buses, BYD K9, Chery eQ1",DC Fast (GB/T),"-1.08021, 36.96354",Kenya,Kiambu,2,06:00 AM - 10:00 PM,"M-Pesa, Airtel Money, Visa, Mastercard, Mobile App",50 KES - 70 KES per kWh,Drive Electric Kenya,Drive Electric Kenya Hub - Kikuyu #19,Under Maintenance
4.5,"Roam Air, Spiro Commando, Ampersand E-moto, ARC Ride",Battery Swapping Cabinet,"-1.21327, 36.93074",Kenya,Nairobi,27,24/7,"M-Pesa, Airtel Money, Visa, Mastercard, Mobile App",Subscription / 180 KES per Swap,Spiro Kenya,Spiro Kenya Hub - South C #37,Active
4.9,"Nissan Leaf, BYD Atto 3, Hyundai Kona, BMW i3, Audi e-tron",AC Standard (Type 2),"-0.05163, 34.71562",Kenya,Kisumu,4,24/7,"M-Pesa, Airtel Money, Visa, Mastercard, Mobile App",35 KES - 45 KES per kWh,EVChaja,EVChaja Hub - Milimani #94,Active
4.3,"Roam Air, Spiro Commando, Ampersand E-moto, ARC Ride",Battery Swapping Cabinet,"-1.3047, 36.81506",Kenya,Nairobi,27,06:00 AM - 10:00 PM,"M-Pesa, Airtel Money, Visa, Mastercard, Mobile App",Subscription / 180 KES per Swap,Roam,Roam Hub - Mombasa Road #71,Active
4.6,"Nissan Leaf, BYD Atto 3, Hyundai Kona, BMW i3, Peugeot e-2008",DC Fast (CCS2) & AC Standard (Type 2),"-0.36429, 36.08832",Kenya,Nakuru,2,06:00 AM - 10:00 PM,"M-Pesa, Airtel Money, Visa, Mastercard, Mobile App",50 KES - 70 KES per kWh,eBiashara,eBiashara Hub - Nakuru CBD #43,Active
4.7,"Roam Air, Spiro Commando, Ampersand E-moto, ARC Ride",Battery Swapping Cabinet,"-1.2275, 36.80824",Kenya,Nairobi,16,24/7,"M-Pesa, Airtel Money, Visa, Mastercard, Mobile App",Subscription / 180 KES per Swap,Roam,Roam Hub - Parklands #78,Active
4.3,"Roam Air, Spiro Commando, Ampersand E-moto, ARC Ride",Battery Swapping Cabinet,"-1.22214, 36.89932",Kenya,Nairobi,20,24/7,"M-Pesa, Airtel Money, Visa, Mastercard, Mobile App",E-mobility Tariff: 21 KES per kWh (Off-Peak),Kenya Power (e-mobility),Kenya Power (e-mobility) Hub - Runda #28,Active
4.6,"Nissan Leaf, BYD Atto 3, Hyundai Kona, BMW i3, Audi e-tron",AC Standard (Type 2),"-1.34808, 36.85317",Kenya,Nairobi,3,07:00 AM - 09:00 PM,"M-Pesa, Airtel Money, Visa, Mastercard, Mobile App",35 KES - 45 KES per kWh,TotalEnergies,TotalEnergies Hub - Karen #73,Active
4.8,"Roam Air, Spiro Commando, Ampersand E-moto, ARC Ride",Battery Swapping Cabinet,"-1.21263, 36.8639",Kenya,Nairobi,26,07:00 AM - 09:00 PM,"M-Pesa, Airtel Money, Visa, Mastercard, Mobile App",E-mobility Tariff: 21 KES per kWh (Off-Peak),Kenya Power (e-mobility),Kenya Power (e-mobility) Hub - Runda #46,Active
4.8,"Nissan Leaf, BYD Atto 3, Hyundai Kona, BMW i3, Peugeot e-2008",DC Fast (CCS2) & AC Standard (Type 2),"-0.62819, 36.77408",Kenya,Kajiado,4,06:00 AM - 10:00 PM,"M-Pesa, Airtel Money, Visa, Mastercard, Mobile App",50 KES - 70 KES per kWh,Rubis Energy,Rubis Energy Hub - Central Hub #23,Active
4.1,"Nissan Leaf, BYD Atto 3, Hyundai Kona, BMW i3, Audi e-tron",AC Standard (Type 2),"-0.47702, 36.37484",Kenya,Naivasha (Nakuru),4,06:00 AM - 10:00 PM,"M-Pesa, Airtel Money, Visa, Mastercard, Mobile App",35 KES - 45 KES per kWh,Rubis Energy,Rubis Energy Hub - Milimani #57,Under Maintenance
4.2,"Nissan Leaf, BYD Atto 3, Hyundai Kona, Tesla Model 3, VW ID.4",DC Fast (CCS2),"-4.03152, 39.63943",Kenya,Mombasa,3,07:00 AM - 09:00 PM,"M-Pesa, Airtel Money, Visa, Mastercard, Mobile App",50 KES - 70 KES per kWh,BasiGo,BasiGo Hub - Likoni #25,Active
4.3,"Nissan Leaf, BYD Atto 3, Hyundai Kona, BMW i3, Peugeot e-2008",DC Fast (CCS2) & AC Standard (Type 2),"-0.10158, 34.76237",Kenya,Kisumu,4,07:00 AM - 09:00 PM,"M-Pesa, Airtel Money, Visa, Mastercard, Mobile App",E-mobility Tariff: 35 KES per kWh,Kenya Power (e-mobility),Kenya Power (e-mobility) Hub - Kondele #52,Active
4.6,"Nissan Leaf, BYD Atto 3, Hyundai Kona, BMW i3, Audi e-tron",AC Standard (Type 2),"-1.20636, 36.92486",Kenya,Nairobi,2,24/7,"M-Pesa, Airtel Money, Visa, Mastercard, Mobile App",35 KES - 45 KES per kWh,EVChaja,EVChaja Hub - Karen #53,Active
4.6,"Nissan Leaf, BYD Atto 3, Hyundai Kona, BMW i3, Audi e-tron",AC Standard (Type 2),"-1.11856, 37.08926",Kenya,Kiambu,2,24/7,"M-Pesa, Airtel Money, Visa, Mastercard, Mobile App",35 KES - 45 KES per kWh,TotalEnergies,TotalEnergies Hub - Kikuyu #43,Under Maintenance
4.7,"BasiGo E-Buses, BYD K9, Chery eQ1",DC Fast (GB/T),"-0.75261, 36.59675",Kenya,Uasin Gishu,5,06:00 AM - 10:00 PM,"M-Pesa, Airtel Money, Visa, Mastercard, Mobile App",50 KES - 70 KES per kWh,eBiashara,eBiashara Hub - Central Hub #23,Active
4.8,"BasiGo E-Buses, BYD K9, Chery eQ1",DC Fast (GB/T),"-0.25484, 36.38484",Kenya,Naivasha (Nakuru),2,06:00 AM - 10:00 PM,"M-Pesa, Airtel Money, Visa, Mastercard, Mobile App",50 KES - 70 KES per kWh,EVChaja,EVChaja Hub - Nakuru CBD #57,Active
4.0,"Nissan Leaf, BYD Atto 3, Hyundai Kona, BMW i3, Audi e-tron",AC Standard (Type 2),"-0.80209, 36.06403",Kenya,Kajiado,4,24/7,"M-Pesa, Airtel Money, Visa, Mastercard, Mobile App",35 KES - 45 KES per kWh,eBiashara,eBiashara Hub - Central Hub #62,Active
4.3,"Roam Air, Spiro Commando, Ampersand E-moto, ARC Ride",Battery Swapping Cabinet,"-0.45208, 36.1535",Kenya,Naivasha (Nakuru),19,07:00 AM - 09:00 PM,"M-Pesa, Airtel Money, Visa, Mastercard, Mobile App",Subscription / 180 KES per Swap,Ampersand Kenya,Ampersand Kenya Hub - Nakuru CBD #90,Active
4.7,"Nissan Leaf, BYD Atto 3, Hyundai Kona, BMW i3, Audi e-tron",AC Standard (Type 2),"-4.06099, 39.7015",Kenya,Mombasa,2,07:00 AM - 09:00 PM,"M-Pesa, Airtel Money, Visa, Mastercard, Mobile App",35 KES - 45 KES per kWh,EVChaja,EVChaja Hub - Mombasa Island #93,Active
4.1,"Roam Air, Spiro Commando, Ampersand E-moto, ARC Ride",Battery Swapping Cabinet,"-4.01294, 39.69244",Kenya,Mombasa,21,07:00 AM - 09:00 PM,"M-Pesa, Airtel Money, Visa, Mastercard, Mobile App",Subscription / 180 KES per Swap,ARC Ride,ARC Ride Hub - Changamwe #37,Active
4.4,"Roam Air, Spiro Commando, Ampersand E-moto, ARC Ride",Battery Swapping Cabinet,"-3.974, 39.72073",Kenya,Mombasa,17,07:00 AM - 09:00 PM,"M-Pesa, Airtel Money, Visa, Mastercard, Mobile App",Subscription / 180 KES per Swap,Ampersand Kenya,Ampersand Kenya Hub - Changamwe #33,Under Maintenance
4.9,"Nissan Leaf, BYD Atto 3, Hyundai Kona, Tesla Model 3, VW ID.4",DC Fast (CCS2),"-1.20009, 36.76224",Kenya,Nairobi,4,24/7,"M-Pesa, Airtel Money, Visa, Mastercard, Mobile App",50 KES - 70 KES per kWh,BasiGo,BasiGo Hub - Kasarani #92,Active
4.2,"Roam Air, Spiro Commando, Ampersand E-moto, ARC Ride",Battery Swapping Cabinet,"-1.12908, 35.10205",Kenya,Machakos,15,24/7,"M-Pesa, Airtel Money, Visa, Mastercard, Mobile App",Subscription / 180 KES per Swap,TotalEnergies,TotalEnergies Hub - Central Hub #91,Active
4.7,"Nissan Leaf, BYD Atto 3, Hyundai Kona, Tesla Model 3, VW ID.4",DC Fast (CCS2),"-0.29203, 36.16689",Kenya,Naivasha (Nakuru),3,07:00 AM - 09:00 PM,"M-Pesa, Airtel Money, Visa, Mastercard, Mobile App",50 KES - 70 KES per kWh,Drive Electric Kenya,Drive Electric Kenya Hub - Milimani #29,Under Maintenance
4.6,"Nissan Leaf, BYD Atto 3, Hyundai Kona, BMW i3, Audi e-tron",AC Standard (Type 2),"-1.45298, 36.89612",Kenya,Machakos,2,07:00 AM - 09:00 PM,"M-Pesa, Airtel Money, Visa, Mastercard, Mobile App",35 KES - 45 KES per kWh,Spiro Kenya,Spiro Kenya Hub - Central Hub #28,Active
4.9,"Roam Air, Spiro Commando, Ampersand E-moto, ARC Ride",Battery Swapping Cabinet,"-1.32519, 36.78242",Kenya,Nairobi,23,06:00 AM - 10:00 PM,"M-Pesa, Airtel Money, Visa, Mastercard, Mobile App",Subscription / 180 KES per Swap,TotalEnergies,TotalEnergies Hub - CBD #33,Active
4.5,"Nissan Leaf, BYD Atto 3, Hyundai Kona, BMW i3, Audi e-tron",AC Standard (Type 2),"-0.09492, 34.75003",Kenya,Kisumu,4,24/7,"M-Pesa, Airtel Money, Visa, Mastercard, Mobile App",35 KES - 45 KES per kWh,Drive Electric Kenya,Drive Electric Kenya Hub - Kondele #48,Active
4.3,"Nissan Leaf, BYD Atto 3, Hyundai Kona, BMW i3, Peugeot e-2008",DC Fast (CCS2) & AC Standard (Type 2),"-1.3809, 36.04036",Kenya,Kajiado,3,06:00 AM - 10:00 PM,"M-Pesa, Airtel Money, Visa, Mastercard, Mobile App",50 KES - 70 KES per kWh,EVChaja,EVChaja Hub - Central Hub #61,Under Maintenance
4.3,"Nissan Leaf, BYD Atto 3, Hyundai Kona, Tesla Model 3, VW ID.4",DC Fast (CCS2),"-1.12547, 36.80805",Kenya,Kiambu,2,07:00 AM - 09:00 PM,"M-Pesa, Airtel Money, Visa, Mastercard, Mobile App",E-mobility Tariff: 35 KES per kWh,Kenya Power (e-mobility),Kenya Power (e-mobility) Hub - Ruiru #99,Active
4.3,"BasiGo E-Buses, BYD K9, Chery eQ1",DC Fast (GB/T),"-0.35632, 36.114",Kenya,Naivasha (Nakuru),2,24/7,"M-Pesa, Airtel Money, Visa, Mastercard, Mobile App",50 KES - 70 KES per kWh,Roam,Roam Hub - Mai Mahiu #98,Under Maintenance
4.3,"Nissan Leaf, BYD Atto 3, Hyundai Kona, BMW i3, Audi e-tron",AC Standard (Type 2),"-1.09808, 35.79691",Kenya,Kajiado,2,24/7,"M-Pesa, Airtel Money, Visa, Mastercard, Mobile App",35 KES - 45 KES per kWh,Ampersand Kenya,Ampersand Kenya Hub - Central Hub #75,Active
4.1,"Nissan Leaf, BYD Atto 3, Hyundai Kona, BMW i3, Peugeot e-2008",DC Fast (CCS2) & AC Standard (Type 2),"-0.10706, 34.71555",Kenya,Kisumu,4,06:00 AM - 10:00 PM,"M-Pesa, Airtel Money, Visa, Mastercard, Mobile App",50 KES - 70 KES per kWh,Roam,Roam Hub - Kondele #96,Active
4.8,"Nissan Leaf, BYD Atto 3, Hyundai Kona, Tesla Model 3, VW ID.4",DC Fast (CCS2),"-1.32243, 36.77905",Kenya,Nairobi,5,07:00 AM - 09:00 PM,"M-Pesa, Airtel Money, Visa, Mastercard, Mobile App",50 KES - 70 KES per kWh,Roam,Roam Hub - Mombasa Road #60,Under Maintenance
4.4,"BasiGo E-Buses, BYD K9, Chery eQ1",DC Fast (GB/T),"-1.24536, 36.76167",Kenya,Nairobi,4,07:00 AM - 09:00 PM,"M-Pesa, Airtel Money, Visa, Mastercard, Mobile App",50 KES - 70 KES per kWh,BasiGo,BasiGo Hub - Lavington #36,Active
4.7,"Nissan Leaf, BYD Atto 3, Hyundai Kona, BMW i3, Audi e-tron",AC Standard (Type 2),"-0.93154, 35.81137",Kenya,Uasin Gishu,3,24/7,"M-Pesa, Airtel Money, Visa, Mastercard, Mobile App",35 KES - 45 KES per kWh,Spiro Kenya,Spiro Kenya Hub - Central Hub #21,Active
4.7,"Nissan Leaf, BYD Atto 3, Hyundai Kona, BMW i3, Audi e-tron",AC Standard (Type 2),"-0.74885, 35.26605",Kenya,Machakos,2,24/7,"M-Pesa, Airtel Money, Visa, Mastercard, Mobile App",35 KES - 45 KES per kWh,ARC Ride,ARC Ride Hub - Central Hub #61,Active
4.3,"Roam Air, Spiro Commando, Ampersand E-moto, ARC Ride",Battery Swapping Cabinet,"-1.29206, 36.73068",Kenya,Nairobi,26,24/7,"M-Pesa, Airtel Money, Visa, Mastercard, Mobile App",Subscription / 180 KES per Swap,Ampersand Kenya,Ampersand Kenya Hub - Parklands #40,Active
4.5,"Nissan Leaf, BYD Atto 3, Hyundai Kona, BMW i3, Audi e-tron",AC Standard (Type 2),"-1.29324, 36.90533",Kenya,Nairobi,2,07:00 AM - 09:00 PM,"M-Pesa, Airtel Money, Visa, Mastercard, Mobile App",E-mobility Tariff: 21 KES per kWh (Off-Peak),Kenya Power (e-mobility),Kenya Power (e-mobility) Hub - Hurlingham #69,Active
4.2,"Roam Air, Spiro Commando, Ampersand E-moto, ARC Ride",Battery Swapping Cabinet,"-4.01371, 39.72271",Kenya,Mombasa,21,24/7,"M-Pesa, Airtel Money, Visa, Mastercard, Mobile App",Subscription / 180 KES per Swap,Roam,Roam Hub - Nyali #81,Under Maintenance
4.5,"BYD Atto 3, BYD Tang, Hyundai Ioniq 5, Tesla Model 3/Y, Audi e-tron",AC Standard (Type 2),"-1.9656, 30.4264",Rwanda,Eastern Province (Rwamagana),2,24/7,"Mobile Money (MTN, Airtel), Visa, Mastercard, App Wallet",480 RWF per kWh,Kabisa,Kabisa Supercharger Kanombe,Operational
4.7,"BYD Atto 3, BYD Tang, Hyundai Ioniq 5, Tesla Model 3/Y, Audi e-tron",Combined DC Fast & AC Standard,"-1.98228, 30.11741",Rwanda,Kigali (Kicukiro),3,07:00 - 21:00,"Mobile Money (MTN, Airtel), Visa, Mastercard, App Wallet",500 RWF per kWh,Kabisa,Kabisa CBD Plaza Hub,Operational
4.7,"BYD K6 Electric Buses, Custom Commercial Fleet Vehicles",DC Fast Charger (GB/T),"-1.93565, 30.0849",Rwanda,Kigali (Gasabo),6,07:00 - 21:00,"Mobile Money (MTN), BasiGo Fleet Card",500 RWF per kWh,BasiGo,BasiGo Randex Showroom Hub,Operational
4.2,"Ampersand E-Motos, Spiro Commando, Electric Motorbikes",Battery Swapping (DC),"-1.92551, 30.09065",Rwanda,Kigali (Gasabo),17,06:00 - 22:00,"Mobile Money (MTN, Airtel), Operator App",350 RWF per swap (Subscription plans available),Spiro,Spiro Kigali DownTown Swap,Operational
4.1,"BYD K6 Electric Buses, Custom Commercial Fleet Vehicles",DC Fast Charger (GB/T),"-1.94063, 30.4329",Rwanda,Eastern Province (Rwamagana),3,24/7,"Mobile Money (MTN), BasiGo Fleet Card",500 RWF per kWh,BasiGo,BasiGo Ndera Depot Charger,Operational
3.8,"VW e-Golf, VW ID.3, VW ID.4 (Corporate Fleet Only)",DC Fast (CCS2) & AC Standard (Type 2),"-1.70953, 29.24089",Rwanda,Western Province (Rubavu),2,06:00 - 22:00,"Corporate Account, VW RFID Card",Restricted / Corporate Contract Rates,Volkswagen (Gura Ride),Volkswagen (Gura Ride) Convention Center Fleet Hub,Under Maintenance
4.5,"Ampersand E-Motos, Spiro Commando, Electric Motorbikes",Battery Swapping (DC),"-2.60367, 29.75094",Rwanda,Southern Province (Huye),19,24/7,"Mobile Money (MTN, Airtel), Operator App",350 RWF per swap (Subscription plans available),Spiro,Spiro Kanombe Airport Road Swap,Operational
4.4,"BYD Atto 3, BYD Tang, Hyundai Ioniq 5, Tesla Model 3/Y, Audi e-tron","DC Fast Charger (CCS2, GB/T)","-2.61172, 29.75568",Rwanda,Southern Province (Huye),7,24/7,"Mobile Money (MTN, Airtel), Visa, Mastercard, App Wallet",450 RWF per kWh,EVPlugin (EvP),EVPlugin (EvP) Kiyovu ParkInn Hub,Operational
4.1,"BYD Atto 3, BYD Tang, Hyundai Ioniq 5, Tesla Model 3/Y, Audi e-tron",Combined DC Fast & AC Standard,"-1.94162, 30.44102",Rwanda,Eastern Province (Rwamagana),2,07:00 - 21:00,"Mobile Money (MTN, Airtel), Visa, Mastercard, App Wallet",450 RWF per kWh,EVPlugin (EvP),EVPlugin (EvP) Gishushu Fast Charger,Operational
4.1,"BYD Atto 3, BYD Tang, Hyundai Ioniq 5, Tesla Model 3/Y, Audi e-tron","DC Fast Charger (CCS2, GB/T)","-1.94115, 30.06128",Rwanda,Kigali (Nyarugenge),2,24/7,"Mobile Money (MTN, Airtel), Visa, Mastercard, App Wallet",450 RWF per kWh,EVPlugin (EvP),EVPlugin (EvP) Kicukiro Centre Station,Operational
4.2,"Ampersand E-Motos, Spiro Commando, Electric Motorbikes",Battery Swapping (DC),"-1.95844, 30.07451",Rwanda,Kigali (Nyarugenge),22,06:00 - 22:00,"Mobile Money (MTN, Airtel), Operator App",350 RWF per swap (Subscription plans available),Spiro,Spiro Nyamirambo Community Hub,Operational
4.4,"BYD Atto 3, BYD Tang, Hyundai Ioniq 5, Tesla Model 3/Y, Audi e-tron",AC Standard (Type 2),"-2.58938, 29.74709",Rwanda,Southern Province (Huye),7,06:00 - 22:00,"Mobile Money (MTN, Airtel), Visa, Mastercard, App Wallet",500 RWF per kWh,EVPlugin (EvP),EVPlugin (EvP) Kigali Convention Hub,Operational
4.8,"Ampersand E-Motos, Spiro Commando, Electric Motorbikes",Battery Swapping (DC),"-2.06853, 29.75302",Rwanda,Southern Province (Muhanga),30,24/7,"Mobile Money (MTN, Airtel), Operator App",350 RWF per swap (Subscription plans available),Spiro,Spiro Gikondo Hub,Operational
3.6,"BYD K6 Electric Buses, Custom Commercial Fleet Vehicles",DC Fast Charger (GB/T),"-1.93668, 30.07005",Rwanda,Kigali (Nyarugenge),3,06:00 - 22:00,"Mobile Money (MTN), BasiGo Fleet Card",500 RWF per kWh,BasiGo,BasiGo Muhanga Corridor Station,Under Maintenance
4.8,"BYD Atto 3, BYD Tang, Hyundai Ioniq 5, Tesla Model 3/Y, Audi e-tron","DC Fast Charger (CCS2, GB/T)","-1.95291, 30.09337",Rwanda,Kigali (Gasabo),2,24/7,"Mobile Money (MTN, Airtel), Visa, Mastercard, App Wallet",480 RWF per kWh,Kabisa,Kabisa Nyarutarama Sports Club,Operational
4.0,"BYD Atto 3, BYD Tang, Hyundai Ioniq 5, Tesla Model 3/Y, Audi e-tron","DC Fast Charger (CCS2, GB/T)","-1.9664, 30.04353",Rwanda,Kigali (Nyarugenge),2,24/7,"Mobile Money (MTN, Airtel), Visa, Mastercard, App Wallet",480 RWF per kWh,Kabisa,Kabisa Kimihurura Heights,Operational
4.9,"BYD K6 Electric Buses, Custom Commercial Fleet Vehicles",DC Fast Charger (GB/T),"-2.17891, 29.34239",Rwanda,Western Province (Karongi),6,07:00 - 21:00,"Mobile Money (MTN), BasiGo Fleet Card",500 RWF per kWh,BasiGo,BasiGo Rwamagana Transit Hub,Operational
4.5,"VW e-Golf, VW ID.3, VW ID.4 (Corporate Fleet Only)",DC Fast (CCS2) & AC Standard (Type 2),"-1.95866, 30.44906",Rwanda,Eastern Province (Rwamagana),2,24/7,"Corporate Account, VW RFID Card",Restricted / Corporate Contract Rates,Volkswagen (Gura Ride),Volkswagen (Gura Ride) Nyarutarama Corporate Station,Operational
4.8,"Ampersand E-Motos, Spiro Commando, Electric Motorbikes",Battery Swapping (DC),"-1.96382, 30.12811",Rwanda,Kigali (Kicukiro),26,24/7,"Mobile Money (MTN, Airtel), Operator App",350 RWF per swap (Subscription plans available),Spiro,Spiro Kimihurura Swap Point,Operational
4.2,"Ampersand E-Motos, Spiro Commando, Electric Motorbikes",Battery Swapping (DC),"-1.95221, 30.09201",Rwanda,Kigali (Gasabo),19,06:00 - 22:00,"Mobile Money (MTN, Airtel), Operator App",350 RWF per swap (Subscription plans available),Ampersand,Ampersand Gishushu Swap Hub,Operational
4.8,"VW e-Golf, VW ID.3, VW ID.4 (Corporate Fleet Only)",DC Fast (CCS2) & AC Standard (Type 2),"-2.5963, 29.72477",Rwanda,Southern Province (Huye),2,07:00 - 21:00,"Corporate Account, VW RFID Card",Restricted / Corporate Contract Rates,Volkswagen (Gura Ride),Volkswagen (Gura Ride) Kigali Innovation City Hub,Operational
4.5,"Ampersand E-Motos, Spiro Commando, Electric Motorbikes",Battery Swapping (DC),"-1.49965, 29.63829",Rwanda,Northern Province (Musanze),20,24/7,"Mobile Money (MTN, Airtel), Operator App",350 RWF per swap (Subscription plans available),Ampersand,Ampersand Nyarugenge Market Swap,Operational
3.9,"Ampersand E-Motos, Spiro Commando, Electric Motorbikes",Battery Swapping (DC),"-1.96982, 30.06237",Rwanda,Kigali (Nyarugenge),27,07:00 - 21:00,"Mobile Money (MTN, Airtel), Operator App",350 RWF per swap (Subscription plans available),Spiro,Spiro Gisozi Craft Market Swap,Under Maintenance
3.4,"VW e-Golf, VW ID.3, VW ID.4 (Corporate Fleet Only)",DC Fast (CCS2) & AC Standard (Type 2),"-1.49788, 29.62564",Rwanda,Northern Province (Musanze),2,06:00 - 22:00,"Corporate Account, VW RFID Card",Restricted / Corporate Contract Rates,Volkswagen (Gura Ride),Volkswagen (Gura Ride) Smart Charge #24,Under Maintenance
4.3,"Ampersand E-Motos, Spiro Commando, Electric Motorbikes",Battery Swapping (DC),"-1.93657, 30.07231",Rwanda,Kigali (Nyarugenge),18,24/7,"Mobile Money (MTN, Airtel), Operator App",350 RWF per swap (Subscription plans available),Spiro,Spiro Main Hub #25,Operational
4.6,"Ampersand E-Motos, Spiro Commando, Electric Motorbikes",Battery Swapping (DC),"-1.92924, 30.09795",Rwanda,Kigali (Gasabo),11,24/7,"Mobile Money (MTN, Airtel), Operator App",350 RWF per swap (Subscription plans available),Spiro,Spiro Main Hub #26,Operational
3.4,"VW e-Golf, VW ID.3, VW ID.4 (Corporate Fleet Only)",DC Fast (CCS2) & AC Standard (Type 2),"-1.94615, 30.07534",Rwanda,Kigali (Gasabo),2,24/7,"Corporate Account, VW RFID Card",Restricted / Corporate Contract Rates,Volkswagen (Gura Ride),Volkswagen (Gura Ride) Express Point #27,Under Maintenance
3.2,"BYD Atto 3, BYD Tang, Hyundai Ioniq 5, Tesla Model 3/Y, Audi e-tron",AC Standard (Type 2),"-1.48609, 29.628",Rwanda,Northern Province (Musanze),2,07:00 - 21:00,"Mobile Money (MTN, Airtel), Visa, Mastercard, App Wallet",480 RWF per kWh,EVPlugin (EvP),EVPlugin (EvP) Nyabugogo Bus Terminal,Under Maintenance
4.3,"Ampersand E-Motos, Spiro Commando, Electric Motorbikes",Battery Swapping (DC),"-1.98207, 30.12746",Rwanda,Kigali (Kicukiro),12,24/7,"Mobile Money (MTN, Airtel), Operator App",350 RWF per swap (Subscription plans available),Spiro,Spiro Regional Hub #29,Operational
4.4,"BYD K6 Electric Buses, Custom Commercial Fleet Vehicles",DC Fast Charger (GB/T),"-1.69183, 29.26145",Rwanda,Western Province (Rubavu),6,07:00 - 21:00,"Mobile Money (MTN), BasiGo Fleet Card",500 RWF per kWh,BasiGo,BasiGo Huye Highway Station,Operational
4.8,"VW e-Golf, VW ID.3, VW ID.4 (Corporate Fleet Only)",DC Fast (CCS2) & AC Standard (Type 2),"-1.9562, 30.10059",Rwanda,Kigali (Kicukiro),2,24/7,"Corporate Account, VW RFID Card",Restricted / Corporate Contract Rates,Volkswagen (Gura Ride),Volkswagen (Gura Ride) Main Hub #31,Operational
3.0,"BYD K6 Electric Buses, Custom Commercial Fleet Vehicles",DC Fast Charger (GB/T),"-2.08338, 29.73548",Rwanda,Southern Province (Muhanga),5,24/7,"Mobile Money (MTN), BasiGo Fleet Card",500 RWF per kWh,BasiGo,BasiGo Musanze Gateway Station,Under Maintenance
4.3,"BYD K6 Electric Buses, Custom Commercial Fleet Vehicles",DC Fast Charger (GB/T),"-1.94665, 30.43445",Rwanda,Eastern Province (Rwamagana),6,24/7,"Mobile Money (MTN), BasiGo Fleet Card",500 RWF per kWh,BasiGo,BasiGo Eco Charge #33,Operational
3.1,"BYD K6 Electric Buses, Custom Commercial Fleet Vehicles",DC Fast Charger (GB/T),"-1.95046, 30.44848",Rwanda,Eastern Province (Rwamagana),2,06:00 - 22:00,"Mobile Money (MTN), BasiGo Fleet Card",500 RWF per kWh,BasiGo,BasiGo Eco Charge #34,Under Maintenance
4.5,"BYD K6 Electric Buses, Custom Commercial Fleet Vehicles",DC Fast Charger (GB/T),"-2.60655, 29.72842",Rwanda,Southern Province (Huye),6,24/7,"Mobile Money (MTN), BasiGo Fleet Card",500 RWF per kWh,BasiGo,BasiGo Fast Link #35,Operational
4.1,"Ampersand E-Motos, Spiro Commando, Electric Motorbikes",Battery Swapping (DC),"-1.9306, 30.07182",Rwanda,Kigali (Nyarugenge),30,06:00 - 22:00,"Mobile Money (MTN, Airtel), Operator App",350 RWF per swap (Subscription plans available),Spiro,Spiro Regional Hub #36,Operational
4.6,"BYD K6 Electric Buses, Custom Commercial Fleet Vehicles",DC Fast Charger (GB/T),"-2.58428, 29.74804",Rwanda,Southern Province (Huye),3,07:00 - 21:00,"Mobile Money (MTN), BasiGo Fleet Card",500 RWF per kWh,BasiGo,BasiGo Transit Station #37,Operational
4.5,"BYD Atto 3, BYD Tang, Hyundai Ioniq 5, Tesla Model 3/Y, Audi e-tron","DC Fast Charger (CCS2, GB/T)","-1.93518, 30.0422",Rwanda,Kigali (Nyarugenge),2,07:00 - 21:00,"Mobile Money (MTN, Airtel), Visa, Mastercard, App Wallet",450 RWF per kWh,Kabisa,Kabisa Gikondo Industrial,Operational
4.5,"VW e-Golf, VW ID.3, VW ID.4 (Corporate Fleet Only)",DC Fast (CCS2) & AC Standard (Type 2),"-1.48815, 29.62923",Rwanda,Northern Province (Musanze),3,07:00 - 21:00,"Corporate Account, VW RFID Card",Restricted / Corporate Contract Rates,Volkswagen (Gura Ride),Volkswagen (Gura Ride) Eco Charge #39,Operational
4.6,"Ampersand E-Motos, Spiro Commando, Electric Motorbikes",Battery Swapping (DC),"-1.93624, 30.05036",Rwanda,Kigali (Nyarugenge),24,06:00 - 22:00,"Mobile Money (MTN, Airtel), Operator App",350 RWF per swap (Subscription plans available),Spiro,Spiro Express Point #40,Operational
4.7,"BYD K6 Electric Buses, Custom Commercial Fleet Vehicles",DC Fast Charger (GB/T),"-1.94158, 30.09142",Rwanda,Kigali (Gasabo),5,07:00 - 21:00,"Mobile Money (MTN), BasiGo Fleet Card",500 RWF per kWh,BasiGo,BasiGo Express Point #41,Operational
4.3,"BYD Atto 3, BYD Tang, Hyundai Ioniq 5, Tesla Model 3/Y, Audi e-tron","DC Fast Charger (CCS2, GB/T)","-1.9355, 30.04898",Rwanda,Kigali (Nyarugenge),8,24/7,"Mobile Money (MTN, Airtel), Visa, Mastercard, App Wallet",500 RWF per kWh,EVPlugin (EvP),EVPlugin (EvP) Kimironko Market Plaza,Operational
3.1,"BYD Atto 3, BYD Tang, Hyundai Ioniq 5, Tesla Model 3/Y, Audi e-tron","DC Fast Charger (CCS2, GB/T)","-2.60059, 29.73301",Rwanda,Southern Province (Huye),6,24/7,"Mobile Money (MTN, Airtel), Visa, Mastercard, App Wallet",450 RWF per kWh,Kabisa,Kabisa Kigali Heights AC,Under Maintenance
4.3,"BYD Atto 3, BYD Tang, Hyundai Ioniq 5, Tesla Model 3/Y, Audi e-tron",Combined DC Fast & AC Standard,"-2.60736, 29.72896",Rwanda,Southern Province (Huye),6,06:00 - 22:00,"Mobile Money (MTN, Airtel), Visa, Mastercard, App Wallet",450 RWF per kWh,Kabisa,Kabisa Remera Transit Point,Operational
3.4,"BYD Atto 3, BYD Tang, Hyundai Ioniq 5, Tesla Model 3/Y, Audi e-tron",AC Standard (Type 2),"-1.50716, 29.63517",Rwanda,Northern Province (Musanze),3,06:00 - 22:00,"Mobile Money (MTN, Airtel), Visa, Mastercard, App Wallet",500 RWF per kWh,Kabisa,Kabisa Kacyiru Gov Hub,Under Maintenance
4.4,"VW e-Golf, VW ID.3, VW ID.4 (Corporate Fleet Only)",DC Fast (CCS2) & AC Standard (Type 2),"-1.91502, 30.10537",Rwanda,Kigali (Gasabo),2,24/7,"Corporate Account, VW RFID Card",Restricted / Corporate Contract Rates,Volkswagen (Gura Ride),Volkswagen (Gura Ride) Express Point #46,Operational
4.8,"BYD K6 Electric Buses, Custom Commercial Fleet Vehicles",DC Fast Charger (GB/T),"-1.70895, 29.2618",Rwanda,Western Province (Rubavu),4,06:00 - 22:00,"Mobile Money (MTN), BasiGo Fleet Card",500 RWF per kWh,BasiGo,BasiGo Fast Link #47,Operational
3.4,"Ampersand E-Motos, Spiro Commando, Electric Motorbikes",Battery Swapping (DC),"-1.92694, 30.10604",Rwanda,Kigali (Gasabo),22,24/7,"Mobile Money (MTN, Airtel), Operator App",350 RWF per swap (Subscription plans available),Ampersand,Ampersand Remera Moto Central,Under Maintenance
3.9,"BYD Atto 3, BYD Tang, Hyundai Ioniq 5, Tesla Model 3/Y, Audi e-tron",AC Standard (Type 2),"-1.95228, 30.11258",Rwanda,Kigali (Kicukiro),4,06:00 - 22:00,"Mobile Money (MTN, Airtel), Visa, Mastercard, App Wallet",450 RWF per kWh,Kabisa,Kabisa Eco Charge #49,Under Maintenance
4.9,"BYD K6 Electric Buses, Custom Commercial Fleet Vehicles",DC Fast Charger (GB/T),"-2.06989, 29.74705",Rwanda,Southern Province (Muhanga),3,24/7,"Mobile Money (MTN), BasiGo Fleet Card",500 RWF per kWh,BasiGo,BasiGo Community Charger #50,Operational
4.6,"BYD K6 Electric Buses, Custom Commercial Fleet Vehicles",DC Fast Charger (GB/T),"-2.17541, 29.33489",Rwanda,Western Province (Karongi),5,24/7,"Mobile Money (MTN), BasiGo Fleet Card",500 RWF per kWh,BasiGo,BasiGo Community Charger #51,Operational
3.5,"VW e-Golf, VW ID.3, VW ID.4 (Corporate Fleet Only)",DC Fast (CCS2) & AC Standard (Type 2),"-2.09901, 29.7529",Rwanda,Southern Province (Muhanga),4,07:00 - 21:00,"Corporate Account, VW RFID Card",Restricted / Corporate Contract Rates,Volkswagen (Gura Ride),Volkswagen (Gura Ride) Smart Charge #52,Under Maintenance
4.0,"BYD Atto 3, BYD Tang, Hyundai Ioniq 5, Tesla Model 3/Y, Audi e-tron","DC Fast Charger (CCS2, GB/T)","-2.14389, 29.35224",Rwanda,Western Province (Karongi),5,06:00 - 22:00,"Mobile Money (MTN, Airtel), Visa, Mastercard, App Wallet",480 RWF per kWh,EVPlugin (EvP),EVPlugin (EvP) Rebero Eco-Station,Under Maintenance
4.4,"BYD Atto 3, BYD Tang, Hyundai Ioniq 5, Tesla Model 3/Y, Audi e-tron",Combined DC Fast & AC Standard,"-1.96774, 30.10332",Rwanda,Kigali (Kicukiro),4,24/7,"Mobile Money (MTN, Airtel), Visa, Mastercard, App Wallet",500 RWF per kWh,Kabisa,Kabisa Transit Station #54,Operational
3.8,"BYD K6 Electric Buses, Custom Commercial Fleet Vehicles",DC Fast Charger (GB/T),"-2.16278, 29.33068",Rwanda,Western Province (Karongi),2,06:00 - 22:00,"Mobile Money (MTN), BasiGo Fleet Card",500 RWF per kWh,BasiGo,BasiGo Fast Link #55,Under Maintenance
4.4,"VW e-Golf, VW ID.3, VW ID.4 (Corporate Fleet Only)",DC Fast (CCS2) & AC Standard (Type 2),"-1.68523, 29.26859",Rwanda,Western Province (Rubavu),3,06:00 - 22:00,"Corporate Account, VW RFID Card",Restricted / Corporate Contract Rates,Volkswagen (Gura Ride),Volkswagen (Gura Ride) Transit Station #56,Operational
4.8,"Ampersand E-Motos, Spiro Commando, Electric Motorbikes",Battery Swapping (DC),"-2.16223, 29.32622",Rwanda,Western Province (Karongi),27,24/7,"Mobile Money (MTN, Airtel), Operator App",350 RWF per swap (Subscription plans available),Ampersand,Ampersand Kicukiro Sonatubes Swap,Operational
4.3,"BYD Atto 3, BYD Tang, Hyundai Ioniq 5, Tesla Model 3/Y, Audi e-tron",Combined DC Fast & AC Standard,"-1.95506, 30.09178",Rwanda,Kigali (Kicukiro),4,07:00 - 21:00,"Mobile Money (MTN, Airtel), Visa, Mastercard, App Wallet",450 RWF per kWh,Kabisa,Kabisa Main Hub #58,Operational
4.5,"Ampersand E-Motos, Spiro Commando, Electric Motorbikes",Battery Swapping (DC),"-1.93019, 30.06216",Rwanda,Kigali (Nyarugenge),17,24/7,"Mobile Money (MTN, Airtel), Operator App",350 RWF per swap (Subscription plans available),Ampersand,Ampersand Kimironko Moto Depot,Operational
4.3,"BYD K6 Electric Buses, Custom Commercial Fleet Vehicles",DC Fast Charger (GB/T),"-1.96773, 30.09674",Rwanda,Kigali (Kicukiro),3,07:00 - 21:00,"Mobile Money (MTN), BasiGo Fleet Card",500 RWF per kWh,BasiGo,BasiGo Fast Link #60,Operational
4.9,"BYD Atto 3, BYD Tang, Hyundai Ioniq 5, Tesla Model 3/Y, Audi e-tron",Combined DC Fast & AC Standard,"-1.95531, 30.04377",Rwanda,Kigali (Nyarugenge),3,24/7,"Mobile Money (MTN, Airtel), Visa, Mastercard, App Wallet",480 RWF per kWh,EVPlugin (EvP),EVPlugin (EvP) Express Point #61,Operational
4.2,"BYD Atto 3, BYD Tang, Hyundai Ioniq 5, Tesla Model 3/Y, Audi e-tron","DC Fast Charger (CCS2, GB/T)","-1.97679, 30.12475",Rwanda,Kigali (Kicukiro),2,07:00 - 21:00,"Mobile Money (MTN, Airtel), Visa, Mastercard, App Wallet",500 RWF per kWh,Kabisa,Kabisa Main Hub #62,Operational
4.2,"Ampersand E-Motos, Spiro Commando, Electric Motorbikes",Battery Swapping (DC),"-1.9463, 30.08645",Rwanda,Kigali (Gasabo),20,24/7,"Mobile Money (MTN, Airtel), Operator App",350 RWF per swap (Subscription plans available),Ampersand,Ampersand Gatsata Workshop Station,Operational
3.2,"BYD Atto 3, BYD Tang, Hyundai Ioniq 5, Tesla Model 3/Y, Audi e-tron",Combined DC Fast & AC Standard,"-1.9524, 30.41721",Rwanda,Eastern Province (Rwamagana),8,06:00 - 22:00,"Mobile Money (MTN, Airtel), Visa, Mastercard, App Wallet",450 RWF per kWh,EVPlugin (EvP),EVPlugin (EvP) Fast Link #64,Under Maintenance
4.8,"Ampersand E-Motos, Spiro Commando, Electric Motorbikes",Battery Swapping (DC),"-1.93415, 30.0485",Rwanda,Kigali (Nyarugenge),11,06:00 - 22:00,"Mobile Money (MTN, Airtel), Operator App",350 RWF per swap (Subscription plans available),Spiro,Spiro Regional Hub #65,Operational
4.2,"BYD K6 Electric Buses, Custom Commercial Fleet Vehicles",DC Fast Charger (GB/T),"-1.967, 30.42219",Rwanda,Eastern Province (Rwamagana),3,06:00 - 22:00,"Mobile Money (MTN), BasiGo Fleet Card",500 RWF per kWh,BasiGo,BasiGo Express Point #66,Operational
4.3,"BYD K6 Electric Buses, Custom Commercial Fleet Vehicles",DC Fast Charger (GB/T),"-2.59208, 29.75904",Rwanda,Southern Province (Huye),4,06:00 - 22:00,"Mobile Money (MTN), BasiGo Fleet Card",500 RWF per kWh,BasiGo,BasiGo Community Charger #67,Operational
4.8,"BYD Atto 3, BYD Tang, Hyundai Ioniq 5, Tesla Model 3/Y, Audi e-tron","DC Fast Charger (CCS2, GB/T)","-1.4829, 29.64512",Rwanda,Northern Province (Musanze),3,06:00 - 22:00,"Mobile Money (MTN, Airtel), Visa, Mastercard, App Wallet",480 RWF per kWh,EVPlugin (EvP),EVPlugin (EvP) Smart Charge #68,Operational
4.3,"Ampersand E-Motos, Spiro Commando, Electric Motorbikes",Battery Swapping (DC),"-1.97793, 30.11281",Rwanda,Kigali (Kicukiro),29,24/7,"Mobile Money (MTN, Airtel), Operator App",350 RWF per swap (Subscription plans available),Ampersand,Ampersand Kigali Free Zone Swap,Operational
4.1,"BYD Atto 3, BYD Tang, Hyundai Ioniq 5, Tesla Model 3/Y, Audi e-tron","DC Fast Charger (CCS2, GB/T)","-2.58303, 29.72735",Rwanda,Southern Province (Huye),3,24/7,"Mobile Money (MTN, Airtel), Visa, Mastercard, App Wallet",500 RWF per kWh,EVPlugin (EvP),EVPlugin (EvP) Express Point #70,Operational
4.6,"BYD Atto 3, BYD Tang, Hyundai Ioniq 5, Tesla Model 3/Y, Audi e-tron",Combined DC Fast & AC Standard,"-1.70555, 29.25092",Rwanda,Western Province (Rubavu),7,07:00 - 21:00,"Mobile Money (MTN, Airtel), Visa, Mastercard, App Wallet",480 RWF per kWh,Kabisa,Kabisa Express Point #71,Operational
4.8,"BYD Atto 3, BYD Tang, Hyundai Ioniq 5, Tesla Model 3/Y, Audi e-tron",AC Standard (Type 2),"-1.94733, 30.07573",Rwanda,Kigali (Nyarugenge),3,24/7,"Mobile Money (MTN, Airtel), Visa, Mastercard, App Wallet",450 RWF per kWh,Kabisa,Kabisa Express Point #72,Operational
4.4,"VW e-Golf, VW ID.3, VW ID.4 (Corporate Fleet Only)",DC Fast (CCS2) & AC Standard (Type 2),"-1.51947, 29.62751",Rwanda,Northern Province (Musanze),4,24/7,"Corporate Account, VW RFID Card",Restricted / Corporate Contract Rates,Volkswagen (Gura Ride),Volkswagen (Gura Ride) Regional Hub #73,Operational
4.3,"BYD Atto 3, BYD Tang, Hyundai Ioniq 5, Tesla Model 3/Y, Audi e-tron","DC Fast Charger (CCS2, GB/T)","-1.50917, 29.62257",Rwanda,Northern Province (Musanze),2,24/7,"Mobile Money (MTN, Airtel), Visa, Mastercard, App Wallet",500 RWF per kWh,EVPlugin (EvP),EVPlugin (EvP) Smart Charge #74,Operational
4.9,"BYD Atto 3, BYD Tang, Hyundai Ioniq 5, Tesla Model 3/Y, Audi e-tron",Combined DC Fast & AC Standard,"-2.14748, 29.3529",Rwanda,Western Province (Karongi),2,24/7,"Mobile Money (MTN, Airtel), Visa, Mastercard, App Wallet",450 RWF per kWh,Kabisa,Kabisa Transit Station #75,Operational
4.2,"VW e-Golf, VW ID.3, VW ID.4 (Corporate Fleet Only)",DC Fast (CCS2) & AC Standard (Type 2),"-2.14018, 29.33682",Rwanda,Western Province (Karongi),3,24/7,"Corporate Account, VW RFID Card",Restricted / Corporate Contract Rates,Volkswagen (Gura Ride),Volkswagen (Gura Ride) Eco Charge #76,Operational
4.8,"BYD K6 Electric Buses, Custom Commercial Fleet Vehicles",DC Fast Charger (GB/T),"-1.91955, 30.09292",Rwanda,Kigali (Gasabo),6,24/7,"Mobile Money (MTN), BasiGo Fleet Card",500 RWF per kWh,BasiGo,BasiGo Community Charger #77,Operational
3.5,"VW e-Golf, VW ID.3, VW ID.4 (Corporate Fleet Only)",DC Fast (CCS2) & AC Standard (Type 2),"-1.93716, 30.43474",Rwanda,Eastern Province (Rwamagana),4,07:00 - 21:00,"Corporate Account, VW RFID Card",Restricted / Corporate Contract Rates,Volkswagen (Gura Ride),Volkswagen (Gura Ride) Transit Station #78,Under Maintenance
4.8,"BYD Atto 3, BYD Tang, Hyundai Ioniq 5, Tesla Model 3/Y, Audi e-tron","DC Fast Charger (CCS2, GB/T)","-2.15762, 29.33184",Rwanda,Western Province (Karongi),2,24/7,"Mobile Money (MTN, Airtel), Visa, Mastercard, App Wallet",480 RWF per kWh,EVPlugin (EvP),EVPlugin (EvP) Regional Hub #79,Operational
4.5,"VW e-Golf, VW ID.3, VW ID.4 (Corporate Fleet Only)",DC Fast (CCS2) & AC Standard (Type 2),"-1.94845, 30.41168",Rwanda,Eastern Province (Rwamagana),4,07:00 - 21:00,"Corporate Account, VW RFID Card",Restricted / Corporate Contract Rates,Volkswagen (Gura Ride),Volkswagen (Gura Ride) Express Point #80,Operational
4.6,"BYD Atto 3, BYD Tang, Hyundai Ioniq 5, Tesla Model 3/Y, Audi e-tron",Combined DC Fast & AC Standard,"-1.9695, 30.05296",Rwanda,Kigali (Nyarugenge),8,24/7,"Mobile Money (MTN, Airtel), Visa, Mastercard, App Wallet",500 RWF per kWh,EVPlugin (EvP),EVPlugin (EvP) Express Point #81,Operational
4.4,"BYD K6 Electric Buses, Custom Commercial Fleet Vehicles",DC Fast Charger (GB/T),"-2.14563, 29.32909",Rwanda,Western Province (Karongi),3,07:00 - 21:00,"Mobile Money (MTN), BasiGo Fleet Card",500 RWF per kWh,BasiGo,BasiGo Community Charger #82,Operational
4.8,"Ampersand E-Motos, Spiro Commando, Electric Motorbikes",Battery Swapping (DC),"-1.9593, 30.06126",Rwanda,Kigali (Nyarugenge),21,07:00 - 21:00,"Mobile Money (MTN, Airtel), Operator App",350 RWF per swap (Subscription plans available),Spiro,Spiro Main Hub #83,Operational
3.4,"BYD Atto 3, BYD Tang, Hyundai Ioniq 5, Tesla Model 3/Y, Audi e-tron",AC Standard (Type 2),"-2.60774, 29.74424",Rwanda,Southern Province (Huye),8,07:00 - 21:00,"Mobile Money (MTN, Airtel), Visa, Mastercard, App Wallet",500 RWF per kWh,Kabisa,Kabisa Express Point #84,Under Maintenance
4.3,"BYD Atto 3, BYD Tang, Hyundai Ioniq 5, Tesla Model 3/Y, Audi e-tron","DC Fast Charger (CCS2, GB/T)","-2.08999, 29.75838",Rwanda,Southern Province (Muhanga),6,24/7,"Mobile Money (MTN, Airtel), Visa, Mastercard, App Wallet",500 RWF per kWh,EVPlugin (EvP),EVPlugin (EvP) Main Hub #85,Operational
4.6,"VW e-Golf, VW ID.3, VW ID.4 (Corporate Fleet Only)",DC Fast (CCS2) & AC Standard (Type 2),"-1.67347, 29.24778",Rwanda,Western Province (Rubavu),3,24/7,"Corporate Account, VW RFID Card",Restricted / Corporate Contract Rates,Volkswagen (Gura Ride),Volkswagen (Gura Ride) Smart Charge #86,Operational
4.6,"Ampersand E-Motos, Spiro Commando, Electric Motorbikes",Battery Swapping (DC),"-1.96731, 30.09643",Rwanda,Kigali (Kicukiro),20,06:00 - 22:00,"Mobile Money (MTN, Airtel), Operator App",350 RWF per swap (Subscription plans available),Spiro,Spiro Smart Charge #87,Operational
4.2,"VW e-Golf, VW ID.3, VW ID.4 (Corporate Fleet Only)",DC Fast (CCS2) & AC Standard (Type 2),"-2.0979, 29.74052",Rwanda,Southern Province (Muhanga),2,06:00 - 22:00,"Corporate Account, VW RFID Card",Restricted / Corporate Contract Rates,Volkswagen (Gura Ride),Volkswagen (Gura Ride) Community Charger #88,Operational
4.1,"BYD Atto 3, BYD Tang, Hyundai Ioniq 5, Tesla Model 3/Y, Audi e-tron","DC Fast Charger (CCS2, GB/T)","-2.07163, 29.74476",Rwanda,Southern Province (Muhanga),4,24/7,"Mobile Money (MTN, Airtel), Visa, Mastercard, App Wallet",500 RWF per kWh,Kabisa,Kabisa Eco Charge #89,Operational
4.5,"VW e-Golf, VW ID.3, VW ID.4 (Corporate Fleet Only)",DC Fast (CCS2) & AC Standard (Type 2),"-1.93001, 30.41301",Rwanda,Eastern Province (Rwamagana),3,07:00 - 21:00,"Corporate Account, VW RFID Card",Restricted / Corporate Contract Rates,Volkswagen (Gura Ride),Volkswagen (Gura Ride) Smart Charge #90,Operational
4.3,"BYD K6 Electric Buses, Custom Commercial Fleet Vehicles",DC Fast Charger (GB/T),"-1.69964, 29.26522",Rwanda,Western Province (Rubavu),3,24/7,"Mobile Money (MTN), BasiGo Fleet Card",500 RWF per kWh,BasiGo,BasiGo Transit Station #91,Operational
4.5,"Ampersand E-Motos, Spiro Commando, Electric Motorbikes",Battery Swapping (DC),"-1.92012, 30.08868",Rwanda,Kigali (Gasabo),26,07:00 - 21:00,"Mobile Money (MTN, Airtel), Operator App",350 RWF per swap (Subscription plans available),Ampersand,Ampersand Express Point #92,Operational
4.1,"Ampersand E-Motos, Spiro Commando, Electric Motorbikes",Battery Swapping (DC),"-1.92916, 30.09373",Rwanda,Kigali (Gasabo),27,24/7,"Mobile Money (MTN, Airtel), Operator App",350 RWF per swap (Subscription plans available),Spiro,Spiro Fast Link #93,Operational
4.8,"Ampersand E-Motos, Spiro Commando, Electric Motorbikes",Battery Swapping (DC),"-1.93001, 30.07689",Rwanda,Kigali (Nyarugenge),12,06:00 - 22:00,"Mobile Money (MTN, Airtel), Operator App",350 RWF per swap (Subscription plans available),Spiro,Spiro Express Point #94,Operational
4.5,"BYD Atto 3, BYD Tang, Hyundai Ioniq 5, Tesla Model 3/Y, Audi e-tron",AC Standard (Type 2),"-1.70088, 29.26029",Rwanda,Western Province (Rubavu),6,24/7,"Mobile Money (MTN, Airtel), Visa, Mastercard, App Wallet",500 RWF per kWh,Kabisa,Kabisa Main Hub #95,Operational
4.5,"BYD Atto 3, BYD Tang, Hyundai Ioniq 5, Tesla Model 3/Y, Audi e-tron","DC Fast Charger (CCS2, GB/T)","-1.51286, 29.6127",Rwanda,Northern Province (Musanze),8,24/7,"Mobile Money (MTN, Airtel), Visa, Mastercard, App Wallet",500 RWF per kWh,EVPlugin (EvP),EVPlugin (EvP) Regional Hub #96,Operational
4.0,"BYD Atto 3, BYD Tang, Hyundai Ioniq 5, Tesla Model 3/Y, Audi e-tron",Combined DC Fast & AC Standard,"-1.49312, 29.62953",Rwanda,Northern Province (Musanze),2,24/7,"Mobile Money (MTN, Airtel), Visa, Mastercard, App Wallet",480 RWF per kWh,EVPlugin (EvP),EVPlugin (EvP) Transit Station #97,Operational
4.1,"Ampersand E-Motos, Spiro Commando, Electric Motorbikes",Battery Swapping (DC),"-1.96436, 30.07068",Rwanda,Kigali (Nyarugenge),17,24/7,"Mobile Money (MTN, Airtel), Operator App",350 RWF per swap (Subscription plans available),Spiro,Spiro Express Point #98,Operational
4.6,"BYD Atto 3, BYD Tang, Hyundai Ioniq 5, Tesla Model 3/Y, Audi e-tron",Combined DC Fast & AC Standard,"-1.93207, 30.41442",Rwanda,Eastern Province (Rwamagana),8,24/7,"Mobile Money (MTN, Airtel), Visa, Mastercard, App Wallet",480 RWF per kWh,EVPlugin (EvP),EVPlugin (EvP) Community Charger #99,Operational
4.2,"Ampersand E-Motos, Spiro Commando, Electric Motorbikes",Battery Swapping (DC),"-1.98931, 30.10896",Rwanda,Kigali (Kicukiro),18,24/7,"Mobile Money (MTN, Airtel), Operator App",350 RWF per swap (Subscription plans available),Ampersand,Ampersand Community Charger #100,Operational
4.4,"BYD Atto 3, BYD Tang, Hyundai Ioniq 5, Tesla Model 3/Y, Audi e-tron","DC Fast Charger (CCS2, GB/T)","-1.93749, 30.42034",Rwanda,Eastern Province (Rwamagana),4,06:00 - 22:00,"Mobile Money (MTN, Airtel), Visa, Mastercard, App Wallet",450 RWF per kWh,Kabisa,Kabisa Community Charger #101,Operational
4.7,"BYD Atto 3, BYD Tang, Hyundai Ioniq 5, Tesla Model 3/Y, Audi e-tron",Combined DC Fast & AC Standard,"-2.09141, 29.73631",Rwanda,Southern Province (Muhanga),4,24/7,"Mobile Money (MTN, Airtel), Visa, Mastercard, App Wallet",500 RWF per kWh,Kabisa,Kabisa Regional Hub #102,Operational
4.6,"Ampersand E-Motos, Spiro Commando, Electric Motorbikes",Battery Swapping (DC),"-1.94627, 30.05018",Rwanda,Kigali (Nyarugenge),11,24/7,"Mobile Money (MTN, Airtel), Operator App",350 RWF per swap (Subscription plans available),Spiro,Spiro Regional Hub #103,Operational
3.9,"BYD Atto 3, BYD Tang, Hyundai Ioniq 5, Tesla Model 3/Y, Audi e-tron",Combined DC Fast & AC Standard,"-1.94844, 30.09927",Rwanda,Kigali (Gasabo),4,24/7,"Mobile Money (MTN, Airtel), Visa, Mastercard, App Wallet",450 RWF per kWh,Kabisa,Kabisa Regional Hub #104,Under Maintenance
4.1,"BYD K6 Electric Buses, Custom Commercial Fleet Vehicles",DC Fast Charger (GB/T),"-2.14261, 29.33181",Rwanda,Western Province (Karongi),4,07:00 - 21:00,"Mobile Money (MTN), BasiGo Fleet Card",500 RWF per kWh,BasiGo,BasiGo Smart Charge #105,Operational
4.3,"BYD K6 Electric Buses, Custom Commercial Fleet Vehicles",DC Fast Charger (GB/T),"-2.09273, 29.76936",Rwanda,Southern Province (Muhanga),3,07:00 - 21:00,"Mobile Money (MTN), BasiGo Fleet Card",500 RWF per kWh,BasiGo,BasiGo Regional Hub #106,Operational
4.1,"BYD Atto 3, BYD Tang, Hyundai Ioniq 5, Tesla Model 3/Y, Audi e-tron","DC Fast Charger (CCS2, GB/T)","-1.96802, 30.12309",Rwanda,Kigali (Kicukiro),7,06:00 - 22:00,"Mobile Money (MTN, Airtel), Visa, Mastercard, App Wallet",500 RWF per kWh,Kabisa,Kabisa Smart Charge #107,Operational
3.9,"Ampersand E-Motos, Spiro Commando, Electric Motorbikes",Battery Swapping (DC),"-1.94657, 30.07275",Rwanda,Kigali (Nyarugenge),11,24/7,"Mobile Money (MTN, Airtel), Operator App",350 RWF per swap (Subscription plans available),Spiro,Spiro Community Charger #108,Under Maintenance
4.1,"VW e-Golf, VW ID.3, VW ID.4 (Corporate Fleet Only)",DC Fast (CCS2) & AC Standard (Type 2),"-2.16005, 29.35421",Rwanda,Western Province (Karongi),3,24/7,"Corporate Account, VW RFID Card",Restricted / Corporate Contract Rates,Volkswagen (Gura Ride),Volkswagen (Gura Ride) Regional Hub #109,Operational
3.6,"BYD Atto 3, BYD Tang, Hyundai Ioniq 5, Tesla Model 3/Y, Audi e-tron","DC Fast Charger (CCS2, GB/T)","-1.70078, 29.25677",Rwanda,Western Province (Rubavu),6,06:00 - 22:00,"Mobile Money (MTN, Airtel), Visa, Mastercard, App Wallet",500 RWF per kWh,Kabisa,Kabisa Fast Link #110,Under Maintenance
3.7,"VW e-Golf, VW ID.3, VW ID.4 (Corporate Fleet Only)",DC Fast (CCS2) & AC Standard (Type 2),"-1.93626, 30.41051",Rwanda,Eastern Province (Rwamagana),2,24/7,"Corporate Account, VW RFID Card",Restricted / Corporate Contract Rates,Volkswagen (Gura Ride),Volkswagen (Gura Ride) Regional Hub #111,Under Maintenance
4.7,"Ampersand E-Motos, Spiro Commando, Electric Motorbikes",Battery Swapping (DC),"-1.92715, 30.09041",Rwanda,Kigali (Gasabo),10,07:00 - 21:00,"Mobile Money (MTN, Airtel), Operator App",350 RWF per swap (Subscription plans available),Spiro,Spiro Main Hub #112,Operational
4.1,"BYD K6 Electric Buses, Custom Commercial Fleet Vehicles",DC Fast Charger (GB/T),"-1.91899, 30.08901",Rwanda,Kigali (Gasabo),5,24/7,"Mobile Money (MTN), BasiGo Fleet Card",500 RWF per kWh,BasiGo,BasiGo Fast Link #113,Operational
4.2,"Ampersand E-Motos, Spiro Commando, Electric Motorbikes",Battery Swapping (DC),"-1.93089, 30.06773",Rwanda,Kigali (Nyarugenge),26,24/7,"Mobile Money (MTN, Airtel), Operator App",350 RWF per swap (Subscription plans available),Spiro,Spiro Transit Station #114,Operational
4.3,"Ampersand E-Motos, Spiro Commando, Electric Motorbikes",Battery Swapping (DC),"-1.96518, 30.10735",Rwanda,Kigali (Kicukiro),23,24/7,"Mobile Money (MTN, Airtel), Operator App",350 RWF per swap (Subscription plans available),Ampersand,Ampersand Eco Charge #115,Operational
3.3,"BYD K6 Electric Buses, Custom Commercial Fleet Vehicles",DC Fast Charger (GB/T),"-2.59277, 29.74249",Rwanda,Southern Province (Huye),3,06:00 - 22:00,"Mobile Money (MTN), BasiGo Fleet Card",500 RWF per kWh,BasiGo,BasiGo Main Hub #116,Under Maintenance
4.7,"BYD Atto 3, BYD Tang, Hyundai Ioniq 5, Tesla Model 3/Y, Audi e-tron",Combined DC Fast & AC Standard,"-1.94656, 30.07408",Rwanda,Kigali (Nyarugenge),7,24/7,"Mobile Money (MTN, Airtel), Visa, Mastercard, App Wallet",500 RWF per kWh,EVPlugin (EvP),EVPlugin (EvP) Community Charger #117,Operational
4.1,"Ampersand E-Motos, Spiro Commando, Electric Motorbikes",Battery Swapping (DC),"-2.15691, 29.34162",Rwanda,Western Province (Karongi),15,24/7,"Mobile Money (MTN, Airtel), Operator App",350 RWF per swap (Subscription plans available),Spiro,Spiro Smart Charge #118,Operational
4.4,"BYD K6 Electric Buses, Custom Commercial Fleet Vehicles",DC Fast Charger (GB/T),"-2.17123, 29.3431",Rwanda,Western Province (Karongi),4,07:00 - 21:00,"Mobile Money (MTN), BasiGo Fleet Card",500 RWF per kWh,BasiGo,BasiGo Community Charger #119,Operational
3.4,"Ampersand E-Motos, Spiro Commando, Electric Motorbikes",Battery Swapping (DC),"-1.94329, 30.05103",Rwanda,Kigali (Nyarugenge),11,24/7,"Mobile Money (MTN, Airtel), Operator App",350 RWF per swap (Subscription plans available),Spiro,Spiro Regional Hub #120,Under Maintenance
4.8,"VW e-Golf, VW ID.3, VW ID.4 (Corporate Fleet Only)",DC Fast (CCS2) & AC Standard (Type 2),"-1.95329, 30.10936",Rwanda,Kigali (Gasabo),2,06:00 - 22:00,"Corporate Account, VW RFID Card",Restricted / Corporate Contract Rates,Volkswagen (Gura Ride),Volkswagen (Gura Ride) Main Hub #121,Operational
4.3,"VW e-Golf, VW ID.3, VW ID.4 (Corporate Fleet Only)",DC Fast (CCS2) & AC Standard (Type 2),"-1.50357, 29.61813",Rwanda,Northern Province (Musanze),4,24/7,"Corporate Account, VW RFID Card",Restricted / Corporate Contract Rates,Volkswagen (Gura Ride),Volkswagen (Gura Ride) Main Hub #122,Operational
4.4,"BYD Atto 3, BYD Tang, Hyundai Ioniq 5, Tesla Model 3/Y, Audi e-tron",AC Standard (Type 2),"-1.69387, 29.24868",Rwanda,Western Province (Rubavu),7,24/7,"Mobile Money (MTN, Airtel), Visa, Mastercard, App Wallet",480 RWF per kWh,Kabisa,Kabisa Main Hub #123,Operational
4.5,"BYD K6 Electric Buses, Custom Commercial Fleet Vehicles",DC Fast Charger (GB/T),"-1.95701, 30.43664",Rwanda,Eastern Province (Rwamagana),3,06:00 - 22:00,"Mobile Money (MTN), BasiGo Fleet Card",500 RWF per kWh,BasiGo,BasiGo Transit Station #124,Operational
4.8,"BYD Atto 3, BYD Tang, Hyundai Ioniq 5, Tesla Model 3/Y, Audi e-tron","DC Fast Charger (CCS2, GB/T)","-1.95467, 30.09394",Rwanda,Kigali (Gasabo),6,24/7,"Mobile Money (MTN, Airtel), Visa, Mastercard, App Wallet",500 RWF per kWh,Kabisa,Kabisa Smart Charge #125,Operational
4.5,"BYD Atto 3, BYD Tang, Hyundai Ioniq 5, Tesla Model 3/Y, Audi e-tron","DC Fast Charger (CCS2, GB/T)","-1.70969, 29.26857",Rwanda,Western Province (Rubavu),6,07:00 - 21:00,"Mobile Money (MTN, Airtel), Visa, Mastercard, App Wallet",500 RWF per kWh,Kabisa,Kabisa Fast Link #126,Operational
4.6,"BYD K6 Electric Buses, Custom Commercial Fleet Vehicles",DC Fast Charger (GB/T),"-2.14714, 29.32839",Rwanda,Western Province (Karongi),6,24/7,"Mobile Money (MTN), BasiGo Fleet Card",500 RWF per kWh,BasiGo,BasiGo Regional Hub #127,Operational
4.4,"BYD K6 Electric Buses, Custom Commercial Fleet Vehicles",DC Fast Charger (GB/T),"-1.95272, 30.42576",Rwanda,Eastern Province (Rwamagana),5,24/7,"Mobile Money (MTN), BasiGo Fleet Card",500 RWF per kWh,BasiGo,BasiGo Smart Charge #128,Operational
4.2,"Ampersand E-Motos, Spiro Commando, Electric Motorbikes",Battery Swapping (DC),"-1.48077, 29.61148",Rwanda,Northern Province (Musanze),16,24/7,"Mobile Money (MTN, Airtel), Operator App",350 RWF per swap (Subscription plans available),Ampersand,Ampersand Community Charger #129,Operational
4.8,"Ampersand E-Motos, Spiro Commando, Electric Motorbikes",Battery Swapping (DC),"-1.95503, 30.06965",Rwanda,Kigali (Nyarugenge),27,06:00 - 22:00,"Mobile Money (MTN, Airtel), Operator App",350 RWF per swap (Subscription plans available),Spiro,Spiro Main Hub #130,Operational
4.4,"Ampersand E-Motos, Spiro Commando, Electric Motorbikes",Battery Swapping (DC),"-1.95154, 30.07349",Rwanda,Kigali (Nyarugenge),12,06:00 - 22:00,"Mobile Money (MTN, Airtel), Operator App",350 RWF per swap (Subscription plans available),Ampersand,Ampersand Community Charger #131,Operational
4.1,"VW e-Golf, VW ID.3, VW ID.4 (Corporate Fleet Only)",DC Fast (CCS2) & AC Standard (Type 2),"-2.09332, 29.75086",Rwanda,Southern Province (Muhanga),4,24/7,"Corporate Account, VW RFID Card",Restricted / Corporate Contract Rates,Volkswagen (Gura Ride),Volkswagen (Gura Ride) Smart Charge #132,Operational
4.5,"VW e-Golf, VW ID.3, VW ID.4 (Corporate Fleet Only)",DC Fast (CCS2) & AC Standard (Type 2),"-1.94617, 30.04133",Rwanda,Kigali (Nyarugenge),3,24/7,"Corporate Account, VW RFID Card",Restricted / Corporate Contract Rates,Volkswagen (Gura Ride),Volkswagen (Gura Ride) Transit Station #133,Operational
4.3,"VW e-Golf, VW ID.3, VW ID.4 (Corporate Fleet Only)",DC Fast (CCS2) & AC Standard (Type 2),"-1.98995, 30.12722",Rwanda,Kigali (Kicukiro),4,24/7,"Corporate Account, VW RFID Card",Restricted / Corporate Contract Rates,Volkswagen (Gura Ride),Volkswagen (Gura Ride) Eco Charge #134,Operational
4.5,"BYD K6 Electric Buses, Custom Commercial Fleet Vehicles",DC Fast Charger (GB/T),"-1.96703, 30.04556",Rwanda,Kigali (Nyarugenge),4,06:00 - 22:00,"Mobile Money (MTN), BasiGo Fleet Card",500 RWF per kWh,BasiGo,BasiGo Community Charger #135,Operational
4.7,"Ampersand E-Motos, Spiro Commando, Electric Motorbikes",Battery Swapping (DC),"-1.96843, 30.07211",Rwanda,Kigali (Nyarugenge),26,24/7,"Mobile Money (MTN, Airtel), Operator App",350 RWF per swap (Subscription plans available),Spiro,Spiro Transit Station #136,Operational
4.6,"VW e-Golf, VW ID.3, VW ID.4 (Corporate Fleet Only)",DC Fast (CCS2) & AC Standard (Type 2),"-1.70902, 29.24646",Rwanda,Western Province (Rubavu),3,24/7,"Corporate Account, VW RFID Card",Restricted / Corporate Contract Rates,Volkswagen (Gura Ride),Volkswagen (Gura Ride) Fast Link #137,Operational
4.5,"VW e-Golf, VW ID.3, VW ID.4 (Corporate Fleet Only)",DC Fast (CCS2) & AC Standard (Type 2),"-2.60589, 29.746",Rwanda,Southern Province (Huye),2,24/7,"Corporate Account, VW RFID Card",Restricted / Corporate Contract Rates,Volkswagen (Gura Ride),Volkswagen (Gura Ride) Express Point #138,Operational
4.2,"BYD Atto 3, BYD Tang, Hyundai Ioniq 5, Tesla Model 3/Y, Audi e-tron","DC Fast Charger (CCS2, GB/T)","-1.93461, 30.42613",Rwanda,Eastern Province (Rwamagana),3,24/7,"Mobile Money (MTN, Airtel), Visa, Mastercard, App Wallet",500 RWF per kWh,Kabisa,Kabisa Transit Station #139,Operational
4.8,"Ampersand E-Motos, Spiro Commando, Electric Motorbikes",Battery Swapping (DC),"-1.94309, 30.07643",Rwanda,Kigali (Nyarugenge),11,24/7,"Mobile Money (MTN, Airtel), Operator App",350 RWF per swap (Subscription plans available),Spiro,Spiro Community Charger #140,Operational
4.5,"BYD K6 Electric Buses, Custom Commercial Fleet Vehicles",DC Fast Charger (GB/T),"-2.15847, 29.32314",Rwanda,Western Province (Karongi),3,24/7,"Mobile Money (MTN), BasiGo Fleet Card",500 RWF per kWh,BasiGo,BasiGo Smart Charge #141,Operational
4.3,"VW e-Golf, VW ID.3, VW ID.4 (Corporate Fleet Only)",DC Fast (CCS2) & AC Standard (Type 2),"-2.07539, 29.73066",Rwanda,Southern Province (Muhanga),4,24/7,"Corporate Account, VW RFID Card",Restricted / Corporate Contract Rates,Volkswagen (Gura Ride),Volkswagen (Gura Ride) Express Point #142,Operational
4.5,"BYD K6 Electric Buses, Custom Commercial Fleet Vehicles",DC Fast Charger (GB/T),"-1.98856, 30.10195",Rwanda,Kigali (Kicukiro),5,06:00 - 22:00,"Mobile Money (MTN), BasiGo Fleet Card",500 RWF per kWh,BasiGo,BasiGo Smart Charge #143,Operational
4.3,"BYD K6 Electric Buses, Custom Commercial Fleet Vehicles",DC Fast Charger (GB/T),"-1.95603, 30.10618",Rwanda,Kigali (Kicukiro),5,07:00 - 21:00,"Mobile Money (MTN), BasiGo Fleet Card",500 RWF per kWh,BasiGo,BasiGo Regional Hub #144,Operational
4.0,"Ampersand E-Motos, Spiro Commando, Electric Motorbikes",Battery Swapping (DC),"-1.9507, 30.09891",Rwanda,Kigali (Kicukiro),28,06:00 - 22:00,"Mobile Money (MTN, Airtel), Operator App",350 RWF per swap (Subscription plans available),Spiro,Spiro Fast Link #145,Operational
3.2,"BYD Atto 3, BYD Tang, Hyundai Ioniq 5, Tesla Model 3/Y, Audi e-tron",AC Standard (Type 2),"-1.96928, 30.09527",Rwanda,Kigali (Kicukiro),6,06:00 - 22:00,"Mobile Money (MTN, Airtel), Visa, Mastercard, App Wallet",480 RWF per kWh,EVPlugin (EvP),EVPlugin (EvP) Main Hub #146,Under Maintenance
4.7,"BYD Atto 3, BYD Tang, Hyundai Ioniq 5, Tesla Model 3/Y, Audi e-tron",Combined DC Fast & AC Standard,"-1.95888, 30.44296",Rwanda,Eastern Province (Rwamagana),5,24/7,"Mobile Money (MTN, Airtel), Visa, Mastercard, App Wallet",480 RWF per kWh,Kabisa,Kabisa Smart Charge #147,Operational
4.8,"Ampersand E-Motos, Spiro Commando, Electric Motorbikes",Battery Swapping (DC),"-1.91756, 30.08177",Rwanda,Kigali (Gasabo),28,07:00 - 21:00,"Mobile Money (MTN, Airtel), Operator App",350 RWF per swap (Subscription plans available),Spiro,Spiro Smart Charge #148,Operational
4.9,"Ampersand E-Motos, Spiro Commando, Electric Motorbikes",Battery Swapping (DC),"-1.92307, 30.08712",Rwanda,Kigali (Gasabo),15,07:00 - 21:00,"Mobile Money (MTN, Airtel), Operator App",350 RWF per swap (Subscription plans available),Ampersand,Ampersand Community Charger #149,Operational
4.6,"Ampersand E-Motos, Spiro Commando, Electric Motorbikes",Battery Swapping (DC),"-1.95136, 30.10578",Rwanda,Kigali (Gasabo),23,24/7,"Mobile Money (MTN, Airtel), Operator App",350 RWF per swap (Subscription plans available),Spiro,Spiro Transit Station #150,Operational
4.5,"BYD K6 Electric Buses, Custom Commercial Fleet Vehicles",DC Fast Charger (GB/T),"-1.94661, 30.42039",Rwanda,Eastern Province (Rwamagana),5,07:00 - 21:00,"Mobile Money (MTN), BasiGo Fleet Card",500 RWF per kWh,BasiGo,BasiGo Community Charger #151,Operational
4.4,"BYD Atto 3, BYD Tang, Hyundai Ioniq 5, Tesla Model 3/Y, Audi e-tron",AC Standard (Type 2),"-1.93305, 30.42302",Rwanda,Eastern Province (Rwamagana),6,24/7,"Mobile Money (MTN, Airtel), Visa, Mastercard, App Wallet",480 RWF per kWh,EVPlugin (EvP),EVPlugin (EvP) Express Point #152,Operational
4.7,"VW e-Golf, VW ID.3, VW ID.4 (Corporate Fleet Only)",DC Fast (CCS2) & AC Standard (Type 2),"-2.14001, 29.3344",Rwanda,Western Province (Karongi),3,06:00 - 22:00,"Corporate Account, VW RFID Card",Restricted / Corporate Contract Rates,Volkswagen (Gura Ride),Volkswagen (Gura Ride) Community Charger #153,Operational
4.4,"BYD K6 Electric Buses, Custom Commercial Fleet Vehicles",DC Fast Charger (GB/T),"-2.60443, 29.74846",Rwanda,Southern Province (Huye),3,24/7,"Mobile Money (MTN), BasiGo Fleet Card",500 RWF per kWh,BasiGo,BasiGo Transit Station #154,Operational
3.9,"BYD Atto 3, BYD Tang, Hyundai Ioniq 5, Tesla Model 3/Y, Audi e-tron","DC Fast Charger (CCS2, GB/T)","-1.96829, 30.11052",Rwanda,Kigali (Kicukiro),5,24/7,"Mobile Money (MTN, Airtel), Visa, Mastercard, App Wallet",500 RWF per kWh,EVPlugin (EvP),EVPlugin (EvP) Express Point #155,Under Maintenance
4.2,"Ampersand E-Motos, Spiro Commando, Electric Motorbikes",Battery Swapping (DC),"-1.95495, 30.07147",Rwanda,Kigali (Gasabo),22,06:00 - 22:00,"Mobile Money (MTN, Airtel), Operator App",350 RWF per swap (Subscription plans available),Spiro,Spiro Fast Link #156,Operational
4.0,"BYD Atto 3, BYD Tang, Hyundai Ioniq 5, Tesla Model 3/Y, Audi e-tron",AC Standard (Type 2),"-1.9445, 30.093",Rwanda,Kigali (Gasabo),7,24/7,"Mobile Money (MTN, Airtel), Visa, Mastercard, App Wallet",480 RWF per kWh,Kabisa,Kabisa Smart Charge #157,Operational
4.7,"BYD Atto 3, BYD Tang, Hyundai Ioniq 5, Tesla Model 3/Y, Audi e-tron",AC Standard (Type 2),"-1.9513, 30.08753",Rwanda,Kigali (Gasabo),6,06:00 - 22:00,"Mobile Money (MTN, Airtel), Visa, Mastercard, App Wallet",500 RWF per kWh,Kabisa,Kabisa Fast Link #158,Operational
4.6,"BYD K6 Electric Buses, Custom Commercial Fleet Vehicles",DC Fast Charger (GB/T),"-1.69903, 29.2711",Rwanda,Western Province (Rubavu),6,24/7,"Mobile Money (MTN), BasiGo Fleet Card",500 RWF per kWh,BasiGo,BasiGo Main Hub #159,Operational
4.9,"BYD K6 Electric Buses, Custom Commercial Fleet Vehicles",DC Fast Charger (GB/T),"-2.1672, 29.35326",Rwanda,Western Province (Karongi),2,07:00 - 21:00,"Mobile Money (MTN), BasiGo Fleet Card",500 RWF per kWh,BasiGo,BasiGo Main Hub #160,Operational
4.2,"VW e-Golf, VW ID.3, VW ID.4 (Corporate Fleet Only)",DC Fast (CCS2) & AC Standard (Type 2),"-2.60777, 29.73168",Rwanda,Southern Province (Huye),3,24/7,"Corporate Account, VW RFID Card",Restricted / Corporate Contract Rates,Volkswagen (Gura Ride),Volkswagen (Gura Ride) Regional Hub #161,Operational
4.6,"BYD K6 Electric Buses, Custom Commercial Fleet Vehicles",DC Fast Charger (GB/T),"-1.95698, 30.10544",Rwanda,Kigali (Kicukiro),5,06:00 - 22:00,"Mobile Money (MTN), BasiGo Fleet Card",500 RWF per kWh,BasiGo,BasiGo Eco Charge #162,Operational
4.3,"BYD Atto 3, BYD Tang, Hyundai Ioniq 5, Tesla Model 3/Y, Audi e-tron",AC Standard (Type 2),"-2.16484, 29.34968",Rwanda,Western Province (Karongi),7,06:00 - 22:00,"Mobile Money (MTN, Airtel), Visa, Mastercard, App Wallet",450 RWF per kWh,EVPlugin (EvP),EVPlugin (EvP) Smart Charge #163,Operational
4.2,"BYD Atto 3, BYD Tang, Hyundai Ioniq 5, Tesla Model 3/Y, Audi e-tron",Combined DC Fast & AC Standard,"-1.94308, 30.05198",Rwanda,Kigali (Nyarugenge),5,24/7,"Mobile Money (MTN, Airtel), Visa, Mastercard, App Wallet",450 RWF per kWh,Kabisa,Kabisa Transit Station #164,Operational
4.3,"BYD Atto 3, BYD Tang, Hyundai Ioniq 5, Tesla Model 3/Y, Audi e-tron","DC Fast Charger (CCS2, GB/T)","-1.95442, 30.09077",Rwanda,Kigali (Gasabo),6,06:00 - 22:00,"Mobile Money (MTN, Airtel), Visa, Mastercard, App Wallet",480 RWF per kWh,Kabisa,Kabisa Smart Charge #165,Operational
4.7,"VW e-Golf, VW ID.3, VW ID.4 (Corporate Fleet Only)",DC Fast (CCS2) & AC Standard (Type 2),"-1.94886, 30.06497",Rwanda,Kigali (Nyarugenge),4,07:00 - 21:00,"Corporate Account, VW RFID Card",Restricted / Corporate Contract Rates,Volkswagen (Gura Ride),Volkswagen (Gura Ride) Express Point #166,Operational
3.3,"BYD Atto 3, BYD Tang, Hyundai Ioniq 5, Tesla Model 3/Y, Audi e-tron",Combined DC Fast & AC Standard,"-1.93878, 30.08555",Rwanda,Kigali (Gasabo),6,07:00 - 21:00,"Mobile Money (MTN, Airtel), Visa, Mastercard, App Wallet",450 RWF per kWh,EVPlugin (EvP),EVPlugin (EvP) Community Charger #167,Under Maintenance
4.0,"BYD K6 Electric Buses, Custom Commercial Fleet Vehicles",DC Fast Charger (GB/T),"-1.96588, 30.41226",Rwanda,Eastern Province (Rwamagana),2,07:00 - 21:00,"Mobile Money (MTN), BasiGo Fleet Card",500 RWF per kWh,BasiGo,BasiGo Fast Link #168,Operational
4.2,"Ampersand E-Motos, Spiro Commando, Electric Motorbikes",Battery Swapping (DC),"-1.97246, 30.11804",Rwanda,Kigali (Kicukiro),15,06:00 - 22:00,"Mobile Money (MTN, Airtel), Operator App",350 RWF per swap (Subscription plans available),Ampersand,Ampersand Transit Station #169,Operational
4.6,"Ampersand E-Motos, Spiro Commando, Electric Motorbikes",Battery Swapping (DC),"-1.9767, 30.12668",Rwanda,Kigali (Kicukiro),19,24/7,"Mobile Money (MTN, Airtel), Operator App",350 RWF per swap (Subscription plans available),Spiro,Spiro Regional Hub #170,Operational
4.7,"BYD K6 Electric Buses, Custom Commercial Fleet Vehicles",DC Fast Charger (GB/T),"-2.08261, 29.7436",Rwanda,Southern Province (Muhanga),2,06:00 - 22:00,"Mobile Money (MTN), BasiGo Fleet Card",500 RWF per kWh,BasiGo,BasiGo Community Charger #171,Operational
4.8,"VW e-Golf, VW ID.3, VW ID.4 (Corporate Fleet Only)",DC Fast (CCS2) & AC Standard (Type 2),"-2.06527, 29.75921",Rwanda,Southern Province (Muhanga),3,24/7,"Corporate Account, VW RFID Card",Restricted / Corporate Contract Rates,Volkswagen (Gura Ride),Volkswagen (Gura Ride) Transit Station #172,Operational
4.6,"Ampersand E-Motos, Spiro Commando, Electric Motorbikes",Battery Swapping (DC),"-2.60163, 29.75729",Rwanda,Southern Province (Huye),19,06:00 - 22:00,"Mobile Money (MTN, Airtel), Operator App",350 RWF per swap (Subscription plans available),Spiro,Spiro Eco Charge #173,Operational
4.4,"BYD Atto 3, BYD Tang, Hyundai Ioniq 5, Tesla Model 3/Y, Audi e-tron",Combined DC Fast & AC Standard,"-2.07486, 29.74414",Rwanda,Southern Province (Muhanga),7,06:00 - 22:00,"Mobile Money (MTN, Airtel), Visa, Mastercard, App Wallet",450 RWF per kWh,Kabisa,Kabisa Express Point #174,Operational
4.5,"VW e-Golf, VW ID.3, VW ID.4 (Corporate Fleet Only)",DC Fast (CCS2) & AC Standard (Type 2),"-2.17977, 29.32834",Rwanda,Western Province (Karongi),4,06:00 - 22:00,"Corporate Account, VW RFID Card",Restricted / Corporate Contract Rates,Volkswagen (Gura Ride),Volkswagen (Gura Ride) Eco Charge #175,Operational
4.4,"VW e-Golf, VW ID.3, VW ID.4 (Corporate Fleet Only)",DC Fast (CCS2) & AC Standard (Type 2),"-1.67307, 29.27531",Rwanda,Western Province (Rubavu),2,24/7,"Corporate Account, VW RFID Card",Restricted / Corporate Contract Rates,Volkswagen (Gura Ride),Volkswagen (Gura Ride) Transit Station #176,Operational
4.8,"VW e-Golf, VW ID.3, VW ID.4 (Corporate Fleet Only)",DC Fast (CCS2) & AC Standard (Type 2),"-1.95376, 30.08717",Rwanda,Kigali (Gasabo),2,06:00 - 22:00,"Corporate Account, VW RFID Card",Restricted / Corporate Contract Rates,Volkswagen (Gura Ride),Volkswagen (Gura Ride) Smart Charge #177,Operational
3.5,"BYD Atto 3, BYD Tang, Hyundai Ioniq 5, Tesla Model 3/Y, Audi e-tron","DC Fast Charger (CCS2, GB/T)","-1.96169, 30.44654",Rwanda,Eastern Province (Rwamagana),3,07:00 - 21:00,"Mobile Money (MTN, Airtel), Visa, Mastercard, App Wallet",480 RWF per kWh,EVPlugin (EvP),EVPlugin (EvP) Transit Station #178,Under Maintenance
4.1,"BYD Atto 3, BYD Tang, Hyundai Ioniq 5, Tesla Model 3/Y, Audi e-tron",Combined DC Fast & AC Standard,"-2.09365, 29.73973",Rwanda,Southern Province (Muhanga),5,24/7,"Mobile Money (MTN, Airtel), Visa, Mastercard, App Wallet",450 RWF per kWh,Kabisa,Kabisa Main Hub #179,Operational
4.9,"VW e-Golf, VW ID.3, VW ID.4 (Corporate Fleet Only)",DC Fast (CCS2) & AC Standard (Type 2),"-1.93271, 30.44152",Rwanda,Eastern Province (Rwamagana),3,07:00 - 21:00,"Corporate Account, VW RFID Card",Restricted / Corporate Contract Rates,Volkswagen (Gura Ride),Volkswagen (Gura Ride) Express Point #180,Operational
4.5,"Kiira EV, Nissan Leaf, BYD","DC Fast, AC Type 2, Battery Swap","0.3150, 32.5815",Uganda,Kampala Central,4,24/7,"Mobile Money, RFID","~1,000 - 1,500 UGX/kWh",Ministry of Energy / Spiro,Amber House Station,Operational
4.2,Universal Type 2 / CCS2 EVs,"DC Fast, AC Type 2","0.3122, 32.5794",Uganda,Kampala Central,2,24/7,"Mobile Money, Cash","~1,200 UGX/kWh",Spiro / Independent,Kampala Central Fast Charger,Operational
4.0,Type 2 compatible EVs,AC Type 2,"0.3345, 32.5878",Uganda,Kampala (Kololo),2,06:00 - 22:00,"Mobile Money, App",Varies / Subscription,Private / Fleet Shared,Acacia Avenue Station,Operational
4.3,Universal Type 2 EVs,AC Level 2,"0.3012, 32.5891",Uganda,Kampala (Nsambya),2,08:00 - 22:00,unknown,Free for patrons,Commercial Hub,Arena Mall Charging Point,Operational
4.1,"Spiro E-motorcycles, Select EVs","AC Level 2, Battery Swap","0.4055, 32.5402",Uganda,Wakiso / Kasowa,4,07:00 - 21:00,"Mobile Money, App",Swap tariff,Spiro,Kasowa EV Station,Operational
4.0,Electric Motorcycles (2-Wheelers),"AC Level 2, Battery Swap","0.4121, 32.7844",Uganda,Mukono / Nakifuma,4,07:00 - 20:00,Mobile Money,Per swap tariff,Spiro,Nakifuma EV Station,Operational
3.9,Electric Motorcycles,Battery Swap,"0.7021, 32.9011",Uganda,Kayunga,4,07:00 - 20:00,Mobile Money,Per swap tariff,Spiro,Kayunga EV Station,Operational
4.6,Electric Motorcycles,Battery Swap,"0.4244, 33.2041",Uganda,Jinja (Nizam Rd),4,24/7,"Mobile Money, RFID",Per swap tariff,Spiro,Jinja Hub,Operational
4.4,Zembo E-motorcycles,Solar Battery Swap,"0.3292, 32.5694",Uganda,Kampala (Gadafi Rd),4,06:00 - 22:00,"Mobile Money, Zembo Wallet","~4,000 - 5,000 UGX/swap",Zembo,Makerere Hub,Operational
4.2,Zembo E-motorcycles,Battery Swap,"0.2981, 32.5321",Uganda,Kampala (Nateete),4,06:00 - 22:00,Mobile Money,"~4,000 - 5,000 UGX/swap",Zembo,Nateete Hub,Operational
4.3,Spiro E-motorcycles,Battery Swap,"0.2451, 32.5592",Uganda,Wakiso (Lweza),4,06:00 - 22:00,Mobile Money,Per swap tariff,Spiro,Entebbe Road Hub,Operational
4.1,Spiro E-motorcycles,Battery Swap,"0.3090, 32.5732",Uganda,Kampala Central,4,06:00 - 21:00,Mobile Money,Per swap tariff,Spiro,Butikiro Road Hub,Operational
4.2,Spiro E-motorcycles,Battery Swap,"0.3642, 32.6105",Uganda,Kampala (Kulambiro),4,07:00 - 21:00,Mobile Money,Per swap tariff,Spiro,Kulambiro Hub,Operational
4.4,Spiro E-motorcycles,Battery Swap,"0.2810, 32.6201",Uganda,Kampala (Bunga),4,24/7,"Mobile Money, Card",Per swap tariff,Spiro,Oryx Energies Bunga Hub,Operational
4.0,Spiro E-motorcycles,Battery Swap,"0.3201, 32.5912",Uganda,Kampala Central,4,07:00 - 20:00,Mobile Money,Per swap tariff,Spiro,Magambo Road Hub,Operational
4.2,Spiro E-motorcycles,Battery Swap,"0.3215, 32.5412",Uganda,Kampala (Rubaga),4,06:00 - 22:00,Mobile Money,Per swap tariff,Spiro,Sentema Road Hub,Operational
4.1,Spiro E-motorcycles,Battery Swap,"0.3512, 32.5991",Uganda,Kampala,4,07:00 - 21:00,Mobile Money,Per swap tariff,Spiro,Waliggo Road Hub,Operational
4.0,Spiro E-motorcycles,Battery Swap,"0.3912, 32.6310",Uganda,Wakiso (Buwate),4,07:00 - 20:00,Mobile Money,Per swap tariff,Spiro,Buwate Road Hub,Operational
4.5,Spiro E-motorcycles,Battery Swap,"0.3391, 32.5955",Uganda,Kampala (Kira Rd),4,24/7,Mobile Money,Per swap tariff,Spiro,Kira Road Hub,Operational
4.3,Spiro E-motorcycles,Battery Swap,"0.3110, 32.5840",Uganda,Kampala Central,4,24/7,Mobile Money,Per swap tariff,Spiro,Mount Meru Fueling Hub,Operational
4.3,Zembo E-motorcycles,Battery Swap,"0.3372, 32.5884",Uganda,Kampala (Kamwokya),4,06:00 - 22:00,Mobile Money,"~4,500 UGX/swap",Zembo,Kamwokya Hub,Operational
4.1,Zembo E-motorcycles,Battery Swap,"0.4520, 32.5180",Uganda,Wakiso (Matugga),4,07:00 - 21:00,Mobile Money,"~4,500 UGX/swap",Zembo,Matugga Hub,Operational
4.1,Gogo E-bikes,Battery Swap,"0.8351, 32.4981",Uganda,Luwero,4,07:00 - 19:00,Mobile Money,Subscription based,Watu / Gogo,Watu & Gogo Swap Station,Operational
4.3,Mocoo E-motorcycles,Battery Swap,"0.3199, 32.4510",Uganda,Wakiso (Mityana Rd),4,06:30 - 21:30,"Mobile Money, Cash",Per swap tariff,Mocoo,Buloba Mocoo Station,Operational
4.2,Mocoo E-motorcycles,Battery Swap,"0.3470, 32.6321",Uganda,Kampala (Banda),4,06:00 - 22:00,Mobile Money,Per swap tariff,Mocoo,Kireka Mocoo Station,Operational
4.0,Mocoo E-motorcycles,Battery Swap,"0.5821, 32.5342",Uganda,Luwero (Bombo),4,07:00 - 20:00,Mobile Money,Per swap tariff,Mocoo,Bombo Mocoo Station,Operational
4.4,Zembo E-motorcycles,Battery Swap,"0.3540, 32.7485",Uganda,Mukono Central,4,06:00 - 22:00,Mobile Money,"~4,500 UGX/swap",Zembo,Mukono Town Hub,Operational
4.6,"Spiro E-motorcycles, Light EVs","Battery Swap, AC L2","0.0612, 32.4721",Uganda,Wakiso (Entebbe),4,24/7,Mobile Money,Per swap / tariff,Spiro,Entebbe Town Express Hub,Operational
3.8,Universal Type 2 EVs,AC Type 2,"-0.6120, 30.6550",Uganda,Mbarara Central,1,07:00 - 21:00,Mobile Money,Varies,Independent / Private,Mbarara Highway Station,Operational
4.2,Universal Type 2 EVs,AC Level 2,"0.3280, 32.6090",Uganda,Kampala (Lugogo),2,08:00 - 22:00,unknown,Free for patrons,Commercial Hub,Lugogo Mall Parking Station,Operational
4.0,Gogo E-bikes,Battery Swap,"1.3120, 32.4550",Uganda,Nakasongola,4,07:00 - 19:00,Mobile Money,Subscription,Gogo,Gulu Highway Swap Point,Operational
4.1,Spiro E-motorcycles,Battery Swap,"0.6091, 33.4792",Uganda,Iganga Central,4,07:00 - 20:00,Mobile Money,Per swap tariff,Spiro,Iganga Main Road Station,Operational
5.0,"Nissan Leaf, BYD Atto 3, Hyundai Ioniq, Universal Type 2 EVs",AC Type 2,"-6.7915, 39.2312",Tanzania,Dar es Salaam,2,24/7,"Mobile Money (M-Pesa, Tigo Pesa), Airtel Money","1,200 TZS/kWh",WAGA Motion Limited,WAGA Motion Charging Station – Sinza Afrika Sana,Operational
5.0,"BYD, Tesla (with adapter), Nissan Leaf, Audi e-tron","AC Type 2, DC Fast (CCS2)","-6.8162, 39.2843",Tanzania,Dar es Salaam,4,24/7,"Credit/Debit Card, Mobile Money","1,500 TZS/kWh",HASACOM,HASACOM Charging Station – India Street,Operational
4.7,"Nissan Leaf, BYD, Hyundai",AC Type 2,"-6.7845, 39.2638",Tanzania,Dar es Salaam,2,08:30 - 17:00 (Mon-Sat),"Mobile Money, WAGA App","1,200 TZS/kWh",WAGA Motion Limited,WAGA Motion HQ Hub – Morocco Square,Operational
4.8,"Universal Type 2 EVs, Electric Safari Vehicles",AC Type 2,"-6.1732, 35.7481",Tanzania,Dodoma,2,24/7,TANESCO Token / Mobile Money,Free Pilot Phase,TANESCO / Autel Energy,TANESCO Regional Headquarters Charging Hub,Operational
4.5,"Electric Safari Vehicles, BYD, Nissan Leaf","AC Type 2, DC Fast (Solar)","-3.3731, 36.6853",Tanzania,Arusha,2,24/7,Mobile Money,Free Pilot Phase,TANESCO / Autel Energy,TANESCO Regional Office Charging Station – Arusha,Operational
4.2,Universal Type 2 EVs,AC Type 2,"-6.8224, 37.6612",Tanzania,Morogoro,2,24/7,Mobile Money,Free Pilot Phase,TANESCO / Autel Energy,TANESCO Regional Office Charging Station – Morogoro,Operational
4.1,Universal Type 2 EVs,AC Type 2,"-2.5164, 32.9012",Tanzania,Mwanza,2,24/7,Mobile Money,Free Pilot Phase,TANESCO / Autel Energy,TANESCO Regional Office Charging Station – Mwanza,Operational
4.6,"Electric Safari Vehicles, Universal Type 2 EVs",AC Type 2,"-3.3349, 37.3404",Tanzania,Kilimanjaro (Moshi),2,24/7,Mobile Money,Free Pilot Phase,TANESCO / Autel Energy,TANESCO Regional Office Charging Station – Kilimanjaro,Operational
4.0,Universal Type 2 EVs,AC Type 2,"-5.0689, 39.0988",Tanzania,Tanga,2,24/7,Mobile Money,Free Pilot Phase,TANESCO / Autel Energy,TANESCO Regional Office Charging Station – Tanga,Operational
4.3,Universal Type 2 EVs,AC Type 2,"-8.9094, 33.4608",Tanzania,Mbeya,2,24/7,Mobile Money,Free Pilot Phase,TANESCO / Autel Energy,TANESCO Regional Office Charging Station – Mbeya,Operational
4.4,Universal Type 2 EVs,AC Type 2,"-7.7731, 35.6994",Tanzania,Iringa,2,24/7,Mobile Money,Free Pilot Phase,TANESCO / Autel Energy,TANESCO Regional Office Charging Station – Iringa,Operational
3.9,Universal Type 2 EVs,AC Type 2,"-5.0167, 32.8000",Tanzania,Tabora,2,24/7,Mobile Money,Free Pilot Phase,TANESCO / Autel Energy,TANESCO Regional Office Charging Station – Tabora,Operational
3.8,Universal Type 2 EVs,AC Type 2,"-4.8769, 29.6267",Tanzania,Kigoma,2,24/7,Mobile Money,Free Pilot Phase,TANESCO / Autel Energy,TANESCO Regional Office Charging Station – Kigoma,Operational
4.0,Universal Type 2 EVs,AC Type 2,"-3.6619, 33.4214",Tanzania,Shinyanga,2,24/7,Mobile Money,Free Pilot Phase,TANESCO / Autel Energy,TANESCO Regional Office Charging Station – Shinyanga,Operational
4.1,Universal Type 2 EVs,AC Type 2,"-1.3324, 31.8122",Tanzania,Kagera (Bukoba),2,24/7,Mobile Money,Free Pilot Phase,TANESCO / Autel Energy,TANESCO Regional Office Charging Station – Kagera,Operational
3.7,Universal Type 2 EVs,AC Type 2,"-1.5004, 33.8052",Tanzania,Mara (Musoma),2,24/7,Mobile Money,Free Pilot Phase,TANESCO / Autel Energy,TANESCO Regional Office Charging Station – Mara,Operational
4.5,"Electric Safari Vehicles, Universal Type 2 EVs",AC Type 2,"-4.2144, 35.7512",Tanzania,Manyara (Babati),2,24/7,Mobile Money,Free Pilot Phase,TANESCO / Autel Energy,TANESCO Regional Office Charging Station – Manyara,Operational
4.2,Universal Type 2 EVs,AC Type 2,"-4.8152, 34.7431",Tanzania,Singida,2,24/7,Mobile Money,Free Pilot Phase,TANESCO / Autel Energy,TANESCO Regional Office Charging Station – Singida,Operational
3.9,Universal Type 2 EVs,AC Type 2,"-9.9972, 39.7142",Tanzania,Lindi,2,24/7,Mobile Money,Free Pilot Phase,TANESCO / Autel Energy,TANESCO Regional Office Charging Station – Lindi,Operational
4.0,Universal Type 2 EVs,AC Type 2,"-10.2742, 40.1814",Tanzania,Mtwara,2,24/7,Mobile Money,Free Pilot Phase,TANESCO / Autel Energy,TANESCO Regional Office Charging Station – Mtwara,Operational
4.1,Universal Type 2 EVs,AC Type 2,"-6.7744, 38.9211",Tanzania,Pwani (Kibaha),2,24/7,Mobile Money,Free Pilot Phase,TANESCO / Autel Energy,TANESCO Regional Office Charging Station – Coast,Operational
4.2,Universal Type 2 EVs,AC Type 2,"-9.3333, 34.7667",Tanzania,Njombe,2,24/7,Mobile Money,Free Pilot Phase,TANESCO / Autel Energy,TANESCO Regional Office Charging Station – Njombe,Operational
3.6,Universal Type 2 EVs,AC Type 2,"-6.3421, 31.0664",Tanzania,Katavi (Mpanda),2,24/7,Mobile Money,Free Pilot Phase,TANESCO / Autel Energy,TANESCO Regional Office Charging Station – Katavi,Operational
4.0,Universal Type 2 EVs,AC Type 2,"-2.8724, 32.2341",Tanzania,Geita,2,24/7,Mobile Money,Free Pilot Phase,TANESCO / Autel Energy,TANESCO Regional Office Charging Station – Geita,Operational
3.5,Universal Type 2 EVs,AC Type 2,"-2.7944, 33.9872",Tanzania,Simiyu (Bariadi),2,24/7,Mobile Money,Free Pilot Phase,TANESCO / Autel Energy,TANESCO Regional Office Charging Station – Simiyu,Operational
3.8,Universal Type 2 EVs,AC Type 2,"-9.1124, 32.9341",Tanzania,Songwe (Vwawa),2,24/7,Mobile Money,Free Pilot Phase,TANESCO / Autel Energy,TANESCO Regional Office Charging Station – Songwe,Operational
4.1,Universal Type 2 EVs,AC Type 2,"-10.6833, 35.6500",Tanzania,Ruvuma (Songea),2,24/7,Mobile Money,Free Pilot Phase,TANESCO / Autel Energy,TANESCO Regional Office Charging Station – Ruvuma,Operational
1.0,Universal Type 2 EVs,AC Type 2,"-7.9541, 31.6214",Tanzania,Rukwa (Sumbawanga),20,06:00 - 22:00,"Cash, Mobile Money","1,100 TZS/kWh",Independent / Local Utility,Kaengesa Electric Vehicle Charging Station,Operational
4.6,Universal Type 2 EVs,AC Type 2,"-6.1554, 39.1922",Tanzania,Zanzibar (Unguja),2,24/7,"Mobile Money, ZECO Portal","1,400 TZS/kWh",Zanzibar Electricity Corporation,ZECO Head Office Charging Station – Malindi,Operational
4.2,Universal Type 2 EVs,AC Type 2,"-5.2442, 39.7681",Tanzania,Zanzibar (Pemba),2,24/7,Mobile Money,"1,400 TZS/kWh",Zanzibar Electricity Corporation,ZECO Regional Office Charging Station – Chake Chake,Operational
